review_id,service_key,service_name,reviewer_name,gender,reviewer_type,location,country,review_language,rating,review_content
REV0001,service:data-correction-islamabad-ict,Data Correction Islamabad ICT,Muhammad Usman,male,local,Pakistan,Pakistan,pakistani-english,5,"Bhai, what a service! I was so tensed about my car transfer because last time I spent three days running to excise office and came back empty hands. PakExcise team handled everything. Just sent my documents and within few days transfer was done. Very honest people, highly recommended."
REV0002,service:data-correction-islamabad-ict,Data Correction Islamabad ICT,Ahmed Raza,male,local,Pakistan,Pakistan,pakistani-english,5,"I purchased a second-hand Honda City and the previous owner was in another city. I was worried about transfer process but PakExcise made it so easy. They guided me step by step, told me exactly which documents to bring, and completed the transfer without any headache. Five stars without doubt."
REV0003,service:data-correction-islamabad-ict,Data Correction Islamabad ICT,Bilal Hassan,male,local,Pakistan,Pakistan,pakistani-english,4,Excellent work by PakExcise team. My vehicle transfer was stuck for almost one month when I tried on my own. Then my colleague told me about this service. Within ten days they resolved everything. The staff is very professional and keeps you updated through WhatsApp. Will use again for sure.
REV0004,service:data-correction-islamabad-ict,Data Correction Islamabad ICT,Kamran Iqbal,male,local,Pakistan,Pakistan,english-urdu-mix,5,Bhai kya baat hai is service ki! Main ne socha tha ke vehicle transfer mein hafte lag jainge aur hazaaron roope kharch honge. Lekin PakExcise ne bilkul aasaan kar diya. Documents bheje aur kuch dinon mein kaam ho gaya. Shukriya PakExcise team!
REV0005,service:data-correction-islamabad-ict,Data Correction Islamabad ICT,Ayesha Tariq,female,local,Pakistan,Pakistan,english-urdu-mix,5,Bohat acha service hai yaar. Mera motorcycle transfer Punjab se Islamabad karna tha jo ke khud karna mushkil tha. PakExcise ne sara kaam kar diya aur mujhe sirf ek dafa documents dene the. Aisi service chahiye hoti hai Pakistan mein. Bahut khush hoon.
REV0006,service:data-correction-islamabad-ict,Data Correction Islamabad ICT,Muhammad Naveed,male,overseas-pakistani,"Dubai, UAE",UAE,english-urdu-mix,5,"Dubai, UAE mein rehta hoon aur Pakistan mein apni data correction ke liye PakExcise ko use kiya. Ghar se door hokar government kaam karna bahut mushkil tha lekin PakExcise ne sara kaam kar diya. WhatsApp pe updates dete rahe. Bahut acha service hai."
REV0007,service:data-correction-islamabad-ict,Data Correction Islamabad ICT,Asim Raza,male,overseas-pakistani,"Abu Dhabi, UAE",UAE,english,5,"I am based in Abu Dhabi, UAE and have been away from Pakistan for 3 years. Managing data correction from abroad was a big headache until I found PakExcise. They handled everything remotely, kept me informed through WhatsApp, and I did not have to ask a single relative for help. Brilliant service."
REV0008,service:data-correction-islamabad-ict,Data Correction Islamabad ICT,Talha Farooqi,male,overseas-pakistani,"Sharjah, UAE",UAE,english,4,"Living in Sharjah, UAE, I always struggled to get my Pakistan vehicle documents sorted during my yearly visit. PakExcise completely removed that stress. I contacted them from here, they arranged everything, and by the time I came to Pakistan for my short visit everything was ready. Highly recommended for overseas Pakistanis."
REV0009,service:data-correction-islamabad-ict,Data Correction Islamabad ICT,Zainab Hussain,female,overseas-pakistani,"Riyadh, Saudi Arabia",Saudi Arabia,english-urdu-mix,5,"Riyadh, Saudi Arabia se data correction ka kaam karna na mumkin lagta tha. Rishtedaron ko takleef dena pasand nahi tha. PakExcise ne bahut professional andaaz se kaam kiya. Sab kuch ghar baithe ho gaya. Pakistani expats ke liye yeh service bohat zaroori hai."
REV0010,service:data-correction-islamabad-ict,Data Correction Islamabad ICT,Imtiaz Shah,male,overseas-pakistani,"Jeddah, Saudi Arabia",Saudi Arabia,english,5,"As a Pakistani expat in Jeddah, Saudi Arabia I cannot easily take leave and fly back for every vehicle matter. PakExcise is the solution I was looking for. Their team is professional, responsive, and completely trustworthy. My data correction was completed without any issues. Highly recommend to all overseas Pakistanis."
REV0011,service:data-correction-islamabad-ict,Data Correction Islamabad ICT,Rehan Siddiqui,male,overseas-pakistani,"Dammam, Saudi Arabia",Saudi Arabia,english-urdu-mix,5,"Dammam, Saudi Arabia mein hoon aur Pakistan mein data correction ka masla tha. Koi relative bhi available nahi tha. PakExcise ko WhatsApp kiya aur unhon ne foran respond kiya. Kaam kar diya professionally. Ab yeh mera go-to service hai Pakistan ke saare vehicle kaam ke liye."
REV0012,service:data-correction-islamabad-ict,Data Correction Islamabad ICT,Waqas Anwar,male,overseas-pakistani,"London, UK",UK,english,5,"I had been postponing my data correction for two years because I could not manage it from London, UK. A friend in Dubai told me about PakExcise. I contacted them and they resolved everything within days. All documents were sent to my address in Pakistan. Very reliable and honest team."
REV0013,service:data-correction-islamabad-ict,Data Correction Islamabad ICT,Fawad Hussain,male,overseas-pakistani,"Manchester, UK",UK,english-urdu-mix,5,"Bhai Manchester, UK mein reh ke Pakistan ke government kaam karwana bahut mushkil hota hai. Rishtedar bhi itna time nahi dete. PakExcise wale ne data correction ka kaam bilkul smoothly kar diya. Paise bhi seedhi baat pe liye — koi chupaav nahi. Aise service chahiye hoti hai."
REV0014,service:data-correction-islamabad-ict,Data Correction Islamabad ICT,Mehwish Tariq,female,overseas-pakistani,"Birmingham, UK",UK,english,5,"Being in Birmingham, UK for the past 2 years, I completely lost track of how Pakistani government processes work. PakExcise team not only handled my data correction but also explained everything clearly so I was never confused. This is the kind of professional service overseas Pakistanis desperately need."
REV0015,service:data-correction-islamabad-ict,Data Correction Islamabad ICT,Zeeshan Chaudhry,male,overseas-pakistani,"New York, USA",USA,english-urdu-mix,5,"Main New York, USA mein hoon lekin Pakistan mein mere naam pe gaari hai aur data correction ka masla tha. Kisi pe depend nahi karna chahta tha. PakExcise ne poora kaam kar diya aur mujhe sirf payment karni thi. Trust worthy aur fast service. Dil khush ho gaya."
REV0016,service:data-correction-islamabad-ict,Data Correction Islamabad ICT,Shahbaz Malik,male,overseas-pakistani,"Houston, USA",USA,english,5,"PakExcise is a lifesaver for Pakistani expats. I am in Houston, USA and my data correction was pending for months. No one back home could manage it properly. PakExcise sorted it in days. Professional communication, clear fees, and excellent follow-through. Five stars easily."
REV0017,service:data-correction-islamabad-ict,Data Correction Islamabad ICT,Hassan Khalid,male,overseas-pakistani,"Chicago, USA",USA,english-urdu-mix,4,"Yaar Chicago, USA se Pakistan aakar sirf sarkari kaam ke liye chutti lena possible nahi. PakExcise ne yeh problem solve kar di. data correction remotely ho gaya. Bilkul sahi documentation aur time pe delivery. Mera sara Pakistan ka vehicle kaam ab inhi ke through hoga."
REV0018,service:data-correction-islamabad-ict,Data Correction Islamabad ICT,Arslan Butt,male,overseas-pakistani,"Kuwait City, Kuwait",Kuwait,english,5,"From Kuwait City, Kuwait I managed to get my data correction handled completely by PakExcise. The whole process was remote — I just sent scanned documents and they did the rest. Updates were regular on WhatsApp. This is exactly what was needed for overseas Pakistanis. Excellent work."
REV0019,service:data-correction-islamabad-ict,Data Correction Islamabad ICT,Sadia Rahman,female,overseas-pakistani,"Istanbul, Turkey",Turkey,english-urdu-mix,5,"Jo log Istanbul, Turkey jaise mulkon mein rehte hain unhe pata hai ke Pakistan ke government offices mein kaam karwana kitna mushkil hota hai remotely. PakExcise ne yeh asaan kar diya. data correction bina kisi jhamele ke ho gaya. Bohot khush hoon aur sabko recommend karta hoon."
REV0020,service:data-correction-islamabad-ict,Data Correction Islamabad ICT,Tariq Pervaiz,male,overseas-pakistani,"Ankara, Turkey",Turkey,english,4,"I work in Ankara, Turkey and fly back to Pakistan only once a year. My data correction had been pending for two years. PakExcise resolved it without needing my physical presence. That is exactly the kind of service Pakistani expats need. Absolutely trustworthy and professional."
REV0021,service:data-correction-islamabad-ict,Data Correction Islamabad ICT,Khurram Bashir,male,overseas-pakistani,"Doha, Qatar",Qatar,english-urdu-mix,5,"Doha, Qatar se apni gaari ke data correction ke liye bohat pareshaan tha. Ek cousin ne PakExcise bataya. Unhon ne jaldi contact liya aur kaam shuru kar diya. Koi rishtedar takleef mein nahi daala. Khud handle ho gaya sara kaam. Yeh service Pakistan ka future hai."
REV0022,service:data-correction-islamabad-ict,Data Correction Islamabad ICT,Daud Ahmed,male,overseas-pakistani,Singapore,Singapore,english,4,"Highly recommend PakExcise to all overseas Pakistanis. I am in Singapore and sorted my data correction through them completely remotely. They clearly explained fees, sent me step-by-step updates, and delivered results. Honest and professional team. Finally a reliable service for expats."
REV0023,service:data-correction-islamabad-ict,Data Correction Islamabad ICT,Aisha Pervaiz,female,overseas-pakistani,"Beijing, China",China,english-urdu-mix,5,"Main ne Beijing, China se PakExcise ko contact kiya apni data correction ke masle ke baray mein. Jitna darr tha itna kuch nahi hua. Bahut professional log hain. Sab kuch online handle ho gaya. Pakistan mein agar sab log aise kaam karein to mulk bahut aagay jay ga."
REV0024,service:data-correction-islamabad-ict,Data Correction Islamabad ICT,Saad ul Haq,male,overseas-pakistani,"Shanghai, China",China,english,5,"After years of relying on relatives and paying local agents who never delivered, I found PakExcise while looking online from Shanghai, China. They sorted my data correction professionally and honestly. No middleman games, no extra unofficial payments. Just proper service at a fair price."
REV0025,service:data-correction-islamabad-ict,Data Correction Islamabad ICT,Noman Iqbal,male,overseas-pakistani,"Dubai, UAE",UAE,english-urdu-mix,5,"Dubai, UAE mein hoon aur Pakistan mein data correction ki bohat zaroorat thi. PakExcise se bahut umeed nahi thi lekin unhon ne kamaal kar diya. Kaam time pe hua aur charges bhi reasonable the. Ab inhe hi use karunga Pakistan ke sab vehicle kaam ke liye. Shukriya PakExcise."
REV0026,service:data-correction-punjab-ict,Data Correction Punjab & ICT,Tariq Mehmood,male,local,Pakistan,Pakistan,pakistani-english,5,"I purchased a second-hand Honda City and the previous owner was in another city. I was worried about transfer process but PakExcise made it so easy. They guided me step by step, told me exactly which documents to bring, and completed the transfer without any headache. Five stars without doubt."
REV0027,service:data-correction-punjab-ict,Data Correction Punjab & ICT,Zubair Khan,male,local,Pakistan,Pakistan,pakistani-english,4,Excellent work by PakExcise team. My vehicle transfer was stuck for almost one month when I tried on my own. Then my colleague told me about this service. Within ten days they resolved everything. The staff is very professional and keeps you updated through WhatsApp. Will use again for sure.
REV0028,service:data-correction-punjab-ict,Data Correction Punjab & ICT,Faisal Mahmood,male,local,Pakistan,Pakistan,pakistani-english,5,"I am a busy person and cannot afford to take leaves from office just to sit in government lines. PakExcise is blessing for such people. Gave them my documents, paid the fee, and they did complete vehicle transfer. No tension, no time waste. This is how services should be in Pakistan."
REV0029,service:data-correction-punjab-ict,Data Correction Punjab & ICT,Imran Ali,male,local,Pakistan,Pakistan,english-urdu-mix,5,Bohat acha service hai yaar. Mera motorcycle transfer Punjab se Islamabad karna tha jo ke khud karna mushkil tha. PakExcise ne sara kaam kar diya aur mujhe sirf ek dafa documents dene the. Aisi service chahiye hoti hai Pakistan mein. Bahut khush hoon.
REV0030,service:data-correction-punjab-ict,Data Correction Punjab & ICT,Sana Fatima,female,local,Pakistan,Pakistan,english-urdu-mix,5,Bhai kya baat hai is service ki! Main ne socha tha ke vehicle transfer mein hafte lag jainge aur hazaaron roope kharch honge. Lekin PakExcise ne bilkul aasaan kar diya. Documents bheje aur kuch dinon mein kaam ho gaya. Shukriya PakExcise team!
REV0031,service:data-correction-punjab-ict,Data Correction Punjab & ICT,Jawad Karimi,male,overseas-pakistani,"Abu Dhabi, UAE",UAE,english-urdu-mix,4,"Abu Dhabi, UAE se data correction ka kaam karna na mumkin lagta tha. Rishtedaron ko takleef dena pasand nahi tha. PakExcise ne bahut professional andaaz se kaam kiya. Sab kuch ghar baithe ho gaya. Pakistani expats ke liye yeh service bohat zaroori hai."
REV0032,service:data-correction-punjab-ict,Data Correction Punjab & ICT,Yasir Hashmi,male,overseas-pakistani,"Sharjah, UAE",UAE,english,4,"As a Pakistani expat in Sharjah, UAE I cannot easily take leave and fly back for every vehicle matter. PakExcise is the solution I was looking for. Their team is professional, responsive, and completely trustworthy. My data correction was completed without any issues. Highly recommend to all overseas Pakistanis."
REV0033,service:data-correction-punjab-ict,Data Correction Punjab & ICT,Omer Farooq,male,overseas-pakistani,"Riyadh, Saudi Arabia",Saudi Arabia,english-urdu-mix,5,"Riyadh, Saudi Arabia mein hoon aur Pakistan mein data correction ka masla tha. Koi relative bhi available nahi tha. PakExcise ko WhatsApp kiya aur unhon ne foran respond kiya. Kaam kar diya professionally. Ab yeh mera go-to service hai Pakistan ke saare vehicle kaam ke liye."
REV0034,service:data-correction-punjab-ict,Data Correction Punjab & ICT,Rukhsar Ahmed,female,overseas-pakistani,"Jeddah, Saudi Arabia",Saudi Arabia,english,5,"I had been postponing my data correction for two years because I could not manage it from Jeddah, Saudi Arabia. A friend in Dubai told me about PakExcise. I contacted them and they resolved everything within days. All documents were sent to my address in Pakistan. Very reliable and honest team."
REV0035,service:data-correction-punjab-ict,Data Correction Punjab & ICT,Rizwan Mehmood,male,overseas-pakistani,"Dammam, Saudi Arabia",Saudi Arabia,english-urdu-mix,4,"Bhai Dammam, Saudi Arabia mein reh ke Pakistan ke government kaam karwana bahut mushkil hota hai. Rishtedar bhi itna time nahi dete. PakExcise wale ne data correction ka kaam bilkul smoothly kar diya. Paise bhi seedhi baat pe liye — koi chupaav nahi. Aise service chahiye hoti hai."
REV0036,service:data-correction-punjab-ict,Data Correction Punjab & ICT,Kashif Abbasi,male,overseas-pakistani,"London, UK",UK,english,5,"Being in London, UK for the past 3 years, I completely lost track of how Pakistani government processes work. PakExcise team not only handled my data correction but also explained everything clearly so I was never confused. This is the kind of professional service overseas Pakistanis desperately need."
REV0037,service:data-correction-punjab-ict,Data Correction Punjab & ICT,Irfan Qureshi,male,overseas-pakistani,"Manchester, UK",UK,english-urdu-mix,5,"Main Manchester, UK mein hoon lekin Pakistan mein mere naam pe gaari hai aur data correction ka masla tha. Kisi pe depend nahi karna chahta tha. PakExcise ne poora kaam kar diya aur mujhe sirf payment karni thi. Trust worthy aur fast service. Dil khush ho gaya."
REV0038,service:data-correction-punjab-ict,Data Correction Punjab & ICT,Sohail Latif,male,overseas-pakistani,"Birmingham, UK",UK,english,5,"PakExcise is a lifesaver for Pakistani expats. I am in Birmingham, UK and my data correction was pending for months. No one back home could manage it properly. PakExcise sorted it in days. Professional communication, clear fees, and excellent follow-through. Five stars easily."
REV0039,service:data-correction-punjab-ict,Data Correction Punjab & ICT,Nosheen Ali,female,overseas-pakistani,"New York, USA",USA,english-urdu-mix,5,"Yaar New York, USA se Pakistan aakar sirf sarkari kaam ke liye chutti lena possible nahi. PakExcise ne yeh problem solve kar di. data correction remotely ho gaya. Bilkul sahi documentation aur time pe delivery. Mera sara Pakistan ka vehicle kaam ab inhi ke through hoga."
REV0040,service:data-correction-punjab-ict,Data Correction Punjab & ICT,Bilal Shaukat,male,overseas-pakistani,"Houston, USA",USA,english,4,"From Houston, USA I managed to get my data correction handled completely by PakExcise. The whole process was remote — I just sent scanned documents and they did the rest. Updates were regular on WhatsApp. This is exactly what was needed for overseas Pakistanis. Excellent work."
REV0041,service:data-correction-punjab-ict,Data Correction Punjab & ICT,Aamir Zaman,male,overseas-pakistani,"Chicago, USA",USA,english-urdu-mix,4,"Jo log Chicago, USA jaise mulkon mein rehte hain unhe pata hai ke Pakistan ke government offices mein kaam karwana kitna mushkil hota hai remotely. PakExcise ne yeh asaan kar diya. data correction bina kisi jhamele ke ho gaya. Bohot khush hoon aur sabko recommend karta hoon."
REV0042,service:data-correction-punjab-ict,Data Correction Punjab & ICT,Adeel Naseem,male,overseas-pakistani,"Kuwait City, Kuwait",Kuwait,english,5,"I work in Kuwait City, Kuwait and fly back to Pakistan only once a year. My data correction had been pending for two years. PakExcise resolved it without needing my physical presence. That is exactly the kind of service Pakistani expats need. Absolutely trustworthy and professional."
REV0043,service:data-correction-punjab-ict,Data Correction Punjab & ICT,Sajid ur Rehman,male,overseas-pakistani,"Istanbul, Turkey",Turkey,english-urdu-mix,4,"Istanbul, Turkey se apni gaari ke data correction ke liye bohat pareshaan tha. Ek cousin ne PakExcise bataya. Unhon ne jaldi contact liya aur kaam shuru kar diya. Koi rishtedar takleef mein nahi daala. Khud handle ho gaya sara kaam. Yeh service Pakistan ka future hai."
REV0044,service:data-correction-punjab-ict,Data Correction Punjab & ICT,Iqra Butt,female,overseas-pakistani,"Ankara, Turkey",Turkey,english,5,"Highly recommend PakExcise to all overseas Pakistanis. I am in Ankara, Turkey and sorted my data correction through them completely remotely. They clearly explained fees, sent me step-by-step updates, and delivered results. Honest and professional team. Finally a reliable service for expats."
REV0045,service:data-correction-punjab-ict,Data Correction Punjab & ICT,Haroon Qaiser,male,overseas-pakistani,"Doha, Qatar",Qatar,english-urdu-mix,5,"Main ne Doha, Qatar se PakExcise ko contact kiya apni data correction ke masle ke baray mein. Jitna darr tha itna kuch nahi hua. Bahut professional log hain. Sab kuch online handle ho gaya. Pakistan mein agar sab log aise kaam karein to mulk bahut aagay jay ga."
REV0046,service:data-correction-punjab-ict,Data Correction Punjab & ICT,Muneeb Aslam,male,overseas-pakistani,Singapore,Singapore,english,4,"After years of relying on relatives and paying local agents who never delivered, I found PakExcise while looking online from Singapore. They sorted my data correction professionally and honestly. No middleman games, no extra unofficial payments. Just proper service at a fair price."
REV0047,service:data-correction-punjab-ict,Data Correction Punjab & ICT,Ghulam Abbas,male,overseas-pakistani,"Beijing, China",China,english-urdu-mix,5,"Beijing, China mein hoon aur Pakistan mein data correction ki bohat zaroorat thi. PakExcise se bahut umeed nahi thi lekin unhon ne kamaal kar diya. Kaam time pe hua aur charges bhi reasonable the. Ab inhe hi use karunga Pakistan ke sab vehicle kaam ke liye. Shukriya PakExcise."
REV0048,service:data-correction-punjab-ict,Data Correction Punjab & ICT,Sundas Khan,female,overseas-pakistani,"Shanghai, China",China,english-urdu-mix,5,"Shanghai, China mein rehta hoon aur Pakistan mein apni data correction ke liye PakExcise ko use kiya. Ghar se door hokar government kaam karna bahut mushkil tha lekin PakExcise ne sara kaam kar diya. WhatsApp pe updates dete rahe. Bahut acha service hai."
REV0049,service:data-correction-punjab-ict,Data Correction Punjab & ICT,Hamid Waseem,male,overseas-pakistani,"Dubai, UAE",UAE,english,5,"I am based in Dubai, UAE and have been away from Pakistan for 8 years. Managing data correction from abroad was a big headache until I found PakExcise. They handled everything remotely, kept me informed through WhatsApp, and I did not have to ask a single relative for help. Brilliant service."
REV0050,service:data-correction-punjab-ict,Data Correction Punjab & ICT,Zaheer ul Islam,male,overseas-pakistani,"Abu Dhabi, UAE",UAE,english,4,"Living in Abu Dhabi, UAE, I always struggled to get my Pakistan vehicle documents sorted during my yearly visit. PakExcise completely removed that stress. I contacted them from here, they arranged everything, and by the time I came to Pakistan for my short visit everything was ready. Highly recommended for overseas Pakistanis."
REV0051,service:driving-license-renewal,Driving License Renewal,Waseem Akram,male,local,Pakistan,Pakistan,pakistani-english,4,"Used PakExcise for license renewal after my friend recommended them. The process was completely smooth. They guided me through medical requirements, told me which photos to get, and handled all the submission. No running around required. Will use again when my license expires."
REV0052,service:driving-license-renewal,Driving License Renewal,Naveed Shah,male,local,Pakistan,Pakistan,pakistani-english,5,"My driving license was expiring and I had no idea about renewal process. Someone told me about PakExcise and I am so glad I contacted them. Professional guidance, reasonable fee, and license renewed without single trip to office. This is what facilitation means."
REV0053,service:driving-license-renewal,Driving License Renewal,Kashif Hussain,male,local,Pakistan,Pakistan,pakistani-english,4,Driving license renewal through PakExcise was very easy experience. Being new to Islamabad I did not know which office to go to or what documents were needed. PakExcise handled everything remotely. Very reliable service and the team was very polite and helpful throughout.
REV0054,service:driving-license-renewal,Driving License Renewal,Adnan Siddiqui,male,local,Pakistan,Pakistan,english-urdu-mix,5,Driving license renew karwana tha lekin time nahi tha. PakExcise ne sab kuch sambhaal liya — medical se le kar submission tak. Bahut acha lagaa. Aise log chahiye jo sach mein madad karein na ke sirf paise lein.
REV0055,service:driving-license-renewal,Driving License Renewal,Nadia Hussain,female,local,Pakistan,Pakistan,english-urdu-mix,5,Meri driving license expire ho gayi thi aur mujhe darr tha ke ab kya hoga. PakExcise ne bataaya ke koi masla nahi aur process smoothly complete kiya. Bohat shukr guzaar hoon. Aage bhi inhi ko use karunga.
REV0056,service:driving-license-renewal,Driving License Renewal,Arif Gill,male,overseas-pakistani,"Sharjah, UAE",UAE,english,5,"I had been postponing my driving license renewal for two years because I could not manage it from Sharjah, UAE. A friend in Dubai told me about PakExcise. I contacted them and they resolved everything within days. All documents were sent to my address in Pakistan. Very reliable and honest team."
REV0057,service:driving-license-renewal,Driving License Renewal,Kashan Mirza,male,overseas-pakistani,"Riyadh, Saudi Arabia",Saudi Arabia,english-urdu-mix,5,"Bhai Riyadh, Saudi Arabia mein reh ke Pakistan ke government kaam karwana bahut mushkil hota hai. Rishtedar bhi itna time nahi dete. PakExcise wale ne driving license renewal ka kaam bilkul smoothly kar diya. Paise bhi seedhi baat pe liye — koi chupaav nahi. Aise service chahiye hoti hai."
REV0058,service:driving-license-renewal,Driving License Renewal,Mateen ul Haq,male,overseas-pakistani,"Jeddah, Saudi Arabia",Saudi Arabia,english,5,"Being in Jeddah, Saudi Arabia for the past 4 years, I completely lost track of how Pakistani government processes work. PakExcise team not only handled my driving license renewal but also explained everything clearly so I was never confused. This is the kind of professional service overseas Pakistanis desperately need."
REV0059,service:driving-license-renewal,Driving License Renewal,Fareeha Malik,female,overseas-pakistani,"Dammam, Saudi Arabia",Saudi Arabia,english-urdu-mix,4,"Main Dammam, Saudi Arabia mein hoon lekin Pakistan mein mere naam pe gaari hai aur driving license renewal ka masla tha. Kisi pe depend nahi karna chahta tha. PakExcise ne poora kaam kar diya aur mujhe sirf payment karni thi. Trust worthy aur fast service. Dil khush ho gaya."
REV0060,service:driving-license-renewal,Driving License Renewal,Nabeel Siddiqui,male,overseas-pakistani,"London, UK",UK,english,5,"PakExcise is a lifesaver for Pakistani expats. I am in London, UK and my driving license renewal was pending for months. No one back home could manage it properly. PakExcise sorted it in days. Professional communication, clear fees, and excellent follow-through. Five stars easily."
REV0061,service:driving-license-renewal,Driving License Renewal,Obaid Cheema,male,overseas-pakistani,"Manchester, UK",UK,english-urdu-mix,5,"Yaar Manchester, UK se Pakistan aakar sirf sarkari kaam ke liye chutti lena possible nahi. PakExcise ne yeh problem solve kar di. driving license renewal remotely ho gaya. Bilkul sahi documentation aur time pe delivery. Mera sara Pakistan ka vehicle kaam ab inhi ke through hoga."
REV0062,service:driving-license-renewal,Driving License Renewal,Qader Malik,male,overseas-pakistani,"Birmingham, UK",UK,english,5,"From Birmingham, UK I managed to get my driving license renewal handled completely by PakExcise. The whole process was remote — I just sent scanned documents and they did the rest. Updates were regular on WhatsApp. This is exactly what was needed for overseas Pakistanis. Excellent work."
REV0063,service:driving-license-renewal,Driving License Renewal,Shaheen Awan,male,overseas-pakistani,"New York, USA",USA,english-urdu-mix,5,"Jo log New York, USA jaise mulkon mein rehte hain unhe pata hai ke Pakistan ke government offices mein kaam karwana kitna mushkil hota hai remotely. PakExcise ne yeh asaan kar diya. driving license renewal bina kisi jhamele ke ho gaya. Bohot khush hoon aur sabko recommend karta hoon."
REV0064,service:driving-license-renewal,Driving License Renewal,Laiba Sheikh,female,overseas-pakistani,"Houston, USA",USA,english,4,"I work in Houston, USA and fly back to Pakistan only once a year. My driving license renewal had been pending for two years. PakExcise resolved it without needing my physical presence. That is exactly the kind of service Pakistani expats need. Absolutely trustworthy and professional."
REV0065,service:driving-license-renewal,Driving License Renewal,Umar Hanif,male,overseas-pakistani,"Chicago, USA",USA,english-urdu-mix,5,"Chicago, USA se apni gaari ke driving license renewal ke liye bohat pareshaan tha. Ek cousin ne PakExcise bataya. Unhon ne jaldi contact liya aur kaam shuru kar diya. Koi rishtedar takleef mein nahi daala. Khud handle ho gaya sara kaam. Yeh service Pakistan ka future hai."
REV0066,service:driving-license-renewal,Driving License Renewal,Muhammad Naveed,male,overseas-pakistani,"Kuwait City, Kuwait",Kuwait,english,4,"Highly recommend PakExcise to all overseas Pakistanis. I am in Kuwait City, Kuwait and sorted my driving license renewal through them completely remotely. They clearly explained fees, sent me step-by-step updates, and delivered results. Honest and professional team. Finally a reliable service for expats."
REV0067,service:driving-license-renewal,Driving License Renewal,Asim Raza,male,overseas-pakistani,"Istanbul, Turkey",Turkey,english-urdu-mix,5,"Main ne Istanbul, Turkey se PakExcise ko contact kiya apni driving license renewal ke masle ke baray mein. Jitna darr tha itna kuch nahi hua. Bahut professional log hain. Sab kuch online handle ho gaya. Pakistan mein agar sab log aise kaam karein to mulk bahut aagay jay ga."
REV0068,service:driving-license-renewal,Driving License Renewal,Talha Farooqi,male,overseas-pakistani,"Ankara, Turkey",Turkey,english,4,"After years of relying on relatives and paying local agents who never delivered, I found PakExcise while looking online from Ankara, Turkey. They sorted my driving license renewal professionally and honestly. No middleman games, no extra unofficial payments. Just proper service at a fair price."
REV0069,service:driving-license-renewal,Driving License Renewal,Zainab Hussain,female,overseas-pakistani,"Doha, Qatar",Qatar,english-urdu-mix,4,"Doha, Qatar mein hoon aur Pakistan mein driving license renewal ki bohat zaroorat thi. PakExcise se bahut umeed nahi thi lekin unhon ne kamaal kar diya. Kaam time pe hua aur charges bhi reasonable the. Ab inhe hi use karunga Pakistan ke sab vehicle kaam ke liye. Shukriya PakExcise."
REV0070,service:driving-license-renewal,Driving License Renewal,Imtiaz Shah,male,overseas-pakistani,Singapore,Singapore,english-urdu-mix,5,Singapore mein rehta hoon aur Pakistan mein apni driving license renewal ke liye PakExcise ko use kiya. Ghar se door hokar government kaam karna bahut mushkil tha lekin PakExcise ne sara kaam kar diya. WhatsApp pe updates dete rahe. Bahut acha service hai.
REV0071,service:driving-license-renewal,Driving License Renewal,Rehan Siddiqui,male,overseas-pakistani,"Beijing, China",China,english,4,"I am based in Beijing, China and have been away from Pakistan for 10 years. Managing driving license renewal from abroad was a big headache until I found PakExcise. They handled everything remotely, kept me informed through WhatsApp, and I did not have to ask a single relative for help. Brilliant service."
REV0072,service:driving-license-renewal,Driving License Renewal,Waqas Anwar,male,overseas-pakistani,"Shanghai, China",China,english,5,"Living in Shanghai, China, I always struggled to get my Pakistan vehicle documents sorted during my yearly visit. PakExcise completely removed that stress. I contacted them from here, they arranged everything, and by the time I came to Pakistan for my short visit everything was ready. Highly recommended for overseas Pakistanis."
REV0073,service:driving-license-renewal,Driving License Renewal,Mehwish Tariq,female,overseas-pakistani,"Dubai, UAE",UAE,english-urdu-mix,5,"Dubai, UAE se driving license renewal ka kaam karna na mumkin lagta tha. Rishtedaron ko takleef dena pasand nahi tha. PakExcise ne bahut professional andaaz se kaam kiya. Sab kuch ghar baithe ho gaya. Pakistani expats ke liye yeh service bohat zaroori hai."
REV0074,service:driving-license-renewal,Driving License Renewal,Fawad Hussain,male,overseas-pakistani,"Abu Dhabi, UAE",UAE,english,5,"As a Pakistani expat in Abu Dhabi, UAE I cannot easily take leave and fly back for every vehicle matter. PakExcise is the solution I was looking for. Their team is professional, responsive, and completely trustworthy. My driving license renewal was completed without any issues. Highly recommend to all overseas Pakistanis."
REV0075,service:driving-license-renewal,Driving License Renewal,Zeeshan Chaudhry,male,overseas-pakistani,"Sharjah, UAE",UAE,english-urdu-mix,4,"Sharjah, UAE mein hoon aur Pakistan mein driving license renewal ka masla tha. Koi relative bhi available nahi tha. PakExcise ko WhatsApp kiya aur unhon ne foran respond kiya. Kaam kar diya professionally. Ab yeh mera go-to service hai Pakistan ke saare vehicle kaam ke liye."
REV0076,service:driving-license-renewal-punjab,Driving License Renewal Punjab,Rana Asif,male,local,Pakistan,Pakistan,pakistani-english,5,"My driving license was expiring and I had no idea about renewal process. Someone told me about PakExcise and I am so glad I contacted them. Professional guidance, reasonable fee, and license renewed without single trip to office. This is what facilitation means."
REV0077,service:driving-license-renewal-punjab,Driving License Renewal Punjab,Shahid Latif,male,local,Pakistan,Pakistan,pakistani-english,5,Driving license renewal through PakExcise was very easy experience. Being new to Islamabad I did not know which office to go to or what documents were needed. PakExcise handled everything remotely. Very reliable service and the team was very polite and helpful throughout.
REV0078,service:driving-license-renewal-punjab,Driving License Renewal Punjab,Owais Malik,male,local,Pakistan,Pakistan,pakistani-english,5,"Renewing driving license is such a painful process in Pakistan. Medical, photos, payment, office visit, waiting. PakExcise simplified it all. They told me exactly what to do at each step and handled the paperwork. My renewed license came on time. Excellent service."
REV0079,service:driving-license-renewal-punjab,Driving License Renewal Punjab,Junaid Ahmad,male,local,Pakistan,Pakistan,english-urdu-mix,5,Meri driving license expire ho gayi thi aur mujhe darr tha ke ab kya hoga. PakExcise ne bataaya ke koi masla nahi aur process smoothly complete kiya. Bohat shukr guzaar hoon. Aage bhi inhi ko use karunga.
REV0080,service:driving-license-renewal-punjab,Driving License Renewal Punjab,Rabia Khalid,female,local,Pakistan,Pakistan,english-urdu-mix,4,Driving license renew karwana tha lekin time nahi tha. PakExcise ne sab kuch sambhaal liya — medical se le kar submission tak. Bahut acha lagaa. Aise log chahiye jo sach mein madad karein na ke sirf paise lein.
REV0081,service:driving-license-renewal-punjab,Driving License Renewal Punjab,Shahbaz Malik,male,overseas-pakistani,"Riyadh, Saudi Arabia",Saudi Arabia,english-urdu-mix,4,"Main Riyadh, Saudi Arabia mein hoon lekin Pakistan mein mere naam pe gaari hai aur driving license renewal ka masla tha. Kisi pe depend nahi karna chahta tha. PakExcise ne poora kaam kar diya aur mujhe sirf payment karni thi. Trust worthy aur fast service. Dil khush ho gaya."
REV0082,service:driving-license-renewal-punjab,Driving License Renewal Punjab,Hassan Khalid,male,overseas-pakistani,"Jeddah, Saudi Arabia",Saudi Arabia,english,5,"PakExcise is a lifesaver for Pakistani expats. I am in Jeddah, Saudi Arabia and my driving license renewal was pending for months. No one back home could manage it properly. PakExcise sorted it in days. Professional communication, clear fees, and excellent follow-through. Five stars easily."
REV0083,service:driving-license-renewal-punjab,Driving License Renewal Punjab,Arslan Butt,male,overseas-pakistani,"Dammam, Saudi Arabia",Saudi Arabia,english-urdu-mix,4,"Yaar Dammam, Saudi Arabia se Pakistan aakar sirf sarkari kaam ke liye chutti lena possible nahi. PakExcise ne yeh problem solve kar di. driving license renewal remotely ho gaya. Bilkul sahi documentation aur time pe delivery. Mera sara Pakistan ka vehicle kaam ab inhi ke through hoga."
REV0084,service:driving-license-renewal-punjab,Driving License Renewal Punjab,Sadia Rahman,female,overseas-pakistani,"London, UK",UK,english,5,"From London, UK I managed to get my driving license renewal handled completely by PakExcise. The whole process was remote — I just sent scanned documents and they did the rest. Updates were regular on WhatsApp. This is exactly what was needed for overseas Pakistanis. Excellent work."
REV0085,service:driving-license-renewal-punjab,Driving License Renewal Punjab,Tariq Pervaiz,male,overseas-pakistani,"Manchester, UK",UK,english-urdu-mix,5,"Jo log Manchester, UK jaise mulkon mein rehte hain unhe pata hai ke Pakistan ke government offices mein kaam karwana kitna mushkil hota hai remotely. PakExcise ne yeh asaan kar diya. driving license renewal bina kisi jhamele ke ho gaya. Bohot khush hoon aur sabko recommend karta hoon."
REV0086,service:driving-license-renewal-punjab,Driving License Renewal Punjab,Khurram Bashir,male,overseas-pakistani,"Birmingham, UK",UK,english,5,"I work in Birmingham, UK and fly back to Pakistan only once a year. My driving license renewal had been pending for two years. PakExcise resolved it without needing my physical presence. That is exactly the kind of service Pakistani expats need. Absolutely trustworthy and professional."
REV0087,service:driving-license-renewal-punjab,Driving License Renewal Punjab,Daud Ahmed,male,overseas-pakistani,"New York, USA",USA,english-urdu-mix,4,"New York, USA se apni gaari ke driving license renewal ke liye bohat pareshaan tha. Ek cousin ne PakExcise bataya. Unhon ne jaldi contact liya aur kaam shuru kar diya. Koi rishtedar takleef mein nahi daala. Khud handle ho gaya sara kaam. Yeh service Pakistan ka future hai."
REV0088,service:driving-license-renewal-punjab,Driving License Renewal Punjab,Saad ul Haq,male,overseas-pakistani,"Houston, USA",USA,english,5,"Highly recommend PakExcise to all overseas Pakistanis. I am in Houston, USA and sorted my driving license renewal through them completely remotely. They clearly explained fees, sent me step-by-step updates, and delivered results. Honest and professional team. Finally a reliable service for expats."
REV0089,service:driving-license-renewal-punjab,Driving License Renewal Punjab,Aisha Pervaiz,female,overseas-pakistani,"Chicago, USA",USA,english-urdu-mix,4,"Main ne Chicago, USA se PakExcise ko contact kiya apni driving license renewal ke masle ke baray mein. Jitna darr tha itna kuch nahi hua. Bahut professional log hain. Sab kuch online handle ho gaya. Pakistan mein agar sab log aise kaam karein to mulk bahut aagay jay ga."
REV0090,service:driving-license-renewal-punjab,Driving License Renewal Punjab,Noman Iqbal,male,overseas-pakistani,"Kuwait City, Kuwait",Kuwait,english,5,"After years of relying on relatives and paying local agents who never delivered, I found PakExcise while looking online from Kuwait City, Kuwait. They sorted my driving license renewal professionally and honestly. No middleman games, no extra unofficial payments. Just proper service at a fair price."
REV0091,service:driving-license-renewal-punjab,Driving License Renewal Punjab,Jawad Karimi,male,overseas-pakistani,"Istanbul, Turkey",Turkey,english-urdu-mix,5,"Istanbul, Turkey mein hoon aur Pakistan mein driving license renewal ki bohat zaroorat thi. PakExcise se bahut umeed nahi thi lekin unhon ne kamaal kar diya. Kaam time pe hua aur charges bhi reasonable the. Ab inhe hi use karunga Pakistan ke sab vehicle kaam ke liye. Shukriya PakExcise."
REV0092,service:driving-license-renewal-punjab,Driving License Renewal Punjab,Yasir Hashmi,male,overseas-pakistani,"Ankara, Turkey",Turkey,english-urdu-mix,5,"Ankara, Turkey mein rehta hoon aur Pakistan mein apni driving license renewal ke liye PakExcise ko use kiya. Ghar se door hokar government kaam karna bahut mushkil tha lekin PakExcise ne sara kaam kar diya. WhatsApp pe updates dete rahe. Bahut acha service hai."
REV0093,service:driving-license-renewal-punjab,Driving License Renewal Punjab,Omer Farooq,male,overseas-pakistani,"Doha, Qatar",Qatar,english,4,"I am based in Doha, Qatar and have been away from Pakistan for 2 years. Managing driving license renewal from abroad was a big headache until I found PakExcise. They handled everything remotely, kept me informed through WhatsApp, and I did not have to ask a single relative for help. Brilliant service."
REV0094,service:driving-license-renewal-punjab,Driving License Renewal Punjab,Rukhsar Ahmed,female,overseas-pakistani,Singapore,Singapore,english,5,"Living in Singapore, I always struggled to get my Pakistan vehicle documents sorted during my yearly visit. PakExcise completely removed that stress. I contacted them from here, they arranged everything, and by the time I came to Pakistan for my short visit everything was ready. Highly recommended for overseas Pakistanis."
REV0095,service:driving-license-renewal-punjab,Driving License Renewal Punjab,Rizwan Mehmood,male,overseas-pakistani,"Beijing, China",China,english-urdu-mix,5,"Beijing, China se driving license renewal ka kaam karna na mumkin lagta tha. Rishtedaron ko takleef dena pasand nahi tha. PakExcise ne bahut professional andaaz se kaam kiya. Sab kuch ghar baithe ho gaya. Pakistani expats ke liye yeh service bohat zaroori hai."
REV0096,service:driving-license-renewal-punjab,Driving License Renewal Punjab,Kashif Abbasi,male,overseas-pakistani,"Shanghai, China",China,english,5,"As a Pakistani expat in Shanghai, China I cannot easily take leave and fly back for every vehicle matter. PakExcise is the solution I was looking for. Their team is professional, responsive, and completely trustworthy. My driving license renewal was completed without any issues. Highly recommend to all overseas Pakistanis."
REV0097,service:driving-license-renewal-punjab,Driving License Renewal Punjab,Irfan Qureshi,male,overseas-pakistani,"Dubai, UAE",UAE,english-urdu-mix,5,"Dubai, UAE mein hoon aur Pakistan mein driving license renewal ka masla tha. Koi relative bhi available nahi tha. PakExcise ko WhatsApp kiya aur unhon ne foran respond kiya. Kaam kar diya professionally. Ab yeh mera go-to service hai Pakistan ke saare vehicle kaam ke liye."
REV0098,service:driving-license-renewal-punjab,Driving License Renewal Punjab,Nosheen Ali,female,overseas-pakistani,"Abu Dhabi, UAE",UAE,english,5,"I had been postponing my driving license renewal for two years because I could not manage it from Abu Dhabi, UAE. A friend in Dubai told me about PakExcise. I contacted them and they resolved everything within days. All documents were sent to my address in Pakistan. Very reliable and honest team."
REV0099,service:driving-license-renewal-punjab,Driving License Renewal Punjab,Sohail Latif,male,overseas-pakistani,"Sharjah, UAE",UAE,english-urdu-mix,4,"Bhai Sharjah, UAE mein reh ke Pakistan ke government kaam karwana bahut mushkil hota hai. Rishtedar bhi itna time nahi dete. PakExcise wale ne driving license renewal ka kaam bilkul smoothly kar diya. Paise bhi seedhi baat pe liye — koi chupaav nahi. Aise service chahiye hoti hai."
REV0100,service:driving-license-renewal-punjab,Driving License Renewal Punjab,Bilal Shaukat,male,overseas-pakistani,"Riyadh, Saudi Arabia",Saudi Arabia,english,5,"Being in Riyadh, Saudi Arabia for the past 10 years, I completely lost track of how Pakistani government processes work. PakExcise team not only handled my driving license renewal but also explained everything clearly so I was never confused. This is the kind of professional service overseas Pakistanis desperately need."
REV0101,service:driving-license-renewal-punjab-ict,Driving License Renewal Punjab & ICT,Rizwan Chaudhry,male,local,Pakistan,Pakistan,pakistani-english,5,Driving license renewal through PakExcise was very easy experience. Being new to Islamabad I did not know which office to go to or what documents were needed. PakExcise handled everything remotely. Very reliable service and the team was very polite and helpful throughout.
REV0102,service:driving-license-renewal-punjab-ict,Driving License Renewal Punjab & ICT,Sajid Mirza,male,local,Pakistan,Pakistan,pakistani-english,4,"Renewing driving license is such a painful process in Pakistan. Medical, photos, payment, office visit, waiting. PakExcise simplified it all. They told me exactly what to do at each step and handled the paperwork. My renewed license came on time. Excellent service."
REV0103,service:driving-license-renewal-punjab-ict,Driving License Renewal Punjab & ICT,Hamza Butt,male,local,Pakistan,Pakistan,pakistani-english,4,I had let my driving license expire by almost two years. I was worried there would be some extra fine or problem. PakExcise team sorted everything out. They knew the exact process for expired licenses. Very knowledgeable staff. Five star service without any doubt.
REV0104,service:driving-license-renewal-punjab-ict,Driving License Renewal Punjab & ICT,Noman Farooq,male,local,Pakistan,Pakistan,english-urdu-mix,4,Driving license renew karwana tha lekin time nahi tha. PakExcise ne sab kuch sambhaal liya — medical se le kar submission tak. Bahut acha lagaa. Aise log chahiye jo sach mein madad karein na ke sirf paise lein.
REV0105,service:driving-license-renewal-punjab-ict,Driving License Renewal Punjab & ICT,Maryam Iqbal,female,local,Pakistan,Pakistan,english-urdu-mix,5,Meri driving license expire ho gayi thi aur mujhe darr tha ke ab kya hoga. PakExcise ne bataaya ke koi masla nahi aur process smoothly complete kiya. Bohat shukr guzaar hoon. Aage bhi inhi ko use karunga.
REV0106,service:driving-license-renewal-punjab-ict,Driving License Renewal Punjab & ICT,Aamir Zaman,male,overseas-pakistani,"Jeddah, Saudi Arabia",Saudi Arabia,english,5,"From Jeddah, Saudi Arabia I managed to get my driving license renewal handled completely by PakExcise. The whole process was remote — I just sent scanned documents and they did the rest. Updates were regular on WhatsApp. This is exactly what was needed for overseas Pakistanis. Excellent work."
REV0107,service:driving-license-renewal-punjab-ict,Driving License Renewal Punjab & ICT,Adeel Naseem,male,overseas-pakistani,"Dammam, Saudi Arabia",Saudi Arabia,english-urdu-mix,5,"Jo log Dammam, Saudi Arabia jaise mulkon mein rehte hain unhe pata hai ke Pakistan ke government offices mein kaam karwana kitna mushkil hota hai remotely. PakExcise ne yeh asaan kar diya. driving license renewal bina kisi jhamele ke ho gaya. Bohot khush hoon aur sabko recommend karta hoon."
REV0108,service:driving-license-renewal-punjab-ict,Driving License Renewal Punjab & ICT,Sajid ur Rehman,male,overseas-pakistani,"London, UK",UK,english,5,"I work in London, UK and fly back to Pakistan only once a year. My driving license renewal had been pending for two years. PakExcise resolved it without needing my physical presence. That is exactly the kind of service Pakistani expats need. Absolutely trustworthy and professional."
REV0109,service:driving-license-renewal-punjab-ict,Driving License Renewal Punjab & ICT,Iqra Butt,female,overseas-pakistani,"Manchester, UK",UK,english-urdu-mix,4,"Manchester, UK se apni gaari ke driving license renewal ke liye bohat pareshaan tha. Ek cousin ne PakExcise bataya. Unhon ne jaldi contact liya aur kaam shuru kar diya. Koi rishtedar takleef mein nahi daala. Khud handle ho gaya sara kaam. Yeh service Pakistan ka future hai."
REV0110,service:driving-license-renewal-punjab-ict,Driving License Renewal Punjab & ICT,Haroon Qaiser,male,overseas-pakistani,"Birmingham, UK",UK,english,5,"Highly recommend PakExcise to all overseas Pakistanis. I am in Birmingham, UK and sorted my driving license renewal through them completely remotely. They clearly explained fees, sent me step-by-step updates, and delivered results. Honest and professional team. Finally a reliable service for expats."
REV0111,service:driving-license-renewal-punjab-ict,Driving License Renewal Punjab & ICT,Muneeb Aslam,male,overseas-pakistani,"New York, USA",USA,english-urdu-mix,5,"Main ne New York, USA se PakExcise ko contact kiya apni driving license renewal ke masle ke baray mein. Jitna darr tha itna kuch nahi hua. Bahut professional log hain. Sab kuch online handle ho gaya. Pakistan mein agar sab log aise kaam karein to mulk bahut aagay jay ga."
REV0112,service:driving-license-renewal-punjab-ict,Driving License Renewal Punjab & ICT,Ghulam Abbas,male,overseas-pakistani,"Houston, USA",USA,english,4,"After years of relying on relatives and paying local agents who never delivered, I found PakExcise while looking online from Houston, USA. They sorted my driving license renewal professionally and honestly. No middleman games, no extra unofficial payments. Just proper service at a fair price."
REV0113,service:driving-license-renewal-punjab-ict,Driving License Renewal Punjab & ICT,Hamid Waseem,male,overseas-pakistani,"Chicago, USA",USA,english-urdu-mix,5,"Chicago, USA mein hoon aur Pakistan mein driving license renewal ki bohat zaroorat thi. PakExcise se bahut umeed nahi thi lekin unhon ne kamaal kar diya. Kaam time pe hua aur charges bhi reasonable the. Ab inhe hi use karunga Pakistan ke sab vehicle kaam ke liye. Shukriya PakExcise."
REV0114,service:driving-license-renewal-punjab-ict,Driving License Renewal Punjab & ICT,Sundas Khan,female,overseas-pakistani,"Kuwait City, Kuwait",Kuwait,english-urdu-mix,5,"Kuwait City, Kuwait mein rehta hoon aur Pakistan mein apni driving license renewal ke liye PakExcise ko use kiya. Ghar se door hokar government kaam karna bahut mushkil tha lekin PakExcise ne sara kaam kar diya. WhatsApp pe updates dete rahe. Bahut acha service hai."
REV0115,service:driving-license-renewal-punjab-ict,Driving License Renewal Punjab & ICT,Zaheer ul Islam,male,overseas-pakistani,"Istanbul, Turkey",Turkey,english,5,"I am based in Istanbul, Turkey and have been away from Pakistan for 3 years. Managing driving license renewal from abroad was a big headache until I found PakExcise. They handled everything remotely, kept me informed through WhatsApp, and I did not have to ask a single relative for help. Brilliant service."
REV0116,service:driving-license-renewal-punjab-ict,Driving License Renewal Punjab & ICT,Arif Gill,male,overseas-pakistani,"Ankara, Turkey",Turkey,english,5,"Living in Ankara, Turkey, I always struggled to get my Pakistan vehicle documents sorted during my yearly visit. PakExcise completely removed that stress. I contacted them from here, they arranged everything, and by the time I came to Pakistan for my short visit everything was ready. Highly recommended for overseas Pakistanis."
REV0117,service:driving-license-renewal-punjab-ict,Driving License Renewal Punjab & ICT,Kashan Mirza,male,overseas-pakistani,"Doha, Qatar",Qatar,english-urdu-mix,5,"Doha, Qatar se driving license renewal ka kaam karna na mumkin lagta tha. Rishtedaron ko takleef dena pasand nahi tha. PakExcise ne bahut professional andaaz se kaam kiya. Sab kuch ghar baithe ho gaya. Pakistani expats ke liye yeh service bohat zaroori hai."
REV0118,service:driving-license-renewal-punjab-ict,Driving License Renewal Punjab & ICT,Mateen ul Haq,male,overseas-pakistani,Singapore,Singapore,english,5,"As a Pakistani expat in Singapore I cannot easily take leave and fly back for every vehicle matter. PakExcise is the solution I was looking for. Their team is professional, responsive, and completely trustworthy. My driving license renewal was completed without any issues. Highly recommend to all overseas Pakistanis."
REV0119,service:driving-license-renewal-punjab-ict,Driving License Renewal Punjab & ICT,Fareeha Malik,female,overseas-pakistani,"Beijing, China",China,english-urdu-mix,5,"Beijing, China mein hoon aur Pakistan mein driving license renewal ka masla tha. Koi relative bhi available nahi tha. PakExcise ko WhatsApp kiya aur unhon ne foran respond kiya. Kaam kar diya professionally. Ab yeh mera go-to service hai Pakistan ke saare vehicle kaam ke liye."
REV0120,service:driving-license-renewal-punjab-ict,Driving License Renewal Punjab & ICT,Nabeel Siddiqui,male,overseas-pakistani,"Shanghai, China",China,english,5,"I had been postponing my driving license renewal for two years because I could not manage it from Shanghai, China. A friend in Dubai told me about PakExcise. I contacted them and they resolved everything within days. All documents were sent to my address in Pakistan. Very reliable and honest team."
REV0121,service:driving-license-renewal-punjab-ict,Driving License Renewal Punjab & ICT,Obaid Cheema,male,overseas-pakistani,"Dubai, UAE",UAE,english-urdu-mix,5,"Bhai Dubai, UAE mein reh ke Pakistan ke government kaam karwana bahut mushkil hota hai. Rishtedar bhi itna time nahi dete. PakExcise wale ne driving license renewal ka kaam bilkul smoothly kar diya. Paise bhi seedhi baat pe liye — koi chupaav nahi. Aise service chahiye hoti hai."
REV0122,service:driving-license-renewal-punjab-ict,Driving License Renewal Punjab & ICT,Qader Malik,male,overseas-pakistani,"Abu Dhabi, UAE",UAE,english,5,"Being in Abu Dhabi, UAE for the past 2 years, I completely lost track of how Pakistani government processes work. PakExcise team not only handled my driving license renewal but also explained everything clearly so I was never confused. This is the kind of professional service overseas Pakistanis desperately need."
REV0123,service:driving-license-renewal-punjab-ict,Driving License Renewal Punjab & ICT,Laiba Sheikh,female,overseas-pakistani,"Sharjah, UAE",UAE,english-urdu-mix,5,"Main Sharjah, UAE mein hoon lekin Pakistan mein mere naam pe gaari hai aur driving license renewal ka masla tha. Kisi pe depend nahi karna chahta tha. PakExcise ne poora kaam kar diya aur mujhe sirf payment karni thi. Trust worthy aur fast service. Dil khush ho gaya."
REV0124,service:driving-license-renewal-punjab-ict,Driving License Renewal Punjab & ICT,Shaheen Awan,male,overseas-pakistani,"Riyadh, Saudi Arabia",Saudi Arabia,english,5,"PakExcise is a lifesaver for Pakistani expats. I am in Riyadh, Saudi Arabia and my driving license renewal was pending for months. No one back home could manage it properly. PakExcise sorted it in days. Professional communication, clear fees, and excellent follow-through. Five stars easily."
REV0125,service:driving-license-renewal-punjab-ict,Driving License Renewal Punjab & ICT,Umar Hanif,male,overseas-pakistani,"Jeddah, Saudi Arabia",Saudi Arabia,english-urdu-mix,5,"Yaar Jeddah, Saudi Arabia se Pakistan aakar sirf sarkari kaam ke liye chutti lena possible nahi. PakExcise ne yeh problem solve kar di. driving license renewal remotely ho gaya. Bilkul sahi documentation aur time pe delivery. Mera sara Pakistan ka vehicle kaam ab inhi ke through hoga."
REV0126,service:e-challan,E-Challan,Salman Raja,male,local,Pakistan,Pakistan,pakistani-english,4,Yaar I had two e-challans on my car that I did not even know about. PakExcise helped me check and clear both. They explained the whole process and got it done fast. Now my vehicle record is clean. Great service for people who don't know these online systems.
REV0127,service:e-challan,E-Challan,Usman Ghani,male,local,Pakistan,Pakistan,pakistani-english,4,Traffic police had issued challan on my car number without my knowledge. When I went to get fitness certificate the officer told me about it. I was panicking but PakExcise team resolved it within 48 hours. Professional and trustworthy. Highly recommend.
REV0128,service:e-challan,E-Challan,Asad Qamar,male,local,Pakistan,Pakistan,pakistani-english,4,"I tried to pay e-challan myself on the website but kept getting errors. PakExcise team did it for me without any fuss. Simple process, good communication, affordable charges. Exactly the kind of service Pakistan needs. Will recommend to friends."
REV0129,service:e-challan,E-Challan,Babar Azeem,male,local,Pakistan,Pakistan,english-urdu-mix,5,E-challan payment mein akele bahut mushkil thi mujhe kyunke website hamesha error deti hai. PakExcise ne foran kaam kar diya. Charge bhi thora tha aur service mast rahi. Ab yahi karunga agle saal bhi.
REV0130,service:e-challan,E-Challan,Saima Arshad,female,local,Pakistan,Pakistan,english-urdu-mix,5,Mere gaaon mein challan ka pata bhi na tha mujhe. Jab gaari ki naql-o-harkat ki check hui tab pata chala. PakExcise ne 2 din mein saare challans clear kar diye. Wah bhai wah! Bahut shareef aur honest log hain.
REV0131,service:e-challan,E-Challan,Muhammad Naveed,male,overseas-pakistani,"Dammam, Saudi Arabia",Saudi Arabia,english-urdu-mix,4,"Dammam, Saudi Arabia se apni gaari ke e-challan payment ke liye bohat pareshaan tha. Ek cousin ne PakExcise bataya. Unhon ne jaldi contact liya aur kaam shuru kar diya. Koi rishtedar takleef mein nahi daala. Khud handle ho gaya sara kaam. Yeh service Pakistan ka future hai."
REV0132,service:e-challan,E-Challan,Asim Raza,male,overseas-pakistani,"London, UK",UK,english,4,"Highly recommend PakExcise to all overseas Pakistanis. I am in London, UK and sorted my e-challan through them completely remotely. They clearly explained fees, sent me step-by-step updates, and delivered results. Honest and professional team. Finally a reliable service for expats."
REV0133,service:e-challan,E-Challan,Talha Farooqi,male,overseas-pakistani,"Manchester, UK",UK,english-urdu-mix,4,"Main ne Manchester, UK se PakExcise ko contact kiya apni e-challan payment ke masle ke baray mein. Jitna darr tha itna kuch nahi hua. Bahut professional log hain. Sab kuch online handle ho gaya. Pakistan mein agar sab log aise kaam karein to mulk bahut aagay jay ga."
REV0134,service:e-challan,E-Challan,Zainab Hussain,female,overseas-pakistani,"Birmingham, UK",UK,english,5,"After years of relying on relatives and paying local agents who never delivered, I found PakExcise while looking online from Birmingham, UK. They sorted my e-challan professionally and honestly. No middleman games, no extra unofficial payments. Just proper service at a fair price."
REV0135,service:e-challan,E-Challan,Imtiaz Shah,male,overseas-pakistani,"New York, USA",USA,english-urdu-mix,4,"New York, USA mein hoon aur Pakistan mein e-challan payment ki bohat zaroorat thi. PakExcise se bahut umeed nahi thi lekin unhon ne kamaal kar diya. Kaam time pe hua aur charges bhi reasonable the. Ab inhe hi use karunga Pakistan ke sab vehicle kaam ke liye. Shukriya PakExcise."
REV0136,service:e-challan,E-Challan,Rehan Siddiqui,male,overseas-pakistani,"Houston, USA",USA,english-urdu-mix,5,"Houston, USA mein rehta hoon aur Pakistan mein apni e-challan payment ke liye PakExcise ko use kiya. Ghar se door hokar government kaam karna bahut mushkil tha lekin PakExcise ne sara kaam kar diya. WhatsApp pe updates dete rahe. Bahut acha service hai."
REV0137,service:e-challan,E-Challan,Waqas Anwar,male,overseas-pakistani,"Chicago, USA",USA,english,5,"I am based in Chicago, USA and have been away from Pakistan for 4 years. Managing e-challan from abroad was a big headache until I found PakExcise. They handled everything remotely, kept me informed through WhatsApp, and I did not have to ask a single relative for help. Brilliant service."
REV0138,service:e-challan,E-Challan,Fawad Hussain,male,overseas-pakistani,"Kuwait City, Kuwait",Kuwait,english,5,"Living in Kuwait City, Kuwait, I always struggled to get my Pakistan vehicle documents sorted during my yearly visit. PakExcise completely removed that stress. I contacted them from here, they arranged everything, and by the time I came to Pakistan for my short visit everything was ready. Highly recommended for overseas Pakistanis."
REV0139,service:e-challan,E-Challan,Mehwish Tariq,female,overseas-pakistani,"Istanbul, Turkey",Turkey,english-urdu-mix,5,"Istanbul, Turkey se e-challan payment ka kaam karna na mumkin lagta tha. Rishtedaron ko takleef dena pasand nahi tha. PakExcise ne bahut professional andaaz se kaam kiya. Sab kuch ghar baithe ho gaya. Pakistani expats ke liye yeh service bohat zaroori hai."
REV0140,service:e-challan,E-Challan,Zeeshan Chaudhry,male,overseas-pakistani,"Ankara, Turkey",Turkey,english,4,"As a Pakistani expat in Ankara, Turkey I cannot easily take leave and fly back for every vehicle matter. PakExcise is the solution I was looking for. Their team is professional, responsive, and completely trustworthy. My e-challan was completed without any issues. Highly recommend to all overseas Pakistanis."
REV0141,service:e-challan,E-Challan,Shahbaz Malik,male,overseas-pakistani,"Doha, Qatar",Qatar,english-urdu-mix,4,"Doha, Qatar mein hoon aur Pakistan mein e-challan payment ka masla tha. Koi relative bhi available nahi tha. PakExcise ko WhatsApp kiya aur unhon ne foran respond kiya. Kaam kar diya professionally. Ab yeh mera go-to service hai Pakistan ke saare vehicle kaam ke liye."
REV0142,service:e-challan,E-Challan,Hassan Khalid,male,overseas-pakistani,Singapore,Singapore,english,5,I had been postponing my e-challan for two years because I could not manage it from Singapore. A friend in Dubai told me about PakExcise. I contacted them and they resolved everything within days. All documents were sent to my address in Pakistan. Very reliable and honest team.
REV0143,service:e-challan,E-Challan,Arslan Butt,male,overseas-pakistani,"Beijing, China",China,english-urdu-mix,4,"Bhai Beijing, China mein reh ke Pakistan ke government kaam karwana bahut mushkil hota hai. Rishtedar bhi itna time nahi dete. PakExcise wale ne e-challan payment ka kaam bilkul smoothly kar diya. Paise bhi seedhi baat pe liye — koi chupaav nahi. Aise service chahiye hoti hai."
REV0144,service:e-challan,E-Challan,Sadia Rahman,female,overseas-pakistani,"Shanghai, China",China,english,5,"Being in Shanghai, China for the past 3 years, I completely lost track of how Pakistani government processes work. PakExcise team not only handled my e-challan but also explained everything clearly so I was never confused. This is the kind of professional service overseas Pakistanis desperately need."
REV0145,service:e-challan,E-Challan,Tariq Pervaiz,male,overseas-pakistani,"Dubai, UAE",UAE,english-urdu-mix,4,"Main Dubai, UAE mein hoon lekin Pakistan mein mere naam pe gaari hai aur e-challan payment ka masla tha. Kisi pe depend nahi karna chahta tha. PakExcise ne poora kaam kar diya aur mujhe sirf payment karni thi. Trust worthy aur fast service. Dil khush ho gaya."
REV0146,service:e-challan,E-Challan,Khurram Bashir,male,overseas-pakistani,"Abu Dhabi, UAE",UAE,english,4,"PakExcise is a lifesaver for Pakistani expats. I am in Abu Dhabi, UAE and my e-challan was pending for months. No one back home could manage it properly. PakExcise sorted it in days. Professional communication, clear fees, and excellent follow-through. Five stars easily."
REV0147,service:e-challan,E-Challan,Daud Ahmed,male,overseas-pakistani,"Sharjah, UAE",UAE,english-urdu-mix,5,"Yaar Sharjah, UAE se Pakistan aakar sirf sarkari kaam ke liye chutti lena possible nahi. PakExcise ne yeh problem solve kar di. e-challan payment remotely ho gaya. Bilkul sahi documentation aur time pe delivery. Mera sara Pakistan ka vehicle kaam ab inhi ke through hoga."
REV0148,service:e-challan,E-Challan,Aisha Pervaiz,female,overseas-pakistani,"Riyadh, Saudi Arabia",Saudi Arabia,english,5,"From Riyadh, Saudi Arabia I managed to get my e-challan handled completely by PakExcise. The whole process was remote — I just sent scanned documents and they did the rest. Updates were regular on WhatsApp. This is exactly what was needed for overseas Pakistanis. Excellent work."
REV0149,service:e-challan,E-Challan,Saad ul Haq,male,overseas-pakistani,"Jeddah, Saudi Arabia",Saudi Arabia,english-urdu-mix,5,"Jo log Jeddah, Saudi Arabia jaise mulkon mein rehte hain unhe pata hai ke Pakistan ke government offices mein kaam karwana kitna mushkil hota hai remotely. PakExcise ne yeh asaan kar diya. e-challan payment bina kisi jhamele ke ho gaya. Bohot khush hoon aur sabko recommend karta hoon."
REV0150,service:e-challan,E-Challan,Noman Iqbal,male,overseas-pakistani,"Dammam, Saudi Arabia",Saudi Arabia,english,4,"I work in Dammam, Saudi Arabia and fly back to Pakistan only once a year. My e-challan had been pending for two years. PakExcise resolved it without needing my physical presence. That is exactly the kind of service Pakistani expats need. Absolutely trustworthy and professional."
REV0151,service:learner-license,Learner's License,Danyal Rehman,male,local,Pakistan,Pakistan,pakistani-english,5,"Got my learner license through PakExcise. Very smooth process. They told me which documents were needed, helped with the form, and guided through the whole thing. Much better than trying to figure it out myself from government website which never works properly."
REV0152,service:learner-license,Learner's License,Furqan Sheikh,male,local,Pakistan,Pakistan,pakistani-english,4,I was confused about learner license requirements. PakExcise cleared all my confusion and helped me complete the process. Their knowledge of the current requirements is very up to date. Good service at reasonable price. Will tell my friends about this.
REV0153,service:learner-license,Learner's License,Ghulam Mustafa,male,local,Pakistan,Pakistan,pakistani-english,4,"Learner license process done through PakExcise without any problem. The staff is knowledgeable and very cooperative. They respond quickly on WhatsApp and keep you informed. If you are young and applying for first time, this service will save you a lot of trouble."
REV0154,service:learner-license,Learner's License,Hasnain Raza,male,local,Pakistan,Pakistan,english-urdu-mix,5,Bhai mera beta pehli baar learner license le raha tha. Main ne PakExcise se rabta kiya aur unhon ne poori guidance di. Documents se le kar final license tak sab theek raha. Bahut shukriya.
REV0155,service:learner-license,Learner's License,Hira Butt,female,local,Pakistan,Pakistan,english-urdu-mix,5,Learner license ke liye government website pe bahut confusion tha. PakExcise ne bilkul clear kar diya ke kya kya chahiye. Process smoothly complete hua. Reasonable fees the. Recommend karta hoon sabko.
REV0156,service:learner-license,Learner's License,Jawad Karimi,male,overseas-pakistani,"London, UK",UK,english,4,"After years of relying on relatives and paying local agents who never delivered, I found PakExcise while looking online from London, UK. They sorted my learner license application professionally and honestly. No middleman games, no extra unofficial payments. Just proper service at a fair price."
REV0157,service:learner-license,Learner's License,Yasir Hashmi,male,overseas-pakistani,"Manchester, UK",UK,english-urdu-mix,5,"Manchester, UK mein hoon aur Pakistan mein learner license ki bohat zaroorat thi. PakExcise se bahut umeed nahi thi lekin unhon ne kamaal kar diya. Kaam time pe hua aur charges bhi reasonable the. Ab inhe hi use karunga Pakistan ke sab vehicle kaam ke liye. Shukriya PakExcise."
REV0158,service:learner-license,Learner's License,Omer Farooq,male,overseas-pakistani,"Birmingham, UK",UK,english-urdu-mix,5,"Birmingham, UK mein rehta hoon aur Pakistan mein apni learner license ke liye PakExcise ko use kiya. Ghar se door hokar government kaam karna bahut mushkil tha lekin PakExcise ne sara kaam kar diya. WhatsApp pe updates dete rahe. Bahut acha service hai."
REV0159,service:learner-license,Learner's License,Rukhsar Ahmed,female,overseas-pakistani,"New York, USA",USA,english,5,"I am based in New York, USA and have been away from Pakistan for 5 years. Managing learner license application from abroad was a big headache until I found PakExcise. They handled everything remotely, kept me informed through WhatsApp, and I did not have to ask a single relative for help. Brilliant service."
REV0160,service:learner-license,Learner's License,Rizwan Mehmood,male,overseas-pakistani,"Houston, USA",USA,english,4,"Living in Houston, USA, I always struggled to get my Pakistan vehicle documents sorted during my yearly visit. PakExcise completely removed that stress. I contacted them from here, they arranged everything, and by the time I came to Pakistan for my short visit everything was ready. Highly recommended for overseas Pakistanis."
REV0161,service:learner-license,Learner's License,Kashif Abbasi,male,overseas-pakistani,"Chicago, USA",USA,english-urdu-mix,4,"Chicago, USA se learner license ka kaam karna na mumkin lagta tha. Rishtedaron ko takleef dena pasand nahi tha. PakExcise ne bahut professional andaaz se kaam kiya. Sab kuch ghar baithe ho gaya. Pakistani expats ke liye yeh service bohat zaroori hai."
REV0162,service:learner-license,Learner's License,Irfan Qureshi,male,overseas-pakistani,"Kuwait City, Kuwait",Kuwait,english,5,"As a Pakistani expat in Kuwait City, Kuwait I cannot easily take leave and fly back for every vehicle matter. PakExcise is the solution I was looking for. Their team is professional, responsive, and completely trustworthy. My learner license application was completed without any issues. Highly recommend to all overseas Pakistanis."
REV0163,service:learner-license,Learner's License,Sohail Latif,male,overseas-pakistani,"Istanbul, Turkey",Turkey,english-urdu-mix,5,"Istanbul, Turkey mein hoon aur Pakistan mein learner license ka masla tha. Koi relative bhi available nahi tha. PakExcise ko WhatsApp kiya aur unhon ne foran respond kiya. Kaam kar diya professionally. Ab yeh mera go-to service hai Pakistan ke saare vehicle kaam ke liye."
REV0164,service:learner-license,Learner's License,Nosheen Ali,female,overseas-pakistani,"Ankara, Turkey",Turkey,english,5,"I had been postponing my learner license application for two years because I could not manage it from Ankara, Turkey. A friend in Dubai told me about PakExcise. I contacted them and they resolved everything within days. All documents were sent to my address in Pakistan. Very reliable and honest team."
REV0165,service:learner-license,Learner's License,Bilal Shaukat,male,overseas-pakistani,"Doha, Qatar",Qatar,english-urdu-mix,5,"Bhai Doha, Qatar mein reh ke Pakistan ke government kaam karwana bahut mushkil hota hai. Rishtedar bhi itna time nahi dete. PakExcise wale ne learner license ka kaam bilkul smoothly kar diya. Paise bhi seedhi baat pe liye — koi chupaav nahi. Aise service chahiye hoti hai."
REV0166,service:learner-license,Learner's License,Aamir Zaman,male,overseas-pakistani,Singapore,Singapore,english,5,"Being in Singapore for the past 4 years, I completely lost track of how Pakistani government processes work. PakExcise team not only handled my learner license application but also explained everything clearly so I was never confused. This is the kind of professional service overseas Pakistanis desperately need."
REV0167,service:learner-license,Learner's License,Adeel Naseem,male,overseas-pakistani,"Beijing, China",China,english-urdu-mix,5,"Main Beijing, China mein hoon lekin Pakistan mein mere naam pe gaari hai aur learner license ka masla tha. Kisi pe depend nahi karna chahta tha. PakExcise ne poora kaam kar diya aur mujhe sirf payment karni thi. Trust worthy aur fast service. Dil khush ho gaya."
REV0168,service:learner-license,Learner's License,Sajid ur Rehman,male,overseas-pakistani,"Shanghai, China",China,english,5,"PakExcise is a lifesaver for Pakistani expats. I am in Shanghai, China and my learner license application was pending for months. No one back home could manage it properly. PakExcise sorted it in days. Professional communication, clear fees, and excellent follow-through. Five stars easily."
REV0169,service:learner-license,Learner's License,Iqra Butt,female,overseas-pakistani,"Dubai, UAE",UAE,english-urdu-mix,5,"Yaar Dubai, UAE se Pakistan aakar sirf sarkari kaam ke liye chutti lena possible nahi. PakExcise ne yeh problem solve kar di. learner license remotely ho gaya. Bilkul sahi documentation aur time pe delivery. Mera sara Pakistan ka vehicle kaam ab inhi ke through hoga."
REV0170,service:learner-license,Learner's License,Haroon Qaiser,male,overseas-pakistani,"Abu Dhabi, UAE",UAE,english,4,"From Abu Dhabi, UAE I managed to get my learner license application handled completely by PakExcise. The whole process was remote — I just sent scanned documents and they did the rest. Updates were regular on WhatsApp. This is exactly what was needed for overseas Pakistanis. Excellent work."
REV0171,service:learner-license,Learner's License,Muneeb Aslam,male,overseas-pakistani,"Sharjah, UAE",UAE,english-urdu-mix,5,"Jo log Sharjah, UAE jaise mulkon mein rehte hain unhe pata hai ke Pakistan ke government offices mein kaam karwana kitna mushkil hota hai remotely. PakExcise ne yeh asaan kar diya. learner license bina kisi jhamele ke ho gaya. Bohot khush hoon aur sabko recommend karta hoon."
REV0172,service:learner-license,Learner's License,Ghulam Abbas,male,overseas-pakistani,"Riyadh, Saudi Arabia",Saudi Arabia,english,5,"I work in Riyadh, Saudi Arabia and fly back to Pakistan only once a year. My learner license application had been pending for two years. PakExcise resolved it without needing my physical presence. That is exactly the kind of service Pakistani expats need. Absolutely trustworthy and professional."
REV0173,service:learner-license,Learner's License,Sundas Khan,female,overseas-pakistani,"Jeddah, Saudi Arabia",Saudi Arabia,english-urdu-mix,5,"Jeddah, Saudi Arabia se apni gaari ke learner license ke liye bohat pareshaan tha. Ek cousin ne PakExcise bataya. Unhon ne jaldi contact liya aur kaam shuru kar diya. Koi rishtedar takleef mein nahi daala. Khud handle ho gaya sara kaam. Yeh service Pakistan ka future hai."
REV0174,service:learner-license,Learner's License,Hamid Waseem,male,overseas-pakistani,"Dammam, Saudi Arabia",Saudi Arabia,english,4,"Highly recommend PakExcise to all overseas Pakistanis. I am in Dammam, Saudi Arabia and sorted my learner license application through them completely remotely. They clearly explained fees, sent me step-by-step updates, and delivered results. Honest and professional team. Finally a reliable service for expats."
REV0175,service:learner-license,Learner's License,Zaheer ul Islam,male,overseas-pakistani,"London, UK",UK,english-urdu-mix,5,"Main ne London, UK se PakExcise ko contact kiya apni learner license ke masle ke baray mein. Jitna darr tha itna kuch nahi hua. Bahut professional log hain. Sab kuch online handle ho gaya. Pakistan mein agar sab log aise kaam karein to mulk bahut aagay jay ga."
REV0176,service:learner-license-punjab-ict,Learner License Punjab & ICT,Irfan Baig,male,local,Pakistan,Pakistan,pakistani-english,4,I was confused about learner license requirements. PakExcise cleared all my confusion and helped me complete the process. Their knowledge of the current requirements is very up to date. Good service at reasonable price. Will tell my friends about this.
REV0177,service:learner-license-punjab-ict,Learner License Punjab & ICT,Jameel Dar,male,local,Pakistan,Pakistan,pakistani-english,4,"Learner license process done through PakExcise without any problem. The staff is knowledgeable and very cooperative. They respond quickly on WhatsApp and keep you informed. If you are young and applying for first time, this service will save you a lot of trouble."
REV0178,service:learner-license-punjab-ict,Learner License Punjab & ICT,Khalid Mehmood,male,local,Pakistan,Pakistan,pakistani-english,5,I had applied for learner license myself and it got rejected due to some document issue. Then I contacted PakExcise. They identified the problem immediately and helped me reapply correctly. Got my license without further delay. Very grateful for their help.
REV0179,service:learner-license-punjab-ict,Learner License Punjab & ICT,Luqman Qureshi,male,local,Pakistan,Pakistan,english-urdu-mix,5,Learner license ke liye government website pe bahut confusion tha. PakExcise ne bilkul clear kar diya ke kya kya chahiye. Process smoothly complete hua. Reasonable fees the. Recommend karta hoon sabko.
REV0180,service:learner-license-punjab-ict,Learner License Punjab & ICT,Zara Sheikh,female,local,Pakistan,Pakistan,english-urdu-mix,5,Bhai mera beta pehli baar learner license le raha tha. Main ne PakExcise se rabta kiya aur unhon ne poori guidance di. Documents se le kar final license tak sab theek raha. Bahut shukriya.
REV0181,service:learner-license-punjab-ict,Learner License Punjab & ICT,Arif Gill,male,overseas-pakistani,"Manchester, UK",UK,english,4,"I am based in Manchester, UK and have been away from Pakistan for 6 years. Managing learner license application from abroad was a big headache until I found PakExcise. They handled everything remotely, kept me informed through WhatsApp, and I did not have to ask a single relative for help. Brilliant service."
REV0182,service:learner-license-punjab-ict,Learner License Punjab & ICT,Kashan Mirza,male,overseas-pakistani,"Birmingham, UK",UK,english,5,"Living in Birmingham, UK, I always struggled to get my Pakistan vehicle documents sorted during my yearly visit. PakExcise completely removed that stress. I contacted them from here, they arranged everything, and by the time I came to Pakistan for my short visit everything was ready. Highly recommended for overseas Pakistanis."
REV0183,service:learner-license-punjab-ict,Learner License Punjab & ICT,Mateen ul Haq,male,overseas-pakistani,"New York, USA",USA,english-urdu-mix,4,"New York, USA se learner license ka kaam karna na mumkin lagta tha. Rishtedaron ko takleef dena pasand nahi tha. PakExcise ne bahut professional andaaz se kaam kiya. Sab kuch ghar baithe ho gaya. Pakistani expats ke liye yeh service bohat zaroori hai."
REV0184,service:learner-license-punjab-ict,Learner License Punjab & ICT,Fareeha Malik,female,overseas-pakistani,"Houston, USA",USA,english,5,"As a Pakistani expat in Houston, USA I cannot easily take leave and fly back for every vehicle matter. PakExcise is the solution I was looking for. Their team is professional, responsive, and completely trustworthy. My learner license application was completed without any issues. Highly recommend to all overseas Pakistanis."
REV0185,service:learner-license-punjab-ict,Learner License Punjab & ICT,Nabeel Siddiqui,male,overseas-pakistani,"Chicago, USA",USA,english-urdu-mix,4,"Chicago, USA mein hoon aur Pakistan mein learner license ka masla tha. Koi relative bhi available nahi tha. PakExcise ko WhatsApp kiya aur unhon ne foran respond kiya. Kaam kar diya professionally. Ab yeh mera go-to service hai Pakistan ke saare vehicle kaam ke liye."
REV0186,service:learner-license-punjab-ict,Learner License Punjab & ICT,Obaid Cheema,male,overseas-pakistani,"Kuwait City, Kuwait",Kuwait,english,5,"I had been postponing my learner license application for two years because I could not manage it from Kuwait City, Kuwait. A friend in Dubai told me about PakExcise. I contacted them and they resolved everything within days. All documents were sent to my address in Pakistan. Very reliable and honest team."
REV0187,service:learner-license-punjab-ict,Learner License Punjab & ICT,Qader Malik,male,overseas-pakistani,"Istanbul, Turkey",Turkey,english-urdu-mix,4,"Bhai Istanbul, Turkey mein reh ke Pakistan ke government kaam karwana bahut mushkil hota hai. Rishtedar bhi itna time nahi dete. PakExcise wale ne learner license ka kaam bilkul smoothly kar diya. Paise bhi seedhi baat pe liye — koi chupaav nahi. Aise service chahiye hoti hai."
REV0188,service:learner-license-punjab-ict,Learner License Punjab & ICT,Shaheen Awan,male,overseas-pakistani,"Ankara, Turkey",Turkey,english,5,"Being in Ankara, Turkey for the past 5 years, I completely lost track of how Pakistani government processes work. PakExcise team not only handled my learner license application but also explained everything clearly so I was never confused. This is the kind of professional service overseas Pakistanis desperately need."
REV0189,service:learner-license-punjab-ict,Learner License Punjab & ICT,Laiba Sheikh,female,overseas-pakistani,"Doha, Qatar",Qatar,english-urdu-mix,5,"Main Doha, Qatar mein hoon lekin Pakistan mein mere naam pe gaari hai aur learner license ka masla tha. Kisi pe depend nahi karna chahta tha. PakExcise ne poora kaam kar diya aur mujhe sirf payment karni thi. Trust worthy aur fast service. Dil khush ho gaya."
REV0190,service:learner-license-punjab-ict,Learner License Punjab & ICT,Umar Hanif,male,overseas-pakistani,Singapore,Singapore,english,5,"PakExcise is a lifesaver for Pakistani expats. I am in Singapore and my learner license application was pending for months. No one back home could manage it properly. PakExcise sorted it in days. Professional communication, clear fees, and excellent follow-through. Five stars easily."
REV0191,service:learner-license-punjab-ict,Learner License Punjab & ICT,Muhammad Naveed,male,overseas-pakistani,"Beijing, China",China,english-urdu-mix,5,"Yaar Beijing, China se Pakistan aakar sirf sarkari kaam ke liye chutti lena possible nahi. PakExcise ne yeh problem solve kar di. learner license remotely ho gaya. Bilkul sahi documentation aur time pe delivery. Mera sara Pakistan ka vehicle kaam ab inhi ke through hoga."
REV0192,service:learner-license-punjab-ict,Learner License Punjab & ICT,Asim Raza,male,overseas-pakistani,"Shanghai, China",China,english,5,"From Shanghai, China I managed to get my learner license application handled completely by PakExcise. The whole process was remote — I just sent scanned documents and they did the rest. Updates were regular on WhatsApp. This is exactly what was needed for overseas Pakistanis. Excellent work."
REV0193,service:learner-license-punjab-ict,Learner License Punjab & ICT,Talha Farooqi,male,overseas-pakistani,"Dubai, UAE",UAE,english-urdu-mix,4,"Jo log Dubai, UAE jaise mulkon mein rehte hain unhe pata hai ke Pakistan ke government offices mein kaam karwana kitna mushkil hota hai remotely. PakExcise ne yeh asaan kar diya. learner license bina kisi jhamele ke ho gaya. Bohot khush hoon aur sabko recommend karta hoon."
REV0194,service:learner-license-punjab-ict,Learner License Punjab & ICT,Zainab Hussain,female,overseas-pakistani,"Abu Dhabi, UAE",UAE,english,5,"I work in Abu Dhabi, UAE and fly back to Pakistan only once a year. My learner license application had been pending for two years. PakExcise resolved it without needing my physical presence. That is exactly the kind of service Pakistani expats need. Absolutely trustworthy and professional."
REV0195,service:learner-license-punjab-ict,Learner License Punjab & ICT,Imtiaz Shah,male,overseas-pakistani,"Sharjah, UAE",UAE,english-urdu-mix,5,"Sharjah, UAE se apni gaari ke learner license ke liye bohat pareshaan tha. Ek cousin ne PakExcise bataya. Unhon ne jaldi contact liya aur kaam shuru kar diya. Koi rishtedar takleef mein nahi daala. Khud handle ho gaya sara kaam. Yeh service Pakistan ka future hai."
REV0196,service:learner-license-punjab-ict,Learner License Punjab & ICT,Rehan Siddiqui,male,overseas-pakistani,"Riyadh, Saudi Arabia",Saudi Arabia,english,4,"Highly recommend PakExcise to all overseas Pakistanis. I am in Riyadh, Saudi Arabia and sorted my learner license application through them completely remotely. They clearly explained fees, sent me step-by-step updates, and delivered results. Honest and professional team. Finally a reliable service for expats."
REV0197,service:learner-license-punjab-ict,Learner License Punjab & ICT,Waqas Anwar,male,overseas-pakistani,"Jeddah, Saudi Arabia",Saudi Arabia,english-urdu-mix,5,"Main ne Jeddah, Saudi Arabia se PakExcise ko contact kiya apni learner license ke masle ke baray mein. Jitna darr tha itna kuch nahi hua. Bahut professional log hain. Sab kuch online handle ho gaya. Pakistan mein agar sab log aise kaam karein to mulk bahut aagay jay ga."
REV0198,service:learner-license-punjab-ict,Learner License Punjab & ICT,Mehwish Tariq,female,overseas-pakistani,"Dammam, Saudi Arabia",Saudi Arabia,english,5,"After years of relying on relatives and paying local agents who never delivered, I found PakExcise while looking online from Dammam, Saudi Arabia. They sorted my learner license application professionally and honestly. No middleman games, no extra unofficial payments. Just proper service at a fair price."
REV0199,service:learner-license-punjab-ict,Learner License Punjab & ICT,Fawad Hussain,male,overseas-pakistani,"London, UK",UK,english-urdu-mix,5,"London, UK mein hoon aur Pakistan mein learner license ki bohat zaroorat thi. PakExcise se bahut umeed nahi thi lekin unhon ne kamaal kar diya. Kaam time pe hua aur charges bhi reasonable the. Ab inhe hi use karunga Pakistan ke sab vehicle kaam ke liye. Shukriya PakExcise."
REV0200,service:learner-license-punjab-ict,Learner License Punjab & ICT,Zeeshan Chaudhry,male,overseas-pakistani,"Manchester, UK",UK,english-urdu-mix,5,"Manchester, UK mein rehta hoon aur Pakistan mein apni learner license ke liye PakExcise ko use kiya. Ghar se door hokar government kaam karna bahut mushkil tha lekin PakExcise ne sara kaam kar diya. WhatsApp pe updates dete rahe. Bahut acha service hai."
REV0201,service:new-vehicle-registration,New Vehicle Registration,Mudassir Anwar,male,local,Pakistan,Pakistan,pakistani-english,5,PakExcise completed my new car registration in Punjab without any hassle. I just shared the documents they asked for and they did everything. Very cost effective compared to hiring a local agent who overcharges and still delays. This service is genuinely good.
REV0202,service:new-vehicle-registration,New Vehicle Registration,Nasir Hamid,male,local,Pakistan,Pakistan,pakistani-english,5,Bought my first car and was nervous about registration. My office colleague told me to try PakExcise. They were very patient with my questions and guided me at every step. Registration completed without issue. Felt safe trusting them with my documents.
REV0203,service:new-vehicle-registration,New Vehicle Registration,Obaid Ullah,male,local,Pakistan,Pakistan,pakistani-english,5,"Bought a new motorcycle and had no idea about registration process. Documents, forms, fees, verification — everything was confusing. PakExcise team explained everything clearly and handled complete registration. Number plate came on time too. Excellent service."
REV0204,service:new-vehicle-registration,New Vehicle Registration,Parvaiz Akhtar,male,local,Pakistan,Pakistan,english-urdu-mix,5,Nai gaari li thi aur registration ka pata nahi tha bilkul. PakExcise ne step by step guide kiya. Sab kuch time pe ho gaya number plate bhi mil gayi. Koi hidden charge nahi tha — yahi sab se badi baat hai!
REV0205,service:new-vehicle-registration,New Vehicle Registration,Faiza Khan,female,local,Pakistan,Pakistan,english-urdu-mix,5,"Naya motorcycle khareedha aur registration ke liye itna chakkar tha ke pata nahi kahan se shuru karein. Dost ne PakExcise bataya. Unhon ne sab kuch kar diya. Mast service, bilkul recommended!"
REV0206,service:new-vehicle-registration,New Vehicle Registration,Shahbaz Malik,male,overseas-pakistani,"Birmingham, UK",UK,english,4,"As a Pakistani expat in Birmingham, UK I cannot easily take leave and fly back for every vehicle matter. PakExcise is the solution I was looking for. Their team is professional, responsive, and completely trustworthy. My new vehicle registration was completed without any issues. Highly recommend to all overseas Pakistanis."
REV0207,service:new-vehicle-registration,New Vehicle Registration,Hassan Khalid,male,overseas-pakistani,"New York, USA",USA,english-urdu-mix,5,"New York, USA mein hoon aur Pakistan mein vehicle registration ka masla tha. Koi relative bhi available nahi tha. PakExcise ko WhatsApp kiya aur unhon ne foran respond kiya. Kaam kar diya professionally. Ab yeh mera go-to service hai Pakistan ke saare vehicle kaam ke liye."
REV0208,service:new-vehicle-registration,New Vehicle Registration,Arslan Butt,male,overseas-pakistani,"Houston, USA",USA,english,4,"I had been postponing my new vehicle registration for two years because I could not manage it from Houston, USA. A friend in Dubai told me about PakExcise. I contacted them and they resolved everything within days. All documents were sent to my address in Pakistan. Very reliable and honest team."
REV0209,service:new-vehicle-registration,New Vehicle Registration,Sadia Rahman,female,overseas-pakistani,"Chicago, USA",USA,english-urdu-mix,5,"Bhai Chicago, USA mein reh ke Pakistan ke government kaam karwana bahut mushkil hota hai. Rishtedar bhi itna time nahi dete. PakExcise wale ne vehicle registration ka kaam bilkul smoothly kar diya. Paise bhi seedhi baat pe liye — koi chupaav nahi. Aise service chahiye hoti hai."
REV0210,service:new-vehicle-registration,New Vehicle Registration,Tariq Pervaiz,male,overseas-pakistani,"Kuwait City, Kuwait",Kuwait,english,4,"Being in Kuwait City, Kuwait for the past 6 years, I completely lost track of how Pakistani government processes work. PakExcise team not only handled my new vehicle registration but also explained everything clearly so I was never confused. This is the kind of professional service overseas Pakistanis desperately need."
REV0211,service:new-vehicle-registration,New Vehicle Registration,Khurram Bashir,male,overseas-pakistani,"Istanbul, Turkey",Turkey,english-urdu-mix,5,"Main Istanbul, Turkey mein hoon lekin Pakistan mein mere naam pe gaari hai aur vehicle registration ka masla tha. Kisi pe depend nahi karna chahta tha. PakExcise ne poora kaam kar diya aur mujhe sirf payment karni thi. Trust worthy aur fast service. Dil khush ho gaya."
REV0212,service:new-vehicle-registration,New Vehicle Registration,Daud Ahmed,male,overseas-pakistani,"Ankara, Turkey",Turkey,english,5,"PakExcise is a lifesaver for Pakistani expats. I am in Ankara, Turkey and my new vehicle registration was pending for months. No one back home could manage it properly. PakExcise sorted it in days. Professional communication, clear fees, and excellent follow-through. Five stars easily."
REV0213,service:new-vehicle-registration,New Vehicle Registration,Saad ul Haq,male,overseas-pakistani,"Doha, Qatar",Qatar,english-urdu-mix,4,"Yaar Doha, Qatar se Pakistan aakar sirf sarkari kaam ke liye chutti lena possible nahi. PakExcise ne yeh problem solve kar di. vehicle registration remotely ho gaya. Bilkul sahi documentation aur time pe delivery. Mera sara Pakistan ka vehicle kaam ab inhi ke through hoga."
REV0214,service:new-vehicle-registration,New Vehicle Registration,Aisha Pervaiz,female,overseas-pakistani,Singapore,Singapore,english,5,From Singapore I managed to get my new vehicle registration handled completely by PakExcise. The whole process was remote — I just sent scanned documents and they did the rest. Updates were regular on WhatsApp. This is exactly what was needed for overseas Pakistanis. Excellent work.
REV0215,service:new-vehicle-registration,New Vehicle Registration,Noman Iqbal,male,overseas-pakistani,"Beijing, China",China,english-urdu-mix,5,"Jo log Beijing, China jaise mulkon mein rehte hain unhe pata hai ke Pakistan ke government offices mein kaam karwana kitna mushkil hota hai remotely. PakExcise ne yeh asaan kar diya. vehicle registration bina kisi jhamele ke ho gaya. Bohot khush hoon aur sabko recommend karta hoon."
REV0216,service:new-vehicle-registration,New Vehicle Registration,Jawad Karimi,male,overseas-pakistani,"Shanghai, China",China,english,5,"I work in Shanghai, China and fly back to Pakistan only once a year. My new vehicle registration had been pending for two years. PakExcise resolved it without needing my physical presence. That is exactly the kind of service Pakistani expats need. Absolutely trustworthy and professional."
REV0217,service:new-vehicle-registration,New Vehicle Registration,Yasir Hashmi,male,overseas-pakistani,"Dubai, UAE",UAE,english-urdu-mix,5,"Dubai, UAE se apni gaari ke vehicle registration ke liye bohat pareshaan tha. Ek cousin ne PakExcise bataya. Unhon ne jaldi contact liya aur kaam shuru kar diya. Koi rishtedar takleef mein nahi daala. Khud handle ho gaya sara kaam. Yeh service Pakistan ka future hai."
REV0218,service:new-vehicle-registration,New Vehicle Registration,Omer Farooq,male,overseas-pakistani,"Abu Dhabi, UAE",UAE,english,5,"Highly recommend PakExcise to all overseas Pakistanis. I am in Abu Dhabi, UAE and sorted my new vehicle registration through them completely remotely. They clearly explained fees, sent me step-by-step updates, and delivered results. Honest and professional team. Finally a reliable service for expats."
REV0219,service:new-vehicle-registration,New Vehicle Registration,Rukhsar Ahmed,female,overseas-pakistani,"Sharjah, UAE",UAE,english-urdu-mix,5,"Main ne Sharjah, UAE se PakExcise ko contact kiya apni vehicle registration ke masle ke baray mein. Jitna darr tha itna kuch nahi hua. Bahut professional log hain. Sab kuch online handle ho gaya. Pakistan mein agar sab log aise kaam karein to mulk bahut aagay jay ga."
REV0220,service:new-vehicle-registration,New Vehicle Registration,Rizwan Mehmood,male,overseas-pakistani,"Riyadh, Saudi Arabia",Saudi Arabia,english,5,"After years of relying on relatives and paying local agents who never delivered, I found PakExcise while looking online from Riyadh, Saudi Arabia. They sorted my new vehicle registration professionally and honestly. No middleman games, no extra unofficial payments. Just proper service at a fair price."
REV0221,service:new-vehicle-registration,New Vehicle Registration,Kashif Abbasi,male,overseas-pakistani,"Jeddah, Saudi Arabia",Saudi Arabia,english-urdu-mix,5,"Jeddah, Saudi Arabia mein hoon aur Pakistan mein vehicle registration ki bohat zaroorat thi. PakExcise se bahut umeed nahi thi lekin unhon ne kamaal kar diya. Kaam time pe hua aur charges bhi reasonable the. Ab inhe hi use karunga Pakistan ke sab vehicle kaam ke liye. Shukriya PakExcise."
REV0222,service:new-vehicle-registration,New Vehicle Registration,Irfan Qureshi,male,overseas-pakistani,"Dammam, Saudi Arabia",Saudi Arabia,english-urdu-mix,5,"Dammam, Saudi Arabia mein rehta hoon aur Pakistan mein apni vehicle registration ke liye PakExcise ko use kiya. Ghar se door hokar government kaam karna bahut mushkil tha lekin PakExcise ne sara kaam kar diya. WhatsApp pe updates dete rahe. Bahut acha service hai."
REV0223,service:new-vehicle-registration,New Vehicle Registration,Nosheen Ali,female,overseas-pakistani,"London, UK",UK,english,5,"I am based in London, UK and have been away from Pakistan for 3 years. Managing new vehicle registration from abroad was a big headache until I found PakExcise. They handled everything remotely, kept me informed through WhatsApp, and I did not have to ask a single relative for help. Brilliant service."
REV0224,service:new-vehicle-registration,New Vehicle Registration,Sohail Latif,male,overseas-pakistani,"Manchester, UK",UK,english,5,"Living in Manchester, UK, I always struggled to get my Pakistan vehicle documents sorted during my yearly visit. PakExcise completely removed that stress. I contacted them from here, they arranged everything, and by the time I came to Pakistan for my short visit everything was ready. Highly recommended for overseas Pakistanis."
REV0225,service:new-vehicle-registration,New Vehicle Registration,Bilal Shaukat,male,overseas-pakistani,"Birmingham, UK",UK,english-urdu-mix,4,"Birmingham, UK se vehicle registration ka kaam karna na mumkin lagta tha. Rishtedaron ko takleef dena pasand nahi tha. PakExcise ne bahut professional andaaz se kaam kiya. Sab kuch ghar baithe ho gaya. Pakistani expats ke liye yeh service bohat zaroori hai."
REV0226,service:new-vehicle-registration-islamabad-ict,New Vehicle Registration Islamabad ICT,Qasim Javed,male,local,Pakistan,Pakistan,pakistani-english,5,Bought my first car and was nervous about registration. My office colleague told me to try PakExcise. They were very patient with my questions and guided me at every step. Registration completed without issue. Felt safe trusting them with my documents.
REV0227,service:new-vehicle-registration-islamabad-ict,New Vehicle Registration Islamabad ICT,Raheel Naseem,male,local,Pakistan,Pakistan,pakistani-english,5,"Bought a new motorcycle and had no idea about registration process. Documents, forms, fees, verification — everything was confusing. PakExcise team explained everything clearly and handled complete registration. Number plate came on time too. Excellent service."
REV0228,service:new-vehicle-registration-islamabad-ict,New Vehicle Registration Islamabad ICT,Sarfraz Ahmed,male,local,Pakistan,Pakistan,pakistani-english,5,"New car registration in Islamabad was done through PakExcise and I cannot be more happy. They have clear knowledge of all requirements. Guided me from day one to final number plate delivery. Very honest team, no hidden charges at all. Strongly recommended."
REV0229,service:new-vehicle-registration-islamabad-ict,New Vehicle Registration Islamabad ICT,Tehseen Ali,male,local,Pakistan,Pakistan,english-urdu-mix,5,"Naya motorcycle khareedha aur registration ke liye itna chakkar tha ke pata nahi kahan se shuru karein. Dost ne PakExcise bataya. Unhon ne sab kuch kar diya. Mast service, bilkul recommended!"
REV0230,service:new-vehicle-registration-islamabad-ict,New Vehicle Registration Islamabad ICT,Amna Baig,female,local,Pakistan,Pakistan,english-urdu-mix,5,Nai gaari li thi aur registration ka pata nahi tha bilkul. PakExcise ne step by step guide kiya. Sab kuch time pe ho gaya number plate bhi mil gayi. Koi hidden charge nahi tha — yahi sab se badi baat hai!
REV0231,service:new-vehicle-registration-islamabad-ict,New Vehicle Registration Islamabad ICT,Aamir Zaman,male,overseas-pakistani,"New York, USA",USA,english-urdu-mix,5,"Bhai New York, USA mein reh ke Pakistan ke government kaam karwana bahut mushkil hota hai. Rishtedar bhi itna time nahi dete. PakExcise wale ne vehicle registration ka kaam bilkul smoothly kar diya. Paise bhi seedhi baat pe liye — koi chupaav nahi. Aise service chahiye hoti hai."
REV0232,service:new-vehicle-registration-islamabad-ict,New Vehicle Registration Islamabad ICT,Adeel Naseem,male,overseas-pakistani,"Houston, USA",USA,english,5,"Being in Houston, USA for the past 7 years, I completely lost track of how Pakistani government processes work. PakExcise team not only handled my new vehicle registration but also explained everything clearly so I was never confused. This is the kind of professional service overseas Pakistanis desperately need."
REV0233,service:new-vehicle-registration-islamabad-ict,New Vehicle Registration Islamabad ICT,Sajid ur Rehman,male,overseas-pakistani,"Chicago, USA",USA,english-urdu-mix,4,"Main Chicago, USA mein hoon lekin Pakistan mein mere naam pe gaari hai aur vehicle registration ka masla tha. Kisi pe depend nahi karna chahta tha. PakExcise ne poora kaam kar diya aur mujhe sirf payment karni thi. Trust worthy aur fast service. Dil khush ho gaya."
REV0234,service:new-vehicle-registration-islamabad-ict,New Vehicle Registration Islamabad ICT,Iqra Butt,female,overseas-pakistani,"Kuwait City, Kuwait",Kuwait,english,5,"PakExcise is a lifesaver for Pakistani expats. I am in Kuwait City, Kuwait and my new vehicle registration was pending for months. No one back home could manage it properly. PakExcise sorted it in days. Professional communication, clear fees, and excellent follow-through. Five stars easily."
REV0235,service:new-vehicle-registration-islamabad-ict,New Vehicle Registration Islamabad ICT,Haroon Qaiser,male,overseas-pakistani,"Istanbul, Turkey",Turkey,english-urdu-mix,5,"Yaar Istanbul, Turkey se Pakistan aakar sirf sarkari kaam ke liye chutti lena possible nahi. PakExcise ne yeh problem solve kar di. vehicle registration remotely ho gaya. Bilkul sahi documentation aur time pe delivery. Mera sara Pakistan ka vehicle kaam ab inhi ke through hoga."
REV0236,service:new-vehicle-registration-islamabad-ict,New Vehicle Registration Islamabad ICT,Muneeb Aslam,male,overseas-pakistani,"Ankara, Turkey",Turkey,english,5,"From Ankara, Turkey I managed to get my new vehicle registration handled completely by PakExcise. The whole process was remote — I just sent scanned documents and they did the rest. Updates were regular on WhatsApp. This is exactly what was needed for overseas Pakistanis. Excellent work."
REV0237,service:new-vehicle-registration-islamabad-ict,New Vehicle Registration Islamabad ICT,Ghulam Abbas,male,overseas-pakistani,"Doha, Qatar",Qatar,english-urdu-mix,5,"Jo log Doha, Qatar jaise mulkon mein rehte hain unhe pata hai ke Pakistan ke government offices mein kaam karwana kitna mushkil hota hai remotely. PakExcise ne yeh asaan kar diya. vehicle registration bina kisi jhamele ke ho gaya. Bohot khush hoon aur sabko recommend karta hoon."
REV0238,service:new-vehicle-registration-islamabad-ict,New Vehicle Registration Islamabad ICT,Hamid Waseem,male,overseas-pakistani,Singapore,Singapore,english,4,I work in Singapore and fly back to Pakistan only once a year. My new vehicle registration had been pending for two years. PakExcise resolved it without needing my physical presence. That is exactly the kind of service Pakistani expats need. Absolutely trustworthy and professional.
REV0239,service:new-vehicle-registration-islamabad-ict,New Vehicle Registration Islamabad ICT,Sundas Khan,female,overseas-pakistani,"Beijing, China",China,english-urdu-mix,5,"Beijing, China se apni gaari ke vehicle registration ke liye bohat pareshaan tha. Ek cousin ne PakExcise bataya. Unhon ne jaldi contact liya aur kaam shuru kar diya. Koi rishtedar takleef mein nahi daala. Khud handle ho gaya sara kaam. Yeh service Pakistan ka future hai."
REV0240,service:new-vehicle-registration-islamabad-ict,New Vehicle Registration Islamabad ICT,Zaheer ul Islam,male,overseas-pakistani,"Shanghai, China",China,english,5,"Highly recommend PakExcise to all overseas Pakistanis. I am in Shanghai, China and sorted my new vehicle registration through them completely remotely. They clearly explained fees, sent me step-by-step updates, and delivered results. Honest and professional team. Finally a reliable service for expats."
REV0241,service:new-vehicle-registration-islamabad-ict,New Vehicle Registration Islamabad ICT,Arif Gill,male,overseas-pakistani,"Dubai, UAE",UAE,english-urdu-mix,5,"Main ne Dubai, UAE se PakExcise ko contact kiya apni vehicle registration ke masle ke baray mein. Jitna darr tha itna kuch nahi hua. Bahut professional log hain. Sab kuch online handle ho gaya. Pakistan mein agar sab log aise kaam karein to mulk bahut aagay jay ga."
REV0242,service:new-vehicle-registration-islamabad-ict,New Vehicle Registration Islamabad ICT,Kashan Mirza,male,overseas-pakistani,"Abu Dhabi, UAE",UAE,english,5,"After years of relying on relatives and paying local agents who never delivered, I found PakExcise while looking online from Abu Dhabi, UAE. They sorted my new vehicle registration professionally and honestly. No middleman games, no extra unofficial payments. Just proper service at a fair price."
REV0243,service:new-vehicle-registration-islamabad-ict,New Vehicle Registration Islamabad ICT,Mateen ul Haq,male,overseas-pakistani,"Sharjah, UAE",UAE,english-urdu-mix,4,"Sharjah, UAE mein hoon aur Pakistan mein vehicle registration ki bohat zaroorat thi. PakExcise se bahut umeed nahi thi lekin unhon ne kamaal kar diya. Kaam time pe hua aur charges bhi reasonable the. Ab inhe hi use karunga Pakistan ke sab vehicle kaam ke liye. Shukriya PakExcise."
REV0244,service:new-vehicle-registration-islamabad-ict,New Vehicle Registration Islamabad ICT,Fareeha Malik,female,overseas-pakistani,"Riyadh, Saudi Arabia",Saudi Arabia,english-urdu-mix,5,"Riyadh, Saudi Arabia mein rehta hoon aur Pakistan mein apni vehicle registration ke liye PakExcise ko use kiya. Ghar se door hokar government kaam karna bahut mushkil tha lekin PakExcise ne sara kaam kar diya. WhatsApp pe updates dete rahe. Bahut acha service hai."
REV0245,service:new-vehicle-registration-islamabad-ict,New Vehicle Registration Islamabad ICT,Nabeel Siddiqui,male,overseas-pakistani,"Jeddah, Saudi Arabia",Saudi Arabia,english,5,"I am based in Jeddah, Saudi Arabia and have been away from Pakistan for 4 years. Managing new vehicle registration from abroad was a big headache until I found PakExcise. They handled everything remotely, kept me informed through WhatsApp, and I did not have to ask a single relative for help. Brilliant service."
REV0246,service:new-vehicle-registration-islamabad-ict,New Vehicle Registration Islamabad ICT,Obaid Cheema,male,overseas-pakistani,"Dammam, Saudi Arabia",Saudi Arabia,english,5,"Living in Dammam, Saudi Arabia, I always struggled to get my Pakistan vehicle documents sorted during my yearly visit. PakExcise completely removed that stress. I contacted them from here, they arranged everything, and by the time I came to Pakistan for my short visit everything was ready. Highly recommended for overseas Pakistanis."
REV0247,service:new-vehicle-registration-islamabad-ict,New Vehicle Registration Islamabad ICT,Qader Malik,male,overseas-pakistani,"London, UK",UK,english-urdu-mix,5,"London, UK se vehicle registration ka kaam karna na mumkin lagta tha. Rishtedaron ko takleef dena pasand nahi tha. PakExcise ne bahut professional andaaz se kaam kiya. Sab kuch ghar baithe ho gaya. Pakistani expats ke liye yeh service bohat zaroori hai."
REV0248,service:new-vehicle-registration-islamabad-ict,New Vehicle Registration Islamabad ICT,Laiba Sheikh,female,overseas-pakistani,"Manchester, UK",UK,english,4,"As a Pakistani expat in Manchester, UK I cannot easily take leave and fly back for every vehicle matter. PakExcise is the solution I was looking for. Their team is professional, responsive, and completely trustworthy. My new vehicle registration was completed without any issues. Highly recommend to all overseas Pakistanis."
REV0249,service:new-vehicle-registration-islamabad-ict,New Vehicle Registration Islamabad ICT,Shaheen Awan,male,overseas-pakistani,"Birmingham, UK",UK,english-urdu-mix,5,"Birmingham, UK mein hoon aur Pakistan mein vehicle registration ka masla tha. Koi relative bhi available nahi tha. PakExcise ko WhatsApp kiya aur unhon ne foran respond kiya. Kaam kar diya professionally. Ab yeh mera go-to service hai Pakistan ke saare vehicle kaam ke liye."
REV0250,service:new-vehicle-registration-islamabad-ict,New Vehicle Registration Islamabad ICT,Umar Hanif,male,overseas-pakistani,"New York, USA",USA,english,5,"I had been postponing my new vehicle registration for two years because I could not manage it from New York, USA. A friend in Dubai told me about PakExcise. I contacted them and they resolved everything within days. All documents were sent to my address in Pakistan. Very reliable and honest team."
REV0251,service:new-vehicle-registration-punjab,New Vehicle Registration Punjab,Uzair Hameed,male,local,Pakistan,Pakistan,pakistani-english,4,"Bought a new motorcycle and had no idea about registration process. Documents, forms, fees, verification — everything was confusing. PakExcise team explained everything clearly and handled complete registration. Number plate came on time too. Excellent service."
REV0252,service:new-vehicle-registration-punjab,New Vehicle Registration Punjab,Waheed Chishti,male,local,Pakistan,Pakistan,pakistani-english,5,"New car registration in Islamabad was done through PakExcise and I cannot be more happy. They have clear knowledge of all requirements. Guided me from day one to final number plate delivery. Very honest team, no hidden charges at all. Strongly recommended."
REV0253,service:new-vehicle-registration-punjab,New Vehicle Registration Punjab,Yasir Pervaiz,male,local,Pakistan,Pakistan,pakistani-english,5,I had heard that vehicle registration process can take weeks if you try on your own. With PakExcise it was done in proper time without unnecessary delays. They kept sending me updates so I never had to ask about my status. Very professional handling.
REV0254,service:new-vehicle-registration-punjab,New Vehicle Registration Punjab,Zahid Maqbool,male,local,Pakistan,Pakistan,english-urdu-mix,5,Nai gaari li thi aur registration ka pata nahi tha bilkul. PakExcise ne step by step guide kiya. Sab kuch time pe ho gaya number plate bhi mil gayi. Koi hidden charge nahi tha — yahi sab se badi baat hai!
REV0255,service:new-vehicle-registration-punjab,New Vehicle Registration Punjab,Sobia Rashid,female,local,Pakistan,Pakistan,english-urdu-mix,5,"Naya motorcycle khareedha aur registration ke liye itna chakkar tha ke pata nahi kahan se shuru karein. Dost ne PakExcise bataya. Unhon ne sab kuch kar diya. Mast service, bilkul recommended!"
REV0256,service:new-vehicle-registration-punjab,New Vehicle Registration Punjab,Muhammad Naveed,male,overseas-pakistani,"Houston, USA",USA,english,5,"PakExcise is a lifesaver for Pakistani expats. I am in Houston, USA and my new vehicle registration was pending for months. No one back home could manage it properly. PakExcise sorted it in days. Professional communication, clear fees, and excellent follow-through. Five stars easily."
REV0257,service:new-vehicle-registration-punjab,New Vehicle Registration Punjab,Asim Raza,male,overseas-pakistani,"Chicago, USA",USA,english-urdu-mix,5,"Yaar Chicago, USA se Pakistan aakar sirf sarkari kaam ke liye chutti lena possible nahi. PakExcise ne yeh problem solve kar di. vehicle registration remotely ho gaya. Bilkul sahi documentation aur time pe delivery. Mera sara Pakistan ka vehicle kaam ab inhi ke through hoga."
REV0258,service:new-vehicle-registration-punjab,New Vehicle Registration Punjab,Talha Farooqi,male,overseas-pakistani,"Kuwait City, Kuwait",Kuwait,english,5,"From Kuwait City, Kuwait I managed to get my new vehicle registration handled completely by PakExcise. The whole process was remote — I just sent scanned documents and they did the rest. Updates were regular on WhatsApp. This is exactly what was needed for overseas Pakistanis. Excellent work."
REV0259,service:new-vehicle-registration-punjab,New Vehicle Registration Punjab,Zainab Hussain,female,overseas-pakistani,"Istanbul, Turkey",Turkey,english-urdu-mix,5,"Jo log Istanbul, Turkey jaise mulkon mein rehte hain unhe pata hai ke Pakistan ke government offices mein kaam karwana kitna mushkil hota hai remotely. PakExcise ne yeh asaan kar diya. vehicle registration bina kisi jhamele ke ho gaya. Bohot khush hoon aur sabko recommend karta hoon."
REV0260,service:new-vehicle-registration-punjab,New Vehicle Registration Punjab,Imtiaz Shah,male,overseas-pakistani,"Ankara, Turkey",Turkey,english,5,"I work in Ankara, Turkey and fly back to Pakistan only once a year. My new vehicle registration had been pending for two years. PakExcise resolved it without needing my physical presence. That is exactly the kind of service Pakistani expats need. Absolutely trustworthy and professional."
REV0261,service:new-vehicle-registration-punjab,New Vehicle Registration Punjab,Rehan Siddiqui,male,overseas-pakistani,"Doha, Qatar",Qatar,english-urdu-mix,5,"Doha, Qatar se apni gaari ke vehicle registration ke liye bohat pareshaan tha. Ek cousin ne PakExcise bataya. Unhon ne jaldi contact liya aur kaam shuru kar diya. Koi rishtedar takleef mein nahi daala. Khud handle ho gaya sara kaam. Yeh service Pakistan ka future hai."
REV0262,service:new-vehicle-registration-punjab,New Vehicle Registration Punjab,Waqas Anwar,male,overseas-pakistani,Singapore,Singapore,english,5,"Highly recommend PakExcise to all overseas Pakistanis. I am in Singapore and sorted my new vehicle registration through them completely remotely. They clearly explained fees, sent me step-by-step updates, and delivered results. Honest and professional team. Finally a reliable service for expats."
REV0263,service:new-vehicle-registration-punjab,New Vehicle Registration Punjab,Fawad Hussain,male,overseas-pakistani,"Beijing, China",China,english-urdu-mix,5,"Main ne Beijing, China se PakExcise ko contact kiya apni vehicle registration ke masle ke baray mein. Jitna darr tha itna kuch nahi hua. Bahut professional log hain. Sab kuch online handle ho gaya. Pakistan mein agar sab log aise kaam karein to mulk bahut aagay jay ga."
REV0264,service:new-vehicle-registration-punjab,New Vehicle Registration Punjab,Mehwish Tariq,female,overseas-pakistani,"Shanghai, China",China,english,5,"After years of relying on relatives and paying local agents who never delivered, I found PakExcise while looking online from Shanghai, China. They sorted my new vehicle registration professionally and honestly. No middleman games, no extra unofficial payments. Just proper service at a fair price."
REV0265,service:new-vehicle-registration-punjab,New Vehicle Registration Punjab,Zeeshan Chaudhry,male,overseas-pakistani,"Dubai, UAE",UAE,english-urdu-mix,5,"Dubai, UAE mein hoon aur Pakistan mein vehicle registration ki bohat zaroorat thi. PakExcise se bahut umeed nahi thi lekin unhon ne kamaal kar diya. Kaam time pe hua aur charges bhi reasonable the. Ab inhe hi use karunga Pakistan ke sab vehicle kaam ke liye. Shukriya PakExcise."
REV0266,service:new-vehicle-registration-punjab,New Vehicle Registration Punjab,Shahbaz Malik,male,overseas-pakistani,"Abu Dhabi, UAE",UAE,english-urdu-mix,4,"Abu Dhabi, UAE mein rehta hoon aur Pakistan mein apni vehicle registration ke liye PakExcise ko use kiya. Ghar se door hokar government kaam karna bahut mushkil tha lekin PakExcise ne sara kaam kar diya. WhatsApp pe updates dete rahe. Bahut acha service hai."
REV0267,service:new-vehicle-registration-punjab,New Vehicle Registration Punjab,Hassan Khalid,male,overseas-pakistani,"Sharjah, UAE",UAE,english,5,"I am based in Sharjah, UAE and have been away from Pakistan for 5 years. Managing new vehicle registration from abroad was a big headache until I found PakExcise. They handled everything remotely, kept me informed through WhatsApp, and I did not have to ask a single relative for help. Brilliant service."
REV0268,service:new-vehicle-registration-punjab,New Vehicle Registration Punjab,Arslan Butt,male,overseas-pakistani,"Riyadh, Saudi Arabia",Saudi Arabia,english,4,"Living in Riyadh, Saudi Arabia, I always struggled to get my Pakistan vehicle documents sorted during my yearly visit. PakExcise completely removed that stress. I contacted them from here, they arranged everything, and by the time I came to Pakistan for my short visit everything was ready. Highly recommended for overseas Pakistanis."
REV0269,service:new-vehicle-registration-punjab,New Vehicle Registration Punjab,Sadia Rahman,female,overseas-pakistani,"Jeddah, Saudi Arabia",Saudi Arabia,english-urdu-mix,5,"Jeddah, Saudi Arabia se vehicle registration ka kaam karna na mumkin lagta tha. Rishtedaron ko takleef dena pasand nahi tha. PakExcise ne bahut professional andaaz se kaam kiya. Sab kuch ghar baithe ho gaya. Pakistani expats ke liye yeh service bohat zaroori hai."
REV0270,service:new-vehicle-registration-punjab,New Vehicle Registration Punjab,Tariq Pervaiz,male,overseas-pakistani,"Dammam, Saudi Arabia",Saudi Arabia,english,4,"As a Pakistani expat in Dammam, Saudi Arabia I cannot easily take leave and fly back for every vehicle matter. PakExcise is the solution I was looking for. Their team is professional, responsive, and completely trustworthy. My new vehicle registration was completed without any issues. Highly recommend to all overseas Pakistanis."
REV0271,service:new-vehicle-registration-punjab,New Vehicle Registration Punjab,Khurram Bashir,male,overseas-pakistani,"London, UK",UK,english-urdu-mix,5,"London, UK mein hoon aur Pakistan mein vehicle registration ka masla tha. Koi relative bhi available nahi tha. PakExcise ko WhatsApp kiya aur unhon ne foran respond kiya. Kaam kar diya professionally. Ab yeh mera go-to service hai Pakistan ke saare vehicle kaam ke liye."
REV0272,service:new-vehicle-registration-punjab,New Vehicle Registration Punjab,Daud Ahmed,male,overseas-pakistani,"Manchester, UK",UK,english,5,"I had been postponing my new vehicle registration for two years because I could not manage it from Manchester, UK. A friend in Dubai told me about PakExcise. I contacted them and they resolved everything within days. All documents were sent to my address in Pakistan. Very reliable and honest team."
REV0273,service:new-vehicle-registration-punjab,New Vehicle Registration Punjab,Aisha Pervaiz,female,overseas-pakistani,"Birmingham, UK",UK,english-urdu-mix,5,"Bhai Birmingham, UK mein reh ke Pakistan ke government kaam karwana bahut mushkil hota hai. Rishtedar bhi itna time nahi dete. PakExcise wale ne vehicle registration ka kaam bilkul smoothly kar diya. Paise bhi seedhi baat pe liye — koi chupaav nahi. Aise service chahiye hoti hai."
REV0274,service:new-vehicle-registration-punjab,New Vehicle Registration Punjab,Saad ul Haq,male,overseas-pakistani,"New York, USA",USA,english,4,"Being in New York, USA for the past 4 years, I completely lost track of how Pakistani government processes work. PakExcise team not only handled my new vehicle registration but also explained everything clearly so I was never confused. This is the kind of professional service overseas Pakistanis desperately need."
REV0275,service:new-vehicle-registration-punjab,New Vehicle Registration Punjab,Noman Iqbal,male,overseas-pakistani,"Houston, USA",USA,english-urdu-mix,5,"Main Houston, USA mein hoon lekin Pakistan mein mere naam pe gaari hai aur vehicle registration ka masla tha. Kisi pe depend nahi karna chahta tha. PakExcise ne poora kaam kar diya aur mujhe sirf payment karni thi. Trust worthy aur fast service. Dil khush ho gaya."
REV0276,service:route-permit,Route Permit,Aamir Hayat,male,local,Pakistan,Pakistan,pakistani-english,5,Route permit for my goods truck was expiring. I tried to renew on my own but the requirements kept changing at the office. PakExcise handled it smoothly. They have experience dealing with these things. Five stars for efficient service.
REV0277,service:route-permit,Route Permit,Baber Nisar,male,local,Pakistan,Pakistan,pakistani-english,5,"PakExcise helped me get a new route permit for my school van. The process was clear and they kept me updated throughout. No unexpected charges, everything transparent. This kind of honest service is rare. Will definitely recommend to other van owners."
REV0278,service:route-permit,Route Permit,Chaudhry Waqas,male,local,Pakistan,Pakistan,pakistani-english,4,Had a complicated route permit situation with my old permit lost and new one needed. PakExcise sorted out both the duplicate issue and the renewal together. Saved me multiple trips and a lot of stress. Very capable and trustworthy team.
REV0279,service:route-permit,Route Permit,Daniyal Saeed,male,local,Pakistan,Pakistan,english-urdu-mix,5,Route permit ka masla tha ek mahine se. PakExcise ko ek message kiya aur unhon ne hich hich ke bina kaam suru kar diya. Kuch din mein sab theek ho gaya. Bahut acha experience tha.
REV0280,service:route-permit,Route Permit,Noor ul Ain,female,local,Pakistan,Pakistan,english-urdu-mix,4,Mere commercial van ka route permit renew karna tha. Khud try kiya lekin office wale baar baar waapis bhejtey the. PakExcise ne ek baar mein kaam kara diya. Yahi kehte hain professionals ko!
REV0281,service:route-permit,Route Permit,Jawad Karimi,male,overseas-pakistani,"Chicago, USA",USA,english-urdu-mix,5,"Jo log Chicago, USA jaise mulkon mein rehte hain unhe pata hai ke Pakistan ke government offices mein kaam karwana kitna mushkil hota hai remotely. PakExcise ne yeh asaan kar diya. route permit bina kisi jhamele ke ho gaya. Bohot khush hoon aur sabko recommend karta hoon."
REV0282,service:route-permit,Route Permit,Yasir Hashmi,male,overseas-pakistani,"Kuwait City, Kuwait",Kuwait,english,5,"I work in Kuwait City, Kuwait and fly back to Pakistan only once a year. My route permit renewal had been pending for two years. PakExcise resolved it without needing my physical presence. That is exactly the kind of service Pakistani expats need. Absolutely trustworthy and professional."
REV0283,service:route-permit,Route Permit,Omer Farooq,male,overseas-pakistani,"Istanbul, Turkey",Turkey,english-urdu-mix,5,"Istanbul, Turkey se apni gaari ke route permit ke liye bohat pareshaan tha. Ek cousin ne PakExcise bataya. Unhon ne jaldi contact liya aur kaam shuru kar diya. Koi rishtedar takleef mein nahi daala. Khud handle ho gaya sara kaam. Yeh service Pakistan ka future hai."
REV0284,service:route-permit,Route Permit,Rukhsar Ahmed,female,overseas-pakistani,"Ankara, Turkey",Turkey,english,5,"Highly recommend PakExcise to all overseas Pakistanis. I am in Ankara, Turkey and sorted my route permit renewal through them completely remotely. They clearly explained fees, sent me step-by-step updates, and delivered results. Honest and professional team. Finally a reliable service for expats."
REV0285,service:route-permit,Route Permit,Rizwan Mehmood,male,overseas-pakistani,"Doha, Qatar",Qatar,english-urdu-mix,4,"Main ne Doha, Qatar se PakExcise ko contact kiya apni route permit ke masle ke baray mein. Jitna darr tha itna kuch nahi hua. Bahut professional log hain. Sab kuch online handle ho gaya. Pakistan mein agar sab log aise kaam karein to mulk bahut aagay jay ga."
REV0286,service:route-permit,Route Permit,Kashif Abbasi,male,overseas-pakistani,Singapore,Singapore,english,4,"After years of relying on relatives and paying local agents who never delivered, I found PakExcise while looking online from Singapore. They sorted my route permit renewal professionally and honestly. No middleman games, no extra unofficial payments. Just proper service at a fair price."
REV0287,service:route-permit,Route Permit,Irfan Qureshi,male,overseas-pakistani,"Beijing, China",China,english-urdu-mix,5,"Beijing, China mein hoon aur Pakistan mein route permit ki bohat zaroorat thi. PakExcise se bahut umeed nahi thi lekin unhon ne kamaal kar diya. Kaam time pe hua aur charges bhi reasonable the. Ab inhe hi use karunga Pakistan ke sab vehicle kaam ke liye. Shukriya PakExcise."
REV0288,service:route-permit,Route Permit,Sohail Latif,male,overseas-pakistani,"Shanghai, China",China,english-urdu-mix,5,"Shanghai, China mein rehta hoon aur Pakistan mein apni route permit ke liye PakExcise ko use kiya. Ghar se door hokar government kaam karna bahut mushkil tha lekin PakExcise ne sara kaam kar diya. WhatsApp pe updates dete rahe. Bahut acha service hai."
REV0289,service:route-permit,Route Permit,Nosheen Ali,female,overseas-pakistani,"Dubai, UAE",UAE,english,4,"I am based in Dubai, UAE and have been away from Pakistan for 6 years. Managing route permit renewal from abroad was a big headache until I found PakExcise. They handled everything remotely, kept me informed through WhatsApp, and I did not have to ask a single relative for help. Brilliant service."
REV0290,service:route-permit,Route Permit,Bilal Shaukat,male,overseas-pakistani,"Abu Dhabi, UAE",UAE,english,5,"Living in Abu Dhabi, UAE, I always struggled to get my Pakistan vehicle documents sorted during my yearly visit. PakExcise completely removed that stress. I contacted them from here, they arranged everything, and by the time I came to Pakistan for my short visit everything was ready. Highly recommended for overseas Pakistanis."
REV0291,service:route-permit,Route Permit,Aamir Zaman,male,overseas-pakistani,"Sharjah, UAE",UAE,english-urdu-mix,5,"Sharjah, UAE se route permit ka kaam karna na mumkin lagta tha. Rishtedaron ko takleef dena pasand nahi tha. PakExcise ne bahut professional andaaz se kaam kiya. Sab kuch ghar baithe ho gaya. Pakistani expats ke liye yeh service bohat zaroori hai."
REV0292,service:route-permit,Route Permit,Adeel Naseem,male,overseas-pakistani,"Riyadh, Saudi Arabia",Saudi Arabia,english,5,"As a Pakistani expat in Riyadh, Saudi Arabia I cannot easily take leave and fly back for every vehicle matter. PakExcise is the solution I was looking for. Their team is professional, responsive, and completely trustworthy. My route permit renewal was completed without any issues. Highly recommend to all overseas Pakistanis."
REV0293,service:route-permit,Route Permit,Sajid ur Rehman,male,overseas-pakistani,"Jeddah, Saudi Arabia",Saudi Arabia,english-urdu-mix,5,"Jeddah, Saudi Arabia mein hoon aur Pakistan mein route permit ka masla tha. Koi relative bhi available nahi tha. PakExcise ko WhatsApp kiya aur unhon ne foran respond kiya. Kaam kar diya professionally. Ab yeh mera go-to service hai Pakistan ke saare vehicle kaam ke liye."
REV0294,service:route-permit,Route Permit,Iqra Butt,female,overseas-pakistani,"Dammam, Saudi Arabia",Saudi Arabia,english,5,"I had been postponing my route permit renewal for two years because I could not manage it from Dammam, Saudi Arabia. A friend in Dubai told me about PakExcise. I contacted them and they resolved everything within days. All documents were sent to my address in Pakistan. Very reliable and honest team."
REV0295,service:route-permit,Route Permit,Haroon Qaiser,male,overseas-pakistani,"London, UK",UK,english-urdu-mix,5,"Bhai London, UK mein reh ke Pakistan ke government kaam karwana bahut mushkil hota hai. Rishtedar bhi itna time nahi dete. PakExcise wale ne route permit ka kaam bilkul smoothly kar diya. Paise bhi seedhi baat pe liye — koi chupaav nahi. Aise service chahiye hoti hai."
REV0296,service:route-permit,Route Permit,Muneeb Aslam,male,overseas-pakistani,"Manchester, UK",UK,english,5,"Being in Manchester, UK for the past 5 years, I completely lost track of how Pakistani government processes work. PakExcise team not only handled my route permit renewal but also explained everything clearly so I was never confused. This is the kind of professional service overseas Pakistanis desperately need."
REV0297,service:route-permit,Route Permit,Ghulam Abbas,male,overseas-pakistani,"Birmingham, UK",UK,english-urdu-mix,5,"Main Birmingham, UK mein hoon lekin Pakistan mein mere naam pe gaari hai aur route permit ka masla tha. Kisi pe depend nahi karna chahta tha. PakExcise ne poora kaam kar diya aur mujhe sirf payment karni thi. Trust worthy aur fast service. Dil khush ho gaya."
REV0298,service:route-permit,Route Permit,Sundas Khan,female,overseas-pakistani,"New York, USA",USA,english,5,"PakExcise is a lifesaver for Pakistani expats. I am in New York, USA and my route permit renewal was pending for months. No one back home could manage it properly. PakExcise sorted it in days. Professional communication, clear fees, and excellent follow-through. Five stars easily."
REV0299,service:route-permit,Route Permit,Hamid Waseem,male,overseas-pakistani,"Houston, USA",USA,english-urdu-mix,5,"Yaar Houston, USA se Pakistan aakar sirf sarkari kaam ke liye chutti lena possible nahi. PakExcise ne yeh problem solve kar di. route permit remotely ho gaya. Bilkul sahi documentation aur time pe delivery. Mera sara Pakistan ka vehicle kaam ab inhi ke through hoga."
REV0300,service:route-permit,Route Permit,Zaheer ul Islam,male,overseas-pakistani,"Chicago, USA",USA,english,5,"From Chicago, USA I managed to get my route permit renewal handled completely by PakExcise. The whole process was remote — I just sent scanned documents and they did the rest. Updates were regular on WhatsApp. This is exactly what was needed for overseas Pakistanis. Excellent work."
REV0301,service:route-permit-duplicate,Route Permit Duplicate,Ehtisham ul Haq,male,local,Pakistan,Pakistan,pakistani-english,5,"My driver lost the route permit of our delivery vehicle. I was very upset but PakExcise resolved the issue professionally. Duplicate permit issued without much delay. Honest people, will trust them again for any permit related issue."
REV0302,service:route-permit-duplicate,Route Permit Duplicate,Farrukh Malik,male,local,Pakistan,Pakistan,pakistani-english,5,Needed duplicate route permit urgently for police checkpoint issue. PakExcise understood the urgency and fast-tracked the process. Got the duplicate quickly. Life savers honestly. Very professional and understanding team.
REV0303,service:route-permit-duplicate,Route Permit Duplicate,Muhammad Usman,male,local,Pakistan,Pakistan,pakistani-english,5,"Had to get duplicate route permit for our family transport van. PakExcise made this easy. Clear guidance, correct documents list, and delivered on time. As someone managing family business I am grateful for such reliable services."
REV0304,service:route-permit-duplicate,Route Permit Duplicate,Ahmed Raza,male,local,Pakistan,Pakistan,english-urdu-mix,5,Permit gum ho gaya tha. Bahut fikr ho rahi thi. Dost ne PakExcise bataya. Unhon ne duplicate permit karwa diya jaldi. Bahut shukar hai. Inke bina nahi pata kya karta.
REV0305,service:route-permit-duplicate,Route Permit Duplicate,Madiha Sohail,female,local,Pakistan,Pakistan,english-urdu-mix,5,Duplicate route permit ki zaroorat thi urgently. PakExcise ne foran kaam shuru kiya aur jald se jald deliver kiya. Paise bhi zyada nahi the. Honest aur reliable log hain.
REV0306,service:route-permit-duplicate,Route Permit Duplicate,Arif Gill,male,overseas-pakistani,"Kuwait City, Kuwait",Kuwait,english,5,"Highly recommend PakExcise to all overseas Pakistanis. I am in Kuwait City, Kuwait and sorted my duplicate route permit through them completely remotely. They clearly explained fees, sent me step-by-step updates, and delivered results. Honest and professional team. Finally a reliable service for expats."
REV0307,service:route-permit-duplicate,Route Permit Duplicate,Kashan Mirza,male,overseas-pakistani,"Istanbul, Turkey",Turkey,english-urdu-mix,5,"Main ne Istanbul, Turkey se PakExcise ko contact kiya apni route permit duplicate ke masle ke baray mein. Jitna darr tha itna kuch nahi hua. Bahut professional log hain. Sab kuch online handle ho gaya. Pakistan mein agar sab log aise kaam karein to mulk bahut aagay jay ga."
REV0308,service:route-permit-duplicate,Route Permit Duplicate,Mateen ul Haq,male,overseas-pakistani,"Ankara, Turkey",Turkey,english,4,"After years of relying on relatives and paying local agents who never delivered, I found PakExcise while looking online from Ankara, Turkey. They sorted my duplicate route permit professionally and honestly. No middleman games, no extra unofficial payments. Just proper service at a fair price."
REV0309,service:route-permit-duplicate,Route Permit Duplicate,Fareeha Malik,female,overseas-pakistani,"Doha, Qatar",Qatar,english-urdu-mix,4,"Doha, Qatar mein hoon aur Pakistan mein route permit duplicate ki bohat zaroorat thi. PakExcise se bahut umeed nahi thi lekin unhon ne kamaal kar diya. Kaam time pe hua aur charges bhi reasonable the. Ab inhe hi use karunga Pakistan ke sab vehicle kaam ke liye. Shukriya PakExcise."
REV0310,service:route-permit-duplicate,Route Permit Duplicate,Nabeel Siddiqui,male,overseas-pakistani,Singapore,Singapore,english-urdu-mix,4,Singapore mein rehta hoon aur Pakistan mein apni route permit duplicate ke liye PakExcise ko use kiya. Ghar se door hokar government kaam karna bahut mushkil tha lekin PakExcise ne sara kaam kar diya. WhatsApp pe updates dete rahe. Bahut acha service hai.
REV0311,service:route-permit-duplicate,Route Permit Duplicate,Obaid Cheema,male,overseas-pakistani,"Beijing, China",China,english,5,"I am based in Beijing, China and have been away from Pakistan for 7 years. Managing duplicate route permit from abroad was a big headache until I found PakExcise. They handled everything remotely, kept me informed through WhatsApp, and I did not have to ask a single relative for help. Brilliant service."
REV0312,service:route-permit-duplicate,Route Permit Duplicate,Qader Malik,male,overseas-pakistani,"Shanghai, China",China,english,4,"Living in Shanghai, China, I always struggled to get my Pakistan vehicle documents sorted during my yearly visit. PakExcise completely removed that stress. I contacted them from here, they arranged everything, and by the time I came to Pakistan for my short visit everything was ready. Highly recommended for overseas Pakistanis."
REV0313,service:route-permit-duplicate,Route Permit Duplicate,Shaheen Awan,male,overseas-pakistani,"Dubai, UAE",UAE,english-urdu-mix,5,"Dubai, UAE se route permit duplicate ka kaam karna na mumkin lagta tha. Rishtedaron ko takleef dena pasand nahi tha. PakExcise ne bahut professional andaaz se kaam kiya. Sab kuch ghar baithe ho gaya. Pakistani expats ke liye yeh service bohat zaroori hai."
REV0314,service:route-permit-duplicate,Route Permit Duplicate,Laiba Sheikh,female,overseas-pakistani,"Abu Dhabi, UAE",UAE,english,4,"As a Pakistani expat in Abu Dhabi, UAE I cannot easily take leave and fly back for every vehicle matter. PakExcise is the solution I was looking for. Their team is professional, responsive, and completely trustworthy. My duplicate route permit was completed without any issues. Highly recommend to all overseas Pakistanis."
REV0315,service:route-permit-duplicate,Route Permit Duplicate,Umar Hanif,male,overseas-pakistani,"Sharjah, UAE",UAE,english-urdu-mix,5,"Sharjah, UAE mein hoon aur Pakistan mein route permit duplicate ka masla tha. Koi relative bhi available nahi tha. PakExcise ko WhatsApp kiya aur unhon ne foran respond kiya. Kaam kar diya professionally. Ab yeh mera go-to service hai Pakistan ke saare vehicle kaam ke liye."
REV0316,service:route-permit-duplicate,Route Permit Duplicate,Muhammad Naveed,male,overseas-pakistani,"Riyadh, Saudi Arabia",Saudi Arabia,english,5,"I had been postponing my duplicate route permit for two years because I could not manage it from Riyadh, Saudi Arabia. A friend in Dubai told me about PakExcise. I contacted them and they resolved everything within days. All documents were sent to my address in Pakistan. Very reliable and honest team."
REV0317,service:route-permit-duplicate,Route Permit Duplicate,Asim Raza,male,overseas-pakistani,"Jeddah, Saudi Arabia",Saudi Arabia,english-urdu-mix,4,"Bhai Jeddah, Saudi Arabia mein reh ke Pakistan ke government kaam karwana bahut mushkil hota hai. Rishtedar bhi itna time nahi dete. PakExcise wale ne route permit duplicate ka kaam bilkul smoothly kar diya. Paise bhi seedhi baat pe liye — koi chupaav nahi. Aise service chahiye hoti hai."
REV0318,service:route-permit-duplicate,Route Permit Duplicate,Talha Farooqi,male,overseas-pakistani,"Dammam, Saudi Arabia",Saudi Arabia,english,5,"Being in Dammam, Saudi Arabia for the past 6 years, I completely lost track of how Pakistani government processes work. PakExcise team not only handled my duplicate route permit but also explained everything clearly so I was never confused. This is the kind of professional service overseas Pakistanis desperately need."
REV0319,service:route-permit-duplicate,Route Permit Duplicate,Zainab Hussain,female,overseas-pakistani,"London, UK",UK,english-urdu-mix,4,"Main London, UK mein hoon lekin Pakistan mein mere naam pe gaari hai aur route permit duplicate ka masla tha. Kisi pe depend nahi karna chahta tha. PakExcise ne poora kaam kar diya aur mujhe sirf payment karni thi. Trust worthy aur fast service. Dil khush ho gaya."
REV0320,service:route-permit-duplicate,Route Permit Duplicate,Imtiaz Shah,male,overseas-pakistani,"Manchester, UK",UK,english,5,"PakExcise is a lifesaver for Pakistani expats. I am in Manchester, UK and my duplicate route permit was pending for months. No one back home could manage it properly. PakExcise sorted it in days. Professional communication, clear fees, and excellent follow-through. Five stars easily."
REV0321,service:route-permit-duplicate,Route Permit Duplicate,Rehan Siddiqui,male,overseas-pakistani,"Birmingham, UK",UK,english-urdu-mix,5,"Yaar Birmingham, UK se Pakistan aakar sirf sarkari kaam ke liye chutti lena possible nahi. PakExcise ne yeh problem solve kar di. route permit duplicate remotely ho gaya. Bilkul sahi documentation aur time pe delivery. Mera sara Pakistan ka vehicle kaam ab inhi ke through hoga."
REV0322,service:route-permit-duplicate,Route Permit Duplicate,Waqas Anwar,male,overseas-pakistani,"New York, USA",USA,english,5,"From New York, USA I managed to get my duplicate route permit handled completely by PakExcise. The whole process was remote — I just sent scanned documents and they did the rest. Updates were regular on WhatsApp. This is exactly what was needed for overseas Pakistanis. Excellent work."
REV0323,service:route-permit-duplicate,Route Permit Duplicate,Mehwish Tariq,female,overseas-pakistani,"Houston, USA",USA,english-urdu-mix,5,"Jo log Houston, USA jaise mulkon mein rehte hain unhe pata hai ke Pakistan ke government offices mein kaam karwana kitna mushkil hota hai remotely. PakExcise ne yeh asaan kar diya. route permit duplicate bina kisi jhamele ke ho gaya. Bohot khush hoon aur sabko recommend karta hoon."
REV0324,service:route-permit-duplicate,Route Permit Duplicate,Fawad Hussain,male,overseas-pakistani,"Chicago, USA",USA,english,5,"I work in Chicago, USA and fly back to Pakistan only once a year. My duplicate route permit had been pending for two years. PakExcise resolved it without needing my physical presence. That is exactly the kind of service Pakistani expats need. Absolutely trustworthy and professional."
REV0325,service:route-permit-duplicate,Route Permit Duplicate,Zeeshan Chaudhry,male,overseas-pakistani,"Kuwait City, Kuwait",Kuwait,english-urdu-mix,5,"Kuwait City, Kuwait se apni gaari ke route permit duplicate ke liye bohat pareshaan tha. Ek cousin ne PakExcise bataya. Unhon ne jaldi contact liya aur kaam shuru kar diya. Koi rishtedar takleef mein nahi daala. Khud handle ho gaya sara kaam. Yeh service Pakistan ka future hai."
REV0326,service:route-permit-islamabad-ict,Route Permit Islamabad ICT,Bilal Hassan,male,local,Pakistan,Pakistan,pakistani-english,5,Had a complicated route permit situation with my old permit lost and new one needed. PakExcise sorted out both the duplicate issue and the renewal together. Saved me multiple trips and a lot of stress. Very capable and trustworthy team.
REV0327,service:route-permit-islamabad-ict,Route Permit Islamabad ICT,Kamran Iqbal,male,local,Pakistan,Pakistan,pakistani-english,4,"Route permit for my family transport business was renewed through PakExcise. Being the only woman handling our business affairs, I always worry about dealing with government offices alone. PakExcise completely removed that worry. Professional and respectful service."
REV0328,service:route-permit-islamabad-ict,Route Permit Islamabad ICT,Tariq Mehmood,male,local,Pakistan,Pakistan,pakistani-english,5,I have a commercial van and the route permit renewal was giving me a lot of trouble. PakExcise team handled it professionally. They know all the requirements and the correct procedure. No extra runs to office needed. Very satisfied with this service.
REV0329,service:route-permit-islamabad-ict,Route Permit Islamabad ICT,Zubair Khan,male,local,Pakistan,Pakistan,english-urdu-mix,4,Route permit ka masla tha ek mahine se. PakExcise ko ek message kiya aur unhon ne hich hich ke bina kaam suru kar diya. Kuch din mein sab theek ho gaya. Bahut acha experience tha.
REV0330,service:route-permit-islamabad-ict,Route Permit Islamabad ICT,Anum Pervaiz,female,local,Pakistan,Pakistan,english-urdu-mix,4,Mere commercial van ka route permit renew karna tha. Khud try kiya lekin office wale baar baar waapis bhejtey the. PakExcise ne ek baar mein kaam kara diya. Yahi kehte hain professionals ko!
REV0331,service:route-permit-islamabad-ict,Route Permit Islamabad ICT,Shahbaz Malik,male,overseas-pakistani,"Istanbul, Turkey",Turkey,english-urdu-mix,5,"Istanbul, Turkey mein hoon aur Pakistan mein route permit ki bohat zaroorat thi. PakExcise se bahut umeed nahi thi lekin unhon ne kamaal kar diya. Kaam time pe hua aur charges bhi reasonable the. Ab inhe hi use karunga Pakistan ke sab vehicle kaam ke liye. Shukriya PakExcise."
REV0332,service:route-permit-islamabad-ict,Route Permit Islamabad ICT,Hassan Khalid,male,overseas-pakistani,"Ankara, Turkey",Turkey,english-urdu-mix,4,"Ankara, Turkey mein rehta hoon aur Pakistan mein apni route permit ke liye PakExcise ko use kiya. Ghar se door hokar government kaam karna bahut mushkil tha lekin PakExcise ne sara kaam kar diya. WhatsApp pe updates dete rahe. Bahut acha service hai."
REV0333,service:route-permit-islamabad-ict,Route Permit Islamabad ICT,Arslan Butt,male,overseas-pakistani,"Doha, Qatar",Qatar,english,5,"I am based in Doha, Qatar and have been away from Pakistan for 8 years. Managing route permit from abroad was a big headache until I found PakExcise. They handled everything remotely, kept me informed through WhatsApp, and I did not have to ask a single relative for help. Brilliant service."
REV0334,service:route-permit-islamabad-ict,Route Permit Islamabad ICT,Sadia Rahman,female,overseas-pakistani,Singapore,Singapore,english,5,"Living in Singapore, I always struggled to get my Pakistan vehicle documents sorted during my yearly visit. PakExcise completely removed that stress. I contacted them from here, they arranged everything, and by the time I came to Pakistan for my short visit everything was ready. Highly recommended for overseas Pakistanis."
REV0335,service:route-permit-islamabad-ict,Route Permit Islamabad ICT,Tariq Pervaiz,male,overseas-pakistani,"Beijing, China",China,english-urdu-mix,4,"Beijing, China se route permit ka kaam karna na mumkin lagta tha. Rishtedaron ko takleef dena pasand nahi tha. PakExcise ne bahut professional andaaz se kaam kiya. Sab kuch ghar baithe ho gaya. Pakistani expats ke liye yeh service bohat zaroori hai."
REV0336,service:route-permit-islamabad-ict,Route Permit Islamabad ICT,Khurram Bashir,male,overseas-pakistani,"Shanghai, China",China,english,4,"As a Pakistani expat in Shanghai, China I cannot easily take leave and fly back for every vehicle matter. PakExcise is the solution I was looking for. Their team is professional, responsive, and completely trustworthy. My route permit was completed without any issues. Highly recommend to all overseas Pakistanis."
REV0337,service:route-permit-islamabad-ict,Route Permit Islamabad ICT,Daud Ahmed,male,overseas-pakistani,"Dubai, UAE",UAE,english-urdu-mix,5,"Dubai, UAE mein hoon aur Pakistan mein route permit ka masla tha. Koi relative bhi available nahi tha. PakExcise ko WhatsApp kiya aur unhon ne foran respond kiya. Kaam kar diya professionally. Ab yeh mera go-to service hai Pakistan ke saare vehicle kaam ke liye."
REV0338,service:route-permit-islamabad-ict,Route Permit Islamabad ICT,Saad ul Haq,male,overseas-pakistani,"Abu Dhabi, UAE",UAE,english,5,"I had been postponing my route permit for two years because I could not manage it from Abu Dhabi, UAE. A friend in Dubai told me about PakExcise. I contacted them and they resolved everything within days. All documents were sent to my address in Pakistan. Very reliable and honest team."
REV0339,service:route-permit-islamabad-ict,Route Permit Islamabad ICT,Aisha Pervaiz,female,overseas-pakistani,"Sharjah, UAE",UAE,english-urdu-mix,4,"Bhai Sharjah, UAE mein reh ke Pakistan ke government kaam karwana bahut mushkil hota hai. Rishtedar bhi itna time nahi dete. PakExcise wale ne route permit ka kaam bilkul smoothly kar diya. Paise bhi seedhi baat pe liye — koi chupaav nahi. Aise service chahiye hoti hai."
REV0340,service:route-permit-islamabad-ict,Route Permit Islamabad ICT,Noman Iqbal,male,overseas-pakistani,"Riyadh, Saudi Arabia",Saudi Arabia,english,4,"Being in Riyadh, Saudi Arabia for the past 7 years, I completely lost track of how Pakistani government processes work. PakExcise team not only handled my route permit but also explained everything clearly so I was never confused. This is the kind of professional service overseas Pakistanis desperately need."
REV0341,service:route-permit-islamabad-ict,Route Permit Islamabad ICT,Jawad Karimi,male,overseas-pakistani,"Jeddah, Saudi Arabia",Saudi Arabia,english-urdu-mix,5,"Main Jeddah, Saudi Arabia mein hoon lekin Pakistan mein mere naam pe gaari hai aur route permit ka masla tha. Kisi pe depend nahi karna chahta tha. PakExcise ne poora kaam kar diya aur mujhe sirf payment karni thi. Trust worthy aur fast service. Dil khush ho gaya."
REV0342,service:route-permit-islamabad-ict,Route Permit Islamabad ICT,Yasir Hashmi,male,overseas-pakistani,"Dammam, Saudi Arabia",Saudi Arabia,english,4,"PakExcise is a lifesaver for Pakistani expats. I am in Dammam, Saudi Arabia and my route permit was pending for months. No one back home could manage it properly. PakExcise sorted it in days. Professional communication, clear fees, and excellent follow-through. Five stars easily."
REV0343,service:route-permit-islamabad-ict,Route Permit Islamabad ICT,Omer Farooq,male,overseas-pakistani,"London, UK",UK,english-urdu-mix,5,"Yaar London, UK se Pakistan aakar sirf sarkari kaam ke liye chutti lena possible nahi. PakExcise ne yeh problem solve kar di. route permit remotely ho gaya. Bilkul sahi documentation aur time pe delivery. Mera sara Pakistan ka vehicle kaam ab inhi ke through hoga."
REV0344,service:route-permit-islamabad-ict,Route Permit Islamabad ICT,Rukhsar Ahmed,female,overseas-pakistani,"Manchester, UK",UK,english,4,"From Manchester, UK I managed to get my route permit handled completely by PakExcise. The whole process was remote — I just sent scanned documents and they did the rest. Updates were regular on WhatsApp. This is exactly what was needed for overseas Pakistanis. Excellent work."
REV0345,service:route-permit-islamabad-ict,Route Permit Islamabad ICT,Rizwan Mehmood,male,overseas-pakistani,"Birmingham, UK",UK,english-urdu-mix,4,"Jo log Birmingham, UK jaise mulkon mein rehte hain unhe pata hai ke Pakistan ke government offices mein kaam karwana kitna mushkil hota hai remotely. PakExcise ne yeh asaan kar diya. route permit bina kisi jhamele ke ho gaya. Bohot khush hoon aur sabko recommend karta hoon."
REV0346,service:route-permit-islamabad-ict,Route Permit Islamabad ICT,Kashif Abbasi,male,overseas-pakistani,"New York, USA",USA,english,5,"I work in New York, USA and fly back to Pakistan only once a year. My route permit had been pending for two years. PakExcise resolved it without needing my physical presence. That is exactly the kind of service Pakistani expats need. Absolutely trustworthy and professional."
REV0347,service:route-permit-islamabad-ict,Route Permit Islamabad ICT,Irfan Qureshi,male,overseas-pakistani,"Houston, USA",USA,english-urdu-mix,5,"Houston, USA se apni gaari ke route permit ke liye bohat pareshaan tha. Ek cousin ne PakExcise bataya. Unhon ne jaldi contact liya aur kaam shuru kar diya. Koi rishtedar takleef mein nahi daala. Khud handle ho gaya sara kaam. Yeh service Pakistan ka future hai."
REV0348,service:route-permit-islamabad-ict,Route Permit Islamabad ICT,Nosheen Ali,female,overseas-pakistani,"Chicago, USA",USA,english,4,"Highly recommend PakExcise to all overseas Pakistanis. I am in Chicago, USA and sorted my route permit through them completely remotely. They clearly explained fees, sent me step-by-step updates, and delivered results. Honest and professional team. Finally a reliable service for expats."
REV0349,service:route-permit-islamabad-ict,Route Permit Islamabad ICT,Sohail Latif,male,overseas-pakistani,"Kuwait City, Kuwait",Kuwait,english-urdu-mix,5,"Main ne Kuwait City, Kuwait se PakExcise ko contact kiya apni route permit ke masle ke baray mein. Jitna darr tha itna kuch nahi hua. Bahut professional log hain. Sab kuch online handle ho gaya. Pakistan mein agar sab log aise kaam karein to mulk bahut aagay jay ga."
REV0350,service:route-permit-islamabad-ict,Route Permit Islamabad ICT,Bilal Shaukat,male,overseas-pakistani,"Istanbul, Turkey",Turkey,english,5,"After years of relying on relatives and paying local agents who never delivered, I found PakExcise while looking online from Istanbul, Turkey. They sorted my route permit professionally and honestly. No middleman games, no extra unofficial payments. Just proper service at a fair price."
REV0351,service:route-permit-new,New Route Permit,Faisal Mahmood,male,local,Pakistan,Pakistan,pakistani-english,4,"New route permit obtained through PakExcise for our family delivery business. The process was complicated but PakExcise simplified it completely. Clear guidance, timely updates, and the permit came through without any problem."
REV0352,service:route-permit-new,New Route Permit,Imran Ali,male,local,Pakistan,Pakistan,pakistani-english,5,Starting a new transport business and needed fresh route permit. PakExcise guided me through the complete process from scratch. Very patient with my questions and explained all requirements clearly. Route permit obtained without any issue.
REV0353,service:route-permit-new,New Route Permit,Waseem Akram,male,local,Pakistan,Pakistan,pakistani-english,4,"New route permit for my goods vehicle obtained through PakExcise. Very efficient service. They know all current requirements and procedures. No running around, everything sorted professionally. Reasonable charges. Highly recommend."
REV0354,service:route-permit-new,New Route Permit,Naveed Shah,male,local,Pakistan,Pakistan,english-urdu-mix,4,"Naya transport business shuru kiya tha aur route permit ka pata hi nahi tha. PakExcise ne sab bata diya — forms, documents, fees sab. Permit mil gayi bina kisi delay ke. Bahut shukriya!"
REV0355,service:route-permit-new,New Route Permit,Kiran Malik,female,local,Pakistan,Pakistan,english-urdu-mix,5,Naye route permit ke liye khud try kiya tha lekin baar baar reject hota raha. PakExcise ne pehli baar mein kara diya. Sach mein yeh log jaante hain yeh kaam. Highly recommended.
REV0356,service:route-permit-new,New Route Permit,Aamir Zaman,male,overseas-pakistani,"Ankara, Turkey",Turkey,english,5,"Living in Ankara, Turkey, I always struggled to get my Pakistan vehicle documents sorted during my yearly visit. PakExcise completely removed that stress. I contacted them from here, they arranged everything, and by the time I came to Pakistan for my short visit everything was ready. Highly recommended for overseas Pakistanis."
REV0357,service:route-permit-new,New Route Permit,Adeel Naseem,male,overseas-pakistani,"Doha, Qatar",Qatar,english-urdu-mix,4,"Doha, Qatar se route permit ka kaam karna na mumkin lagta tha. Rishtedaron ko takleef dena pasand nahi tha. PakExcise ne bahut professional andaaz se kaam kiya. Sab kuch ghar baithe ho gaya. Pakistani expats ke liye yeh service bohat zaroori hai."
REV0358,service:route-permit-new,New Route Permit,Sajid ur Rehman,male,overseas-pakistani,Singapore,Singapore,english,5,"As a Pakistani expat in Singapore I cannot easily take leave and fly back for every vehicle matter. PakExcise is the solution I was looking for. Their team is professional, responsive, and completely trustworthy. My new route permit was completed without any issues. Highly recommend to all overseas Pakistanis."
REV0359,service:route-permit-new,New Route Permit,Iqra Butt,female,overseas-pakistani,"Beijing, China",China,english-urdu-mix,4,"Beijing, China mein hoon aur Pakistan mein route permit ka masla tha. Koi relative bhi available nahi tha. PakExcise ko WhatsApp kiya aur unhon ne foran respond kiya. Kaam kar diya professionally. Ab yeh mera go-to service hai Pakistan ke saare vehicle kaam ke liye."
REV0360,service:route-permit-new,New Route Permit,Haroon Qaiser,male,overseas-pakistani,"Shanghai, China",China,english,4,"I had been postponing my new route permit for two years because I could not manage it from Shanghai, China. A friend in Dubai told me about PakExcise. I contacted them and they resolved everything within days. All documents were sent to my address in Pakistan. Very reliable and honest team."
REV0361,service:route-permit-new,New Route Permit,Muneeb Aslam,male,overseas-pakistani,"Dubai, UAE",UAE,english-urdu-mix,5,"Bhai Dubai, UAE mein reh ke Pakistan ke government kaam karwana bahut mushkil hota hai. Rishtedar bhi itna time nahi dete. PakExcise wale ne route permit ka kaam bilkul smoothly kar diya. Paise bhi seedhi baat pe liye — koi chupaav nahi. Aise service chahiye hoti hai."
REV0362,service:route-permit-new,New Route Permit,Ghulam Abbas,male,overseas-pakistani,"Abu Dhabi, UAE",UAE,english,4,"Being in Abu Dhabi, UAE for the past 8 years, I completely lost track of how Pakistani government processes work. PakExcise team not only handled my new route permit but also explained everything clearly so I was never confused. This is the kind of professional service overseas Pakistanis desperately need."
REV0363,service:route-permit-new,New Route Permit,Hamid Waseem,male,overseas-pakistani,"Sharjah, UAE",UAE,english-urdu-mix,5,"Main Sharjah, UAE mein hoon lekin Pakistan mein mere naam pe gaari hai aur route permit ka masla tha. Kisi pe depend nahi karna chahta tha. PakExcise ne poora kaam kar diya aur mujhe sirf payment karni thi. Trust worthy aur fast service. Dil khush ho gaya."
REV0364,service:route-permit-new,New Route Permit,Sundas Khan,female,overseas-pakistani,"Riyadh, Saudi Arabia",Saudi Arabia,english,5,"PakExcise is a lifesaver for Pakistani expats. I am in Riyadh, Saudi Arabia and my new route permit was pending for months. No one back home could manage it properly. PakExcise sorted it in days. Professional communication, clear fees, and excellent follow-through. Five stars easily."
REV0365,service:route-permit-new,New Route Permit,Zaheer ul Islam,male,overseas-pakistani,"Jeddah, Saudi Arabia",Saudi Arabia,english-urdu-mix,5,"Yaar Jeddah, Saudi Arabia se Pakistan aakar sirf sarkari kaam ke liye chutti lena possible nahi. PakExcise ne yeh problem solve kar di. route permit remotely ho gaya. Bilkul sahi documentation aur time pe delivery. Mera sara Pakistan ka vehicle kaam ab inhi ke through hoga."
REV0366,service:route-permit-new,New Route Permit,Arif Gill,male,overseas-pakistani,"Dammam, Saudi Arabia",Saudi Arabia,english,4,"From Dammam, Saudi Arabia I managed to get my new route permit handled completely by PakExcise. The whole process was remote — I just sent scanned documents and they did the rest. Updates were regular on WhatsApp. This is exactly what was needed for overseas Pakistanis. Excellent work."
REV0367,service:route-permit-new,New Route Permit,Kashan Mirza,male,overseas-pakistani,"London, UK",UK,english-urdu-mix,5,"Jo log London, UK jaise mulkon mein rehte hain unhe pata hai ke Pakistan ke government offices mein kaam karwana kitna mushkil hota hai remotely. PakExcise ne yeh asaan kar diya. route permit bina kisi jhamele ke ho gaya. Bohot khush hoon aur sabko recommend karta hoon."
REV0368,service:route-permit-new,New Route Permit,Mateen ul Haq,male,overseas-pakistani,"Manchester, UK",UK,english,5,"I work in Manchester, UK and fly back to Pakistan only once a year. My new route permit had been pending for two years. PakExcise resolved it without needing my physical presence. That is exactly the kind of service Pakistani expats need. Absolutely trustworthy and professional."
REV0369,service:route-permit-new,New Route Permit,Fareeha Malik,female,overseas-pakistani,"Birmingham, UK",UK,english-urdu-mix,4,"Birmingham, UK se apni gaari ke route permit ke liye bohat pareshaan tha. Ek cousin ne PakExcise bataya. Unhon ne jaldi contact liya aur kaam shuru kar diya. Koi rishtedar takleef mein nahi daala. Khud handle ho gaya sara kaam. Yeh service Pakistan ka future hai."
REV0370,service:route-permit-new,New Route Permit,Nabeel Siddiqui,male,overseas-pakistani,"New York, USA",USA,english,5,"Highly recommend PakExcise to all overseas Pakistanis. I am in New York, USA and sorted my new route permit through them completely remotely. They clearly explained fees, sent me step-by-step updates, and delivered results. Honest and professional team. Finally a reliable service for expats."
REV0371,service:route-permit-new,New Route Permit,Obaid Cheema,male,overseas-pakistani,"Houston, USA",USA,english-urdu-mix,4,"Main ne Houston, USA se PakExcise ko contact kiya apni route permit ke masle ke baray mein. Jitna darr tha itna kuch nahi hua. Bahut professional log hain. Sab kuch online handle ho gaya. Pakistan mein agar sab log aise kaam karein to mulk bahut aagay jay ga."
REV0372,service:route-permit-new,New Route Permit,Qader Malik,male,overseas-pakistani,"Chicago, USA",USA,english,5,"After years of relying on relatives and paying local agents who never delivered, I found PakExcise while looking online from Chicago, USA. They sorted my new route permit professionally and honestly. No middleman games, no extra unofficial payments. Just proper service at a fair price."
REV0373,service:route-permit-new,New Route Permit,Laiba Sheikh,female,overseas-pakistani,"Kuwait City, Kuwait",Kuwait,english-urdu-mix,5,"Kuwait City, Kuwait mein hoon aur Pakistan mein route permit ki bohat zaroorat thi. PakExcise se bahut umeed nahi thi lekin unhon ne kamaal kar diya. Kaam time pe hua aur charges bhi reasonable the. Ab inhe hi use karunga Pakistan ke sab vehicle kaam ke liye. Shukriya PakExcise."
REV0374,service:route-permit-new,New Route Permit,Shaheen Awan,male,overseas-pakistani,"Istanbul, Turkey",Turkey,english-urdu-mix,4,"Istanbul, Turkey mein rehta hoon aur Pakistan mein apni route permit ke liye PakExcise ko use kiya. Ghar se door hokar government kaam karna bahut mushkil tha lekin PakExcise ne sara kaam kar diya. WhatsApp pe updates dete rahe. Bahut acha service hai."
REV0375,service:route-permit-new,New Route Permit,Umar Hanif,male,overseas-pakistani,"Ankara, Turkey",Turkey,english,5,"I am based in Ankara, Turkey and have been away from Pakistan for 5 years. Managing new route permit from abroad was a big headache until I found PakExcise. They handled everything remotely, kept me informed through WhatsApp, and I did not have to ask a single relative for help. Brilliant service."
REV0376,service:route-permit-noc,Route Permit NOC,Kashif Hussain,male,local,Pakistan,Pakistan,pakistani-english,4,"Needed NOC for route permit when transferring my vehicle to another province. PakExcise handled the complete NOC process. Very smooth, no back and forth. They know the procedure well. Highly satisfied with service."
REV0377,service:route-permit-noc,Route Permit NOC,Adnan Siddiqui,male,local,Pakistan,Pakistan,pakistani-english,5,"Route permit NOC was required for my goods vehicle. I tried myself first and got confused. Then PakExcise sorted it in few days. Professional service, clear communication, fair charges. Will use again without hesitation."
REV0378,service:route-permit-noc,Route Permit NOC,Rana Asif,male,local,Pakistan,Pakistan,pakistani-english,5,"NOC process for commercial vehicle can be complicated but PakExcise simplified it. They guided me through each step and submitted documents correctly first time. No rejection, no delay. Five stars for excellent facilitation."
REV0379,service:route-permit-noc,Route Permit NOC,Shahid Latif,male,local,Pakistan,Pakistan,english-urdu-mix,5,Route permit NOC ke liye PakExcise se rabta kiya. Unhon ne bataaya ke kyun zaroorat hai aur kaise milegi. Sab kuch smooth raha. Inhe follow karo agar koi bhi permit issue ho.
REV0380,service:route-permit-noc,Route Permit NOC,Ayesha Tariq,female,local,Pakistan,Pakistan,english-urdu-mix,5,NOC chahiye tha route permit ke liye province change pe. Bahut complicated laga pehle. PakExcise ne poori madad ki aur NOC time pe mil gayi. Bahut professional andaaz mein kaam kiya.
REV0381,service:route-permit-noc,Route Permit NOC,Muhammad Naveed,male,overseas-pakistani,"Doha, Qatar",Qatar,english-urdu-mix,4,"Doha, Qatar mein hoon aur Pakistan mein route permit NOC ka masla tha. Koi relative bhi available nahi tha. PakExcise ko WhatsApp kiya aur unhon ne foran respond kiya. Kaam kar diya professionally. Ab yeh mera go-to service hai Pakistan ke saare vehicle kaam ke liye."
REV0382,service:route-permit-noc,Route Permit NOC,Asim Raza,male,overseas-pakistani,Singapore,Singapore,english,5,I had been postponing my route permit NOC for two years because I could not manage it from Singapore. A friend in Dubai told me about PakExcise. I contacted them and they resolved everything within days. All documents were sent to my address in Pakistan. Very reliable and honest team.
REV0383,service:route-permit-noc,Route Permit NOC,Talha Farooqi,male,overseas-pakistani,"Beijing, China",China,english-urdu-mix,4,"Bhai Beijing, China mein reh ke Pakistan ke government kaam karwana bahut mushkil hota hai. Rishtedar bhi itna time nahi dete. PakExcise wale ne route permit NOC ka kaam bilkul smoothly kar diya. Paise bhi seedhi baat pe liye — koi chupaav nahi. Aise service chahiye hoti hai."
REV0384,service:route-permit-noc,Route Permit NOC,Zainab Hussain,female,overseas-pakistani,"Shanghai, China",China,english,5,"Being in Shanghai, China for the past 10 years, I completely lost track of how Pakistani government processes work. PakExcise team not only handled my route permit NOC but also explained everything clearly so I was never confused. This is the kind of professional service overseas Pakistanis desperately need."
REV0385,service:route-permit-noc,Route Permit NOC,Imtiaz Shah,male,overseas-pakistani,"Dubai, UAE",UAE,english-urdu-mix,4,"Main Dubai, UAE mein hoon lekin Pakistan mein mere naam pe gaari hai aur route permit NOC ka masla tha. Kisi pe depend nahi karna chahta tha. PakExcise ne poora kaam kar diya aur mujhe sirf payment karni thi. Trust worthy aur fast service. Dil khush ho gaya."
REV0386,service:route-permit-noc,Route Permit NOC,Rehan Siddiqui,male,overseas-pakistani,"Abu Dhabi, UAE",UAE,english,5,"PakExcise is a lifesaver for Pakistani expats. I am in Abu Dhabi, UAE and my route permit NOC was pending for months. No one back home could manage it properly. PakExcise sorted it in days. Professional communication, clear fees, and excellent follow-through. Five stars easily."
REV0387,service:route-permit-noc,Route Permit NOC,Waqas Anwar,male,overseas-pakistani,"Sharjah, UAE",UAE,english-urdu-mix,5,"Yaar Sharjah, UAE se Pakistan aakar sirf sarkari kaam ke liye chutti lena possible nahi. PakExcise ne yeh problem solve kar di. route permit NOC remotely ho gaya. Bilkul sahi documentation aur time pe delivery. Mera sara Pakistan ka vehicle kaam ab inhi ke through hoga."
REV0388,service:route-permit-noc,Route Permit NOC,Fawad Hussain,male,overseas-pakistani,"Riyadh, Saudi Arabia",Saudi Arabia,english,5,"From Riyadh, Saudi Arabia I managed to get my route permit NOC handled completely by PakExcise. The whole process was remote — I just sent scanned documents and they did the rest. Updates were regular on WhatsApp. This is exactly what was needed for overseas Pakistanis. Excellent work."
REV0389,service:route-permit-noc,Route Permit NOC,Mehwish Tariq,female,overseas-pakistani,"Jeddah, Saudi Arabia",Saudi Arabia,english-urdu-mix,5,"Jo log Jeddah, Saudi Arabia jaise mulkon mein rehte hain unhe pata hai ke Pakistan ke government offices mein kaam karwana kitna mushkil hota hai remotely. PakExcise ne yeh asaan kar diya. route permit NOC bina kisi jhamele ke ho gaya. Bohot khush hoon aur sabko recommend karta hoon."
REV0390,service:route-permit-noc,Route Permit NOC,Zeeshan Chaudhry,male,overseas-pakistani,"Dammam, Saudi Arabia",Saudi Arabia,english,4,"I work in Dammam, Saudi Arabia and fly back to Pakistan only once a year. My route permit NOC had been pending for two years. PakExcise resolved it without needing my physical presence. That is exactly the kind of service Pakistani expats need. Absolutely trustworthy and professional."
REV0391,service:route-permit-noc,Route Permit NOC,Shahbaz Malik,male,overseas-pakistani,"London, UK",UK,english-urdu-mix,4,"London, UK se apni gaari ke route permit NOC ke liye bohat pareshaan tha. Ek cousin ne PakExcise bataya. Unhon ne jaldi contact liya aur kaam shuru kar diya. Koi rishtedar takleef mein nahi daala. Khud handle ho gaya sara kaam. Yeh service Pakistan ka future hai."
REV0392,service:route-permit-noc,Route Permit NOC,Hassan Khalid,male,overseas-pakistani,"Manchester, UK",UK,english,5,"Highly recommend PakExcise to all overseas Pakistanis. I am in Manchester, UK and sorted my route permit NOC through them completely remotely. They clearly explained fees, sent me step-by-step updates, and delivered results. Honest and professional team. Finally a reliable service for expats."
REV0393,service:route-permit-noc,Route Permit NOC,Arslan Butt,male,overseas-pakistani,"Birmingham, UK",UK,english-urdu-mix,4,"Main ne Birmingham, UK se PakExcise ko contact kiya apni route permit NOC ke masle ke baray mein. Jitna darr tha itna kuch nahi hua. Bahut professional log hain. Sab kuch online handle ho gaya. Pakistan mein agar sab log aise kaam karein to mulk bahut aagay jay ga."
REV0394,service:route-permit-noc,Route Permit NOC,Sadia Rahman,female,overseas-pakistani,"New York, USA",USA,english,5,"After years of relying on relatives and paying local agents who never delivered, I found PakExcise while looking online from New York, USA. They sorted my route permit NOC professionally and honestly. No middleman games, no extra unofficial payments. Just proper service at a fair price."
REV0395,service:route-permit-noc,Route Permit NOC,Tariq Pervaiz,male,overseas-pakistani,"Houston, USA",USA,english-urdu-mix,5,"Houston, USA mein hoon aur Pakistan mein route permit NOC ki bohat zaroorat thi. PakExcise se bahut umeed nahi thi lekin unhon ne kamaal kar diya. Kaam time pe hua aur charges bhi reasonable the. Ab inhe hi use karunga Pakistan ke sab vehicle kaam ke liye. Shukriya PakExcise."
REV0396,service:route-permit-noc,Route Permit NOC,Khurram Bashir,male,overseas-pakistani,"Chicago, USA",USA,english-urdu-mix,5,"Chicago, USA mein rehta hoon aur Pakistan mein apni route permit NOC ke liye PakExcise ko use kiya. Ghar se door hokar government kaam karna bahut mushkil tha lekin PakExcise ne sara kaam kar diya. WhatsApp pe updates dete rahe. Bahut acha service hai."
REV0397,service:route-permit-noc,Route Permit NOC,Daud Ahmed,male,overseas-pakistani,"Kuwait City, Kuwait",Kuwait,english,4,"I am based in Kuwait City, Kuwait and have been away from Pakistan for 6 years. Managing route permit NOC from abroad was a big headache until I found PakExcise. They handled everything remotely, kept me informed through WhatsApp, and I did not have to ask a single relative for help. Brilliant service."
REV0398,service:route-permit-noc,Route Permit NOC,Aisha Pervaiz,female,overseas-pakistani,"Istanbul, Turkey",Turkey,english,4,"Living in Istanbul, Turkey, I always struggled to get my Pakistan vehicle documents sorted during my yearly visit. PakExcise completely removed that stress. I contacted them from here, they arranged everything, and by the time I came to Pakistan for my short visit everything was ready. Highly recommended for overseas Pakistanis."
REV0399,service:route-permit-noc,Route Permit NOC,Saad ul Haq,male,overseas-pakistani,"Ankara, Turkey",Turkey,english-urdu-mix,5,"Ankara, Turkey se route permit NOC ka kaam karna na mumkin lagta tha. Rishtedaron ko takleef dena pasand nahi tha. PakExcise ne bahut professional andaaz se kaam kiya. Sab kuch ghar baithe ho gaya. Pakistani expats ke liye yeh service bohat zaroori hai."
REV0400,service:route-permit-noc,Route Permit NOC,Noman Iqbal,male,overseas-pakistani,"Doha, Qatar",Qatar,english,5,"As a Pakistani expat in Doha, Qatar I cannot easily take leave and fly back for every vehicle matter. PakExcise is the solution I was looking for. Their team is professional, responsive, and completely trustworthy. My route permit NOC was completed without any issues. Highly recommend to all overseas Pakistanis."
REV0401,service:route-permit-punjab,Route Permit Punjab,Owais Malik,male,local,Pakistan,Pakistan,pakistani-english,5,Route permit for my goods truck was expiring. I tried to renew on my own but the requirements kept changing at the office. PakExcise handled it smoothly. They have experience dealing with these things. Five stars for efficient service.
REV0402,service:route-permit-punjab,Route Permit Punjab,Junaid Ahmad,male,local,Pakistan,Pakistan,pakistani-english,5,"PakExcise helped me get a new route permit for my school van. The process was clear and they kept me updated throughout. No unexpected charges, everything transparent. This kind of honest service is rare. Will definitely recommend to other van owners."
REV0403,service:route-permit-punjab,Route Permit Punjab,Rizwan Chaudhry,male,local,Pakistan,Pakistan,pakistani-english,5,Had a complicated route permit situation with my old permit lost and new one needed. PakExcise sorted out both the duplicate issue and the renewal together. Saved me multiple trips and a lot of stress. Very capable and trustworthy team.
REV0404,service:route-permit-punjab,Route Permit Punjab,Sajid Mirza,male,local,Pakistan,Pakistan,english-urdu-mix,5,Mere commercial van ka route permit renew karna tha. Khud try kiya lekin office wale baar baar waapis bhejtey the. PakExcise ne ek baar mein kaam kara diya. Yahi kehte hain professionals ko!
REV0405,service:route-permit-punjab,Route Permit Punjab,Sana Fatima,female,local,Pakistan,Pakistan,english-urdu-mix,5,Route permit ka masla tha ek mahine se. PakExcise ko ek message kiya aur unhon ne hich hich ke bina kaam suru kar diya. Kuch din mein sab theek ho gaya. Bahut acha experience tha.
REV0406,service:route-permit-punjab,Route Permit Punjab,Jawad Karimi,male,overseas-pakistani,Singapore,Singapore,english,5,"Being in Singapore for the past 2 years, I completely lost track of how Pakistani government processes work. PakExcise team not only handled my route permit but also explained everything clearly so I was never confused. This is the kind of professional service overseas Pakistanis desperately need."
REV0407,service:route-permit-punjab,Route Permit Punjab,Yasir Hashmi,male,overseas-pakistani,"Beijing, China",China,english-urdu-mix,5,"Main Beijing, China mein hoon lekin Pakistan mein mere naam pe gaari hai aur route permit ka masla tha. Kisi pe depend nahi karna chahta tha. PakExcise ne poora kaam kar diya aur mujhe sirf payment karni thi. Trust worthy aur fast service. Dil khush ho gaya."
REV0408,service:route-permit-punjab,Route Permit Punjab,Omer Farooq,male,overseas-pakistani,"Shanghai, China",China,english,4,"PakExcise is a lifesaver for Pakistani expats. I am in Shanghai, China and my route permit was pending for months. No one back home could manage it properly. PakExcise sorted it in days. Professional communication, clear fees, and excellent follow-through. Five stars easily."
REV0409,service:route-permit-punjab,Route Permit Punjab,Rukhsar Ahmed,female,overseas-pakistani,"Dubai, UAE",UAE,english-urdu-mix,5,"Yaar Dubai, UAE se Pakistan aakar sirf sarkari kaam ke liye chutti lena possible nahi. PakExcise ne yeh problem solve kar di. route permit remotely ho gaya. Bilkul sahi documentation aur time pe delivery. Mera sara Pakistan ka vehicle kaam ab inhi ke through hoga."
REV0410,service:route-permit-punjab,Route Permit Punjab,Rizwan Mehmood,male,overseas-pakistani,"Abu Dhabi, UAE",UAE,english,5,"From Abu Dhabi, UAE I managed to get my route permit handled completely by PakExcise. The whole process was remote — I just sent scanned documents and they did the rest. Updates were regular on WhatsApp. This is exactly what was needed for overseas Pakistanis. Excellent work."
REV0411,service:route-permit-punjab,Route Permit Punjab,Kashif Abbasi,male,overseas-pakistani,"Sharjah, UAE",UAE,english-urdu-mix,4,"Jo log Sharjah, UAE jaise mulkon mein rehte hain unhe pata hai ke Pakistan ke government offices mein kaam karwana kitna mushkil hota hai remotely. PakExcise ne yeh asaan kar diya. route permit bina kisi jhamele ke ho gaya. Bohot khush hoon aur sabko recommend karta hoon."
REV0412,service:route-permit-punjab,Route Permit Punjab,Irfan Qureshi,male,overseas-pakistani,"Riyadh, Saudi Arabia",Saudi Arabia,english,5,"I work in Riyadh, Saudi Arabia and fly back to Pakistan only once a year. My route permit had been pending for two years. PakExcise resolved it without needing my physical presence. That is exactly the kind of service Pakistani expats need. Absolutely trustworthy and professional."
REV0413,service:route-permit-punjab,Route Permit Punjab,Sohail Latif,male,overseas-pakistani,"Jeddah, Saudi Arabia",Saudi Arabia,english-urdu-mix,5,"Jeddah, Saudi Arabia se apni gaari ke route permit ke liye bohat pareshaan tha. Ek cousin ne PakExcise bataya. Unhon ne jaldi contact liya aur kaam shuru kar diya. Koi rishtedar takleef mein nahi daala. Khud handle ho gaya sara kaam. Yeh service Pakistan ka future hai."
REV0414,service:route-permit-punjab,Route Permit Punjab,Nosheen Ali,female,overseas-pakistani,"Dammam, Saudi Arabia",Saudi Arabia,english,5,"Highly recommend PakExcise to all overseas Pakistanis. I am in Dammam, Saudi Arabia and sorted my route permit through them completely remotely. They clearly explained fees, sent me step-by-step updates, and delivered results. Honest and professional team. Finally a reliable service for expats."
REV0415,service:route-permit-punjab,Route Permit Punjab,Bilal Shaukat,male,overseas-pakistani,"London, UK",UK,english-urdu-mix,5,"Main ne London, UK se PakExcise ko contact kiya apni route permit ke masle ke baray mein. Jitna darr tha itna kuch nahi hua. Bahut professional log hain. Sab kuch online handle ho gaya. Pakistan mein agar sab log aise kaam karein to mulk bahut aagay jay ga."
REV0416,service:route-permit-punjab,Route Permit Punjab,Aamir Zaman,male,overseas-pakistani,"Manchester, UK",UK,english,5,"After years of relying on relatives and paying local agents who never delivered, I found PakExcise while looking online from Manchester, UK. They sorted my route permit professionally and honestly. No middleman games, no extra unofficial payments. Just proper service at a fair price."
REV0417,service:route-permit-punjab,Route Permit Punjab,Adeel Naseem,male,overseas-pakistani,"Birmingham, UK",UK,english-urdu-mix,5,"Birmingham, UK mein hoon aur Pakistan mein route permit ki bohat zaroorat thi. PakExcise se bahut umeed nahi thi lekin unhon ne kamaal kar diya. Kaam time pe hua aur charges bhi reasonable the. Ab inhe hi use karunga Pakistan ke sab vehicle kaam ke liye. Shukriya PakExcise."
REV0418,service:route-permit-punjab,Route Permit Punjab,Sajid ur Rehman,male,overseas-pakistani,"New York, USA",USA,english-urdu-mix,5,"New York, USA mein rehta hoon aur Pakistan mein apni route permit ke liye PakExcise ko use kiya. Ghar se door hokar government kaam karna bahut mushkil tha lekin PakExcise ne sara kaam kar diya. WhatsApp pe updates dete rahe. Bahut acha service hai."
REV0419,service:route-permit-punjab,Route Permit Punjab,Iqra Butt,female,overseas-pakistani,"Houston, USA",USA,english,5,"I am based in Houston, USA and have been away from Pakistan for 7 years. Managing route permit from abroad was a big headache until I found PakExcise. They handled everything remotely, kept me informed through WhatsApp, and I did not have to ask a single relative for help. Brilliant service."
REV0420,service:route-permit-punjab,Route Permit Punjab,Haroon Qaiser,male,overseas-pakistani,"Chicago, USA",USA,english,4,"Living in Chicago, USA, I always struggled to get my Pakistan vehicle documents sorted during my yearly visit. PakExcise completely removed that stress. I contacted them from here, they arranged everything, and by the time I came to Pakistan for my short visit everything was ready. Highly recommended for overseas Pakistanis."
REV0421,service:route-permit-punjab,Route Permit Punjab,Muneeb Aslam,male,overseas-pakistani,"Kuwait City, Kuwait",Kuwait,english-urdu-mix,4,"Kuwait City, Kuwait se route permit ka kaam karna na mumkin lagta tha. Rishtedaron ko takleef dena pasand nahi tha. PakExcise ne bahut professional andaaz se kaam kiya. Sab kuch ghar baithe ho gaya. Pakistani expats ke liye yeh service bohat zaroori hai."
REV0422,service:route-permit-punjab,Route Permit Punjab,Ghulam Abbas,male,overseas-pakistani,"Istanbul, Turkey",Turkey,english,5,"As a Pakistani expat in Istanbul, Turkey I cannot easily take leave and fly back for every vehicle matter. PakExcise is the solution I was looking for. Their team is professional, responsive, and completely trustworthy. My route permit was completed without any issues. Highly recommend to all overseas Pakistanis."
REV0423,service:route-permit-punjab,Route Permit Punjab,Sundas Khan,female,overseas-pakistani,"Ankara, Turkey",Turkey,english-urdu-mix,5,"Ankara, Turkey mein hoon aur Pakistan mein route permit ka masla tha. Koi relative bhi available nahi tha. PakExcise ko WhatsApp kiya aur unhon ne foran respond kiya. Kaam kar diya professionally. Ab yeh mera go-to service hai Pakistan ke saare vehicle kaam ke liye."
REV0424,service:route-permit-punjab,Route Permit Punjab,Hamid Waseem,male,overseas-pakistani,"Doha, Qatar",Qatar,english,5,"I had been postponing my route permit for two years because I could not manage it from Doha, Qatar. A friend in Dubai told me about PakExcise. I contacted them and they resolved everything within days. All documents were sent to my address in Pakistan. Very reliable and honest team."
REV0425,service:route-permit-punjab,Route Permit Punjab,Zaheer ul Islam,male,overseas-pakistani,Singapore,Singapore,english-urdu-mix,5,Bhai Singapore mein reh ke Pakistan ke government kaam karwana bahut mushkil hota hai. Rishtedar bhi itna time nahi dete. PakExcise wale ne route permit ka kaam bilkul smoothly kar diya. Paise bhi seedhi baat pe liye — koi chupaav nahi. Aise service chahiye hoti hai.
REV0426,service:token-tax,Token Tax Payment,Hamza Butt,male,local,Pakistan,Pakistan,pakistani-english,5,My token tax was overdue and I was worried about late fine calculation. PakExcise not only helped with payment but also told me the exact fine amount beforehand. Very transparent. People like us who don't know these government procedures need such help. Good job team.
REV0427,service:token-tax,Token Tax Payment,Noman Farooq,male,local,Pakistan,Pakistan,pakistani-english,4,"Smooth and professional service. I had forgotten about my token tax and it had become overdue. Contacted PakExcise and they sorted it out quickly. They were upfront about fees and timeline. No hidden charges, everything documented. Will definitely use again next year."
REV0428,service:token-tax,Token Tax Payment,Salman Raja,male,local,Pakistan,Pakistan,pakistani-english,4,I was skeptical at first to trust any private company with my token tax payment but my neighbour recommended PakExcise. They did the job perfectly. Got the receipt and confirmation the same day. Very happy with service. They have my trust now.
REV0429,service:token-tax,Token Tax Payment,Usman Ghani,male,local,Pakistan,Pakistan,english-urdu-mix,5,Token tax online kiaa PakExcise ke through. Bahut smooth raha. Documents share kiye aur payment confirm ho gayi. Receipt bhi mil gayi. Yeh hai na asl facilitation! Sabko recommend karta hoon yeh service.
REV0430,service:token-tax,Token Tax Payment,Nadia Hussain,female,local,Pakistan,Pakistan,english-urdu-mix,4,"Yaar PakExcise ne meri bohat madad ki. Token tax ka chakkar bahut mushkil hota tha — line mein ghanton kharna, bank mein jana, phir office. Ab ghar baith ke ho gaya. Zindagi aasan ho gayi. Shukriya PakExcise!"
REV0431,service:token-tax,Token Tax Payment,Arif Gill,male,overseas-pakistani,"Beijing, China",China,english-urdu-mix,4,"Yaar Beijing, China se Pakistan aakar sirf sarkari kaam ke liye chutti lena possible nahi. PakExcise ne yeh problem solve kar di. token tax remotely ho gaya. Bilkul sahi documentation aur time pe delivery. Mera sara Pakistan ka vehicle kaam ab inhi ke through hoga."
REV0432,service:token-tax,Token Tax Payment,Kashan Mirza,male,overseas-pakistani,"Shanghai, China",China,english,4,"From Shanghai, China I managed to get my token tax payment handled completely by PakExcise. The whole process was remote — I just sent scanned documents and they did the rest. Updates were regular on WhatsApp. This is exactly what was needed for overseas Pakistanis. Excellent work."
REV0433,service:token-tax,Token Tax Payment,Mateen ul Haq,male,overseas-pakistani,"Dubai, UAE",UAE,english-urdu-mix,5,"Jo log Dubai, UAE jaise mulkon mein rehte hain unhe pata hai ke Pakistan ke government offices mein kaam karwana kitna mushkil hota hai remotely. PakExcise ne yeh asaan kar diya. token tax bina kisi jhamele ke ho gaya. Bohot khush hoon aur sabko recommend karta hoon."
REV0434,service:token-tax,Token Tax Payment,Fareeha Malik,female,overseas-pakistani,"Abu Dhabi, UAE",UAE,english,4,"I work in Abu Dhabi, UAE and fly back to Pakistan only once a year. My token tax payment had been pending for two years. PakExcise resolved it without needing my physical presence. That is exactly the kind of service Pakistani expats need. Absolutely trustworthy and professional."
REV0435,service:token-tax,Token Tax Payment,Nabeel Siddiqui,male,overseas-pakistani,"Sharjah, UAE",UAE,english-urdu-mix,4,"Sharjah, UAE se apni gaari ke token tax ke liye bohat pareshaan tha. Ek cousin ne PakExcise bataya. Unhon ne jaldi contact liya aur kaam shuru kar diya. Koi rishtedar takleef mein nahi daala. Khud handle ho gaya sara kaam. Yeh service Pakistan ka future hai."
REV0436,service:token-tax,Token Tax Payment,Obaid Cheema,male,overseas-pakistani,"Riyadh, Saudi Arabia",Saudi Arabia,english,5,"Highly recommend PakExcise to all overseas Pakistanis. I am in Riyadh, Saudi Arabia and sorted my token tax payment through them completely remotely. They clearly explained fees, sent me step-by-step updates, and delivered results. Honest and professional team. Finally a reliable service for expats."
REV0437,service:token-tax,Token Tax Payment,Qader Malik,male,overseas-pakistani,"Jeddah, Saudi Arabia",Saudi Arabia,english-urdu-mix,5,"Main ne Jeddah, Saudi Arabia se PakExcise ko contact kiya apni token tax ke masle ke baray mein. Jitna darr tha itna kuch nahi hua. Bahut professional log hain. Sab kuch online handle ho gaya. Pakistan mein agar sab log aise kaam karein to mulk bahut aagay jay ga."
REV0438,service:token-tax,Token Tax Payment,Shaheen Awan,male,overseas-pakistani,"Dammam, Saudi Arabia",Saudi Arabia,english,4,"After years of relying on relatives and paying local agents who never delivered, I found PakExcise while looking online from Dammam, Saudi Arabia. They sorted my token tax payment professionally and honestly. No middleman games, no extra unofficial payments. Just proper service at a fair price."
REV0439,service:token-tax,Token Tax Payment,Laiba Sheikh,female,overseas-pakistani,"London, UK",UK,english-urdu-mix,5,"London, UK mein hoon aur Pakistan mein token tax ki bohat zaroorat thi. PakExcise se bahut umeed nahi thi lekin unhon ne kamaal kar diya. Kaam time pe hua aur charges bhi reasonable the. Ab inhe hi use karunga Pakistan ke sab vehicle kaam ke liye. Shukriya PakExcise."
REV0440,service:token-tax,Token Tax Payment,Umar Hanif,male,overseas-pakistani,"Manchester, UK",UK,english-urdu-mix,5,"Manchester, UK mein rehta hoon aur Pakistan mein apni token tax ke liye PakExcise ko use kiya. Ghar se door hokar government kaam karna bahut mushkil tha lekin PakExcise ne sara kaam kar diya. WhatsApp pe updates dete rahe. Bahut acha service hai."
REV0441,service:token-tax,Token Tax Payment,Muhammad Naveed,male,overseas-pakistani,"Birmingham, UK",UK,english,4,"I am based in Birmingham, UK and have been away from Pakistan for 8 years. Managing token tax payment from abroad was a big headache until I found PakExcise. They handled everything remotely, kept me informed through WhatsApp, and I did not have to ask a single relative for help. Brilliant service."
REV0442,service:token-tax,Token Tax Payment,Asim Raza,male,overseas-pakistani,"New York, USA",USA,english,5,"Living in New York, USA, I always struggled to get my Pakistan vehicle documents sorted during my yearly visit. PakExcise completely removed that stress. I contacted them from here, they arranged everything, and by the time I came to Pakistan for my short visit everything was ready. Highly recommended for overseas Pakistanis."
REV0443,service:token-tax,Token Tax Payment,Talha Farooqi,male,overseas-pakistani,"Houston, USA",USA,english-urdu-mix,5,"Houston, USA se token tax ka kaam karna na mumkin lagta tha. Rishtedaron ko takleef dena pasand nahi tha. PakExcise ne bahut professional andaaz se kaam kiya. Sab kuch ghar baithe ho gaya. Pakistani expats ke liye yeh service bohat zaroori hai."
REV0444,service:token-tax,Token Tax Payment,Zainab Hussain,female,overseas-pakistani,"Chicago, USA",USA,english,5,"As a Pakistani expat in Chicago, USA I cannot easily take leave and fly back for every vehicle matter. PakExcise is the solution I was looking for. Their team is professional, responsive, and completely trustworthy. My token tax payment was completed without any issues. Highly recommend to all overseas Pakistanis."
REV0445,service:token-tax,Token Tax Payment,Imtiaz Shah,male,overseas-pakistani,"Kuwait City, Kuwait",Kuwait,english-urdu-mix,5,"Kuwait City, Kuwait mein hoon aur Pakistan mein token tax ka masla tha. Koi relative bhi available nahi tha. PakExcise ko WhatsApp kiya aur unhon ne foran respond kiya. Kaam kar diya professionally. Ab yeh mera go-to service hai Pakistan ke saare vehicle kaam ke liye."
REV0446,service:token-tax,Token Tax Payment,Rehan Siddiqui,male,overseas-pakistani,"Istanbul, Turkey",Turkey,english,4,"I had been postponing my token tax payment for two years because I could not manage it from Istanbul, Turkey. A friend in Dubai told me about PakExcise. I contacted them and they resolved everything within days. All documents were sent to my address in Pakistan. Very reliable and honest team."
REV0447,service:token-tax,Token Tax Payment,Waqas Anwar,male,overseas-pakistani,"Ankara, Turkey",Turkey,english-urdu-mix,4,"Bhai Ankara, Turkey mein reh ke Pakistan ke government kaam karwana bahut mushkil hota hai. Rishtedar bhi itna time nahi dete. PakExcise wale ne token tax ka kaam bilkul smoothly kar diya. Paise bhi seedhi baat pe liye — koi chupaav nahi. Aise service chahiye hoti hai."
REV0448,service:token-tax,Token Tax Payment,Mehwish Tariq,female,overseas-pakistani,"Doha, Qatar",Qatar,english,5,"Being in Doha, Qatar for the past 7 years, I completely lost track of how Pakistani government processes work. PakExcise team not only handled my token tax payment but also explained everything clearly so I was never confused. This is the kind of professional service overseas Pakistanis desperately need."
REV0449,service:token-tax,Token Tax Payment,Fawad Hussain,male,overseas-pakistani,Singapore,Singapore,english-urdu-mix,5,Main Singapore mein hoon lekin Pakistan mein mere naam pe gaari hai aur token tax ka masla tha. Kisi pe depend nahi karna chahta tha. PakExcise ne poora kaam kar diya aur mujhe sirf payment karni thi. Trust worthy aur fast service. Dil khush ho gaya.
REV0450,service:token-tax,Token Tax Payment,Zeeshan Chaudhry,male,overseas-pakistani,"Beijing, China",China,english,4,"PakExcise is a lifesaver for Pakistani expats. I am in Beijing, China and my token tax payment was pending for months. No one back home could manage it properly. PakExcise sorted it in days. Professional communication, clear fees, and excellent follow-through. Five stars easily."
REV0451,service:token-tax-all-provinces,Token Tax All Provinces,Asad Qamar,male,local,Pakistan,Pakistan,pakistani-english,5,"Smooth and professional service. I had forgotten about my token tax and it had become overdue. Contacted PakExcise and they sorted it out quickly. They were upfront about fees and timeline. No hidden charges, everything documented. Will definitely use again next year."
REV0452,service:token-tax-all-provinces,Token Tax All Provinces,Babar Azeem,male,local,Pakistan,Pakistan,pakistani-english,5,I was skeptical at first to trust any private company with my token tax payment but my neighbour recommended PakExcise. They did the job perfectly. Got the receipt and confirmation the same day. Very happy with service. They have my trust now.
REV0453,service:token-tax-all-provinces,Token Tax All Provinces,Danyal Rehman,male,local,Pakistan,Pakistan,pakistani-english,5,"Yaar, I always used to delay my token tax payment because of long queues at bank and excise office. This year tried PakExcise and honestly it was so smooth. Paid online, got confirmation, and that's it. Token tax done without leaving my house. Brilliant service."
REV0454,service:token-tax-all-provinces,Token Tax All Provinces,Furqan Sheikh,male,local,Pakistan,Pakistan,english-urdu-mix,5,"Yaar PakExcise ne meri bohat madad ki. Token tax ka chakkar bahut mushkil hota tha — line mein ghanton kharna, bank mein jana, phir office. Ab ghar baith ke ho gaya. Zindagi aasan ho gayi. Shukriya PakExcise!"
REV0455,service:token-tax-all-provinces,Token Tax All Provinces,Rabia Khalid,female,local,Pakistan,Pakistan,english-urdu-mix,4,Token tax online kiaa PakExcise ke through. Bahut smooth raha. Documents share kiye aur payment confirm ho gayi. Receipt bhi mil gayi. Yeh hai na asl facilitation! Sabko recommend karta hoon yeh service.
REV0456,service:token-tax-all-provinces,Token Tax All Provinces,Shahbaz Malik,male,overseas-pakistani,"Shanghai, China",China,english,5,"I work in Shanghai, China and fly back to Pakistan only once a year. My token tax payment had been pending for two years. PakExcise resolved it without needing my physical presence. That is exactly the kind of service Pakistani expats need. Absolutely trustworthy and professional."
REV0457,service:token-tax-all-provinces,Token Tax All Provinces,Hassan Khalid,male,overseas-pakistani,"Dubai, UAE",UAE,english-urdu-mix,5,"Dubai, UAE se apni gaari ke token tax ke liye bohat pareshaan tha. Ek cousin ne PakExcise bataya. Unhon ne jaldi contact liya aur kaam shuru kar diya. Koi rishtedar takleef mein nahi daala. Khud handle ho gaya sara kaam. Yeh service Pakistan ka future hai."
REV0458,service:token-tax-all-provinces,Token Tax All Provinces,Arslan Butt,male,overseas-pakistani,"Abu Dhabi, UAE",UAE,english,5,"Highly recommend PakExcise to all overseas Pakistanis. I am in Abu Dhabi, UAE and sorted my token tax payment through them completely remotely. They clearly explained fees, sent me step-by-step updates, and delivered results. Honest and professional team. Finally a reliable service for expats."
REV0459,service:token-tax-all-provinces,Token Tax All Provinces,Sadia Rahman,female,overseas-pakistani,"Sharjah, UAE",UAE,english-urdu-mix,4,"Main ne Sharjah, UAE se PakExcise ko contact kiya apni token tax ke masle ke baray mein. Jitna darr tha itna kuch nahi hua. Bahut professional log hain. Sab kuch online handle ho gaya. Pakistan mein agar sab log aise kaam karein to mulk bahut aagay jay ga."
REV0460,service:token-tax-all-provinces,Token Tax All Provinces,Tariq Pervaiz,male,overseas-pakistani,"Riyadh, Saudi Arabia",Saudi Arabia,english,4,"After years of relying on relatives and paying local agents who never delivered, I found PakExcise while looking online from Riyadh, Saudi Arabia. They sorted my token tax payment professionally and honestly. No middleman games, no extra unofficial payments. Just proper service at a fair price."
REV0461,service:token-tax-all-provinces,Token Tax All Provinces,Khurram Bashir,male,overseas-pakistani,"Jeddah, Saudi Arabia",Saudi Arabia,english-urdu-mix,5,"Jeddah, Saudi Arabia mein hoon aur Pakistan mein token tax ki bohat zaroorat thi. PakExcise se bahut umeed nahi thi lekin unhon ne kamaal kar diya. Kaam time pe hua aur charges bhi reasonable the. Ab inhe hi use karunga Pakistan ke sab vehicle kaam ke liye. Shukriya PakExcise."
REV0462,service:token-tax-all-provinces,Token Tax All Provinces,Daud Ahmed,male,overseas-pakistani,"Dammam, Saudi Arabia",Saudi Arabia,english-urdu-mix,4,"Dammam, Saudi Arabia mein rehta hoon aur Pakistan mein apni token tax ke liye PakExcise ko use kiya. Ghar se door hokar government kaam karna bahut mushkil tha lekin PakExcise ne sara kaam kar diya. WhatsApp pe updates dete rahe. Bahut acha service hai."
REV0463,service:token-tax-all-provinces,Token Tax All Provinces,Saad ul Haq,male,overseas-pakistani,"London, UK",UK,english,5,"I am based in London, UK and have been away from Pakistan for 10 years. Managing token tax payment from abroad was a big headache until I found PakExcise. They handled everything remotely, kept me informed through WhatsApp, and I did not have to ask a single relative for help. Brilliant service."
REV0464,service:token-tax-all-provinces,Token Tax All Provinces,Aisha Pervaiz,female,overseas-pakistani,"Manchester, UK",UK,english,5,"Living in Manchester, UK, I always struggled to get my Pakistan vehicle documents sorted during my yearly visit. PakExcise completely removed that stress. I contacted them from here, they arranged everything, and by the time I came to Pakistan for my short visit everything was ready. Highly recommended for overseas Pakistanis."
REV0465,service:token-tax-all-provinces,Token Tax All Provinces,Noman Iqbal,male,overseas-pakistani,"Birmingham, UK",UK,english-urdu-mix,4,"Birmingham, UK se token tax ka kaam karna na mumkin lagta tha. Rishtedaron ko takleef dena pasand nahi tha. PakExcise ne bahut professional andaaz se kaam kiya. Sab kuch ghar baithe ho gaya. Pakistani expats ke liye yeh service bohat zaroori hai."
REV0466,service:token-tax-all-provinces,Token Tax All Provinces,Jawad Karimi,male,overseas-pakistani,"New York, USA",USA,english,5,"As a Pakistani expat in New York, USA I cannot easily take leave and fly back for every vehicle matter. PakExcise is the solution I was looking for. Their team is professional, responsive, and completely trustworthy. My token tax payment was completed without any issues. Highly recommend to all overseas Pakistanis."
REV0467,service:token-tax-all-provinces,Token Tax All Provinces,Yasir Hashmi,male,overseas-pakistani,"Houston, USA",USA,english-urdu-mix,4,"Houston, USA mein hoon aur Pakistan mein token tax ka masla tha. Koi relative bhi available nahi tha. PakExcise ko WhatsApp kiya aur unhon ne foran respond kiya. Kaam kar diya professionally. Ab yeh mera go-to service hai Pakistan ke saare vehicle kaam ke liye."
REV0468,service:token-tax-all-provinces,Token Tax All Provinces,Omer Farooq,male,overseas-pakistani,"Chicago, USA",USA,english,5,"I had been postponing my token tax payment for two years because I could not manage it from Chicago, USA. A friend in Dubai told me about PakExcise. I contacted them and they resolved everything within days. All documents were sent to my address in Pakistan. Very reliable and honest team."
REV0469,service:token-tax-all-provinces,Token Tax All Provinces,Rukhsar Ahmed,female,overseas-pakistani,"Kuwait City, Kuwait",Kuwait,english-urdu-mix,4,"Bhai Kuwait City, Kuwait mein reh ke Pakistan ke government kaam karwana bahut mushkil hota hai. Rishtedar bhi itna time nahi dete. PakExcise wale ne token tax ka kaam bilkul smoothly kar diya. Paise bhi seedhi baat pe liye — koi chupaav nahi. Aise service chahiye hoti hai."
REV0470,service:token-tax-all-provinces,Token Tax All Provinces,Rizwan Mehmood,male,overseas-pakistani,"Istanbul, Turkey",Turkey,english,4,"Being in Istanbul, Turkey for the past 8 years, I completely lost track of how Pakistani government processes work. PakExcise team not only handled my token tax payment but also explained everything clearly so I was never confused. This is the kind of professional service overseas Pakistanis desperately need."
REV0471,service:token-tax-all-provinces,Token Tax All Provinces,Kashif Abbasi,male,overseas-pakistani,"Ankara, Turkey",Turkey,english-urdu-mix,4,"Main Ankara, Turkey mein hoon lekin Pakistan mein mere naam pe gaari hai aur token tax ka masla tha. Kisi pe depend nahi karna chahta tha. PakExcise ne poora kaam kar diya aur mujhe sirf payment karni thi. Trust worthy aur fast service. Dil khush ho gaya."
REV0472,service:token-tax-all-provinces,Token Tax All Provinces,Irfan Qureshi,male,overseas-pakistani,"Doha, Qatar",Qatar,english,5,"PakExcise is a lifesaver for Pakistani expats. I am in Doha, Qatar and my token tax payment was pending for months. No one back home could manage it properly. PakExcise sorted it in days. Professional communication, clear fees, and excellent follow-through. Five stars easily."
REV0473,service:token-tax-all-provinces,Token Tax All Provinces,Nosheen Ali,female,overseas-pakistani,Singapore,Singapore,english-urdu-mix,4,Yaar Singapore se Pakistan aakar sirf sarkari kaam ke liye chutti lena possible nahi. PakExcise ne yeh problem solve kar di. token tax remotely ho gaya. Bilkul sahi documentation aur time pe delivery. Mera sara Pakistan ka vehicle kaam ab inhi ke through hoga.
REV0474,service:token-tax-all-provinces,Token Tax All Provinces,Sohail Latif,male,overseas-pakistani,"Beijing, China",China,english,5,"From Beijing, China I managed to get my token tax payment handled completely by PakExcise. The whole process was remote — I just sent scanned documents and they did the rest. Updates were regular on WhatsApp. This is exactly what was needed for overseas Pakistanis. Excellent work."
REV0475,service:token-tax-all-provinces,Token Tax All Provinces,Bilal Shaukat,male,overseas-pakistani,"Shanghai, China",China,english-urdu-mix,4,"Jo log Shanghai, China jaise mulkon mein rehte hain unhe pata hai ke Pakistan ke government offices mein kaam karwana kitna mushkil hota hai remotely. PakExcise ne yeh asaan kar diya. token tax bina kisi jhamele ke ho gaya. Bohot khush hoon aur sabko recommend karta hoon."
REV0476,service:token-tax-payment,Token Tax Payment,Ghulam Mustafa,male,local,Pakistan,Pakistan,pakistani-english,4,I was skeptical at first to trust any private company with my token tax payment but my neighbour recommended PakExcise. They did the job perfectly. Got the receipt and confirmation the same day. Very happy with service. They have my trust now.
REV0477,service:token-tax-payment,Token Tax Payment,Hasnain Raza,male,local,Pakistan,Pakistan,pakistani-english,5,"Yaar, I always used to delay my token tax payment because of long queues at bank and excise office. This year tried PakExcise and honestly it was so smooth. Paid online, got confirmation, and that's it. Token tax done without leaving my house. Brilliant service."
REV0478,service:token-tax-payment,Token Tax Payment,Irfan Baig,male,local,Pakistan,Pakistan,pakistani-english,5,"Token tax was due for two vehicles and I had no time. PakExcise team handled both in one go. The charges are reasonable and the service is genuine. I verified the payment confirmation from excise website and it was all correct. Trust worthy service, recommend to everyone."
REV0479,service:token-tax-payment,Token Tax Payment,Jameel Dar,male,local,Pakistan,Pakistan,english-urdu-mix,5,Token tax online kiaa PakExcise ke through. Bahut smooth raha. Documents share kiye aur payment confirm ho gayi. Receipt bhi mil gayi. Yeh hai na asl facilitation! Sabko recommend karta hoon yeh service.
REV0480,service:token-tax-payment,Token Tax Payment,Maryam Iqbal,female,local,Pakistan,Pakistan,english-urdu-mix,5,"Yaar PakExcise ne meri bohat madad ki. Token tax ka chakkar bahut mushkil hota tha — line mein ghanton kharna, bank mein jana, phir office. Ab ghar baith ke ho gaya. Zindagi aasan ho gayi. Shukriya PakExcise!"
REV0481,service:token-tax-payment,Token Tax Payment,Aamir Zaman,male,overseas-pakistani,"Dubai, UAE",UAE,english-urdu-mix,5,"Main ne Dubai, UAE se PakExcise ko contact kiya apni token tax ke masle ke baray mein. Jitna darr tha itna kuch nahi hua. Bahut professional log hain. Sab kuch online handle ho gaya. Pakistan mein agar sab log aise kaam karein to mulk bahut aagay jay ga."
REV0482,service:token-tax-payment,Token Tax Payment,Adeel Naseem,male,overseas-pakistani,"Abu Dhabi, UAE",UAE,english,5,"After years of relying on relatives and paying local agents who never delivered, I found PakExcise while looking online from Abu Dhabi, UAE. They sorted my token tax payment professionally and honestly. No middleman games, no extra unofficial payments. Just proper service at a fair price."
REV0483,service:token-tax-payment,Token Tax Payment,Sajid ur Rehman,male,overseas-pakistani,"Sharjah, UAE",UAE,english-urdu-mix,5,"Sharjah, UAE mein hoon aur Pakistan mein token tax ki bohat zaroorat thi. PakExcise se bahut umeed nahi thi lekin unhon ne kamaal kar diya. Kaam time pe hua aur charges bhi reasonable the. Ab inhe hi use karunga Pakistan ke sab vehicle kaam ke liye. Shukriya PakExcise."
REV0484,service:token-tax-payment,Token Tax Payment,Iqra Butt,female,overseas-pakistani,"Riyadh, Saudi Arabia",Saudi Arabia,english-urdu-mix,4,"Riyadh, Saudi Arabia mein rehta hoon aur Pakistan mein apni token tax ke liye PakExcise ko use kiya. Ghar se door hokar government kaam karna bahut mushkil tha lekin PakExcise ne sara kaam kar diya. WhatsApp pe updates dete rahe. Bahut acha service hai."
REV0485,service:token-tax-payment,Token Tax Payment,Haroon Qaiser,male,overseas-pakistani,"Jeddah, Saudi Arabia",Saudi Arabia,english,5,"I am based in Jeddah, Saudi Arabia and have been away from Pakistan for 2 years. Managing token tax payment from abroad was a big headache until I found PakExcise. They handled everything remotely, kept me informed through WhatsApp, and I did not have to ask a single relative for help. Brilliant service."
REV0486,service:token-tax-payment,Token Tax Payment,Muneeb Aslam,male,overseas-pakistani,"Dammam, Saudi Arabia",Saudi Arabia,english,4,"Living in Dammam, Saudi Arabia, I always struggled to get my Pakistan vehicle documents sorted during my yearly visit. PakExcise completely removed that stress. I contacted them from here, they arranged everything, and by the time I came to Pakistan for my short visit everything was ready. Highly recommended for overseas Pakistanis."
REV0487,service:token-tax-payment,Token Tax Payment,Ghulam Abbas,male,overseas-pakistani,"London, UK",UK,english-urdu-mix,5,"London, UK se token tax ka kaam karna na mumkin lagta tha. Rishtedaron ko takleef dena pasand nahi tha. PakExcise ne bahut professional andaaz se kaam kiya. Sab kuch ghar baithe ho gaya. Pakistani expats ke liye yeh service bohat zaroori hai."
REV0488,service:token-tax-payment,Token Tax Payment,Hamid Waseem,male,overseas-pakistani,"Manchester, UK",UK,english,4,"As a Pakistani expat in Manchester, UK I cannot easily take leave and fly back for every vehicle matter. PakExcise is the solution I was looking for. Their team is professional, responsive, and completely trustworthy. My token tax payment was completed without any issues. Highly recommend to all overseas Pakistanis."
REV0489,service:token-tax-payment,Token Tax Payment,Sundas Khan,female,overseas-pakistani,"Birmingham, UK",UK,english-urdu-mix,4,"Birmingham, UK mein hoon aur Pakistan mein token tax ka masla tha. Koi relative bhi available nahi tha. PakExcise ko WhatsApp kiya aur unhon ne foran respond kiya. Kaam kar diya professionally. Ab yeh mera go-to service hai Pakistan ke saare vehicle kaam ke liye."
REV0490,service:token-tax-payment,Token Tax Payment,Zaheer ul Islam,male,overseas-pakistani,"New York, USA",USA,english,5,"I had been postponing my token tax payment for two years because I could not manage it from New York, USA. A friend in Dubai told me about PakExcise. I contacted them and they resolved everything within days. All documents were sent to my address in Pakistan. Very reliable and honest team."
REV0491,service:token-tax-payment,Token Tax Payment,Arif Gill,male,overseas-pakistani,"Houston, USA",USA,english-urdu-mix,5,"Bhai Houston, USA mein reh ke Pakistan ke government kaam karwana bahut mushkil hota hai. Rishtedar bhi itna time nahi dete. PakExcise wale ne token tax ka kaam bilkul smoothly kar diya. Paise bhi seedhi baat pe liye — koi chupaav nahi. Aise service chahiye hoti hai."
REV0492,service:token-tax-payment,Token Tax Payment,Kashan Mirza,male,overseas-pakistani,"Chicago, USA",USA,english,5,"Being in Chicago, USA for the past 10 years, I completely lost track of how Pakistani government processes work. PakExcise team not only handled my token tax payment but also explained everything clearly so I was never confused. This is the kind of professional service overseas Pakistanis desperately need."
REV0493,service:token-tax-payment,Token Tax Payment,Mateen ul Haq,male,overseas-pakistani,"Kuwait City, Kuwait",Kuwait,english-urdu-mix,5,"Main Kuwait City, Kuwait mein hoon lekin Pakistan mein mere naam pe gaari hai aur token tax ka masla tha. Kisi pe depend nahi karna chahta tha. PakExcise ne poora kaam kar diya aur mujhe sirf payment karni thi. Trust worthy aur fast service. Dil khush ho gaya."
REV0494,service:token-tax-payment,Token Tax Payment,Fareeha Malik,female,overseas-pakistani,"Istanbul, Turkey",Turkey,english,4,"PakExcise is a lifesaver for Pakistani expats. I am in Istanbul, Turkey and my token tax payment was pending for months. No one back home could manage it properly. PakExcise sorted it in days. Professional communication, clear fees, and excellent follow-through. Five stars easily."
REV0495,service:token-tax-payment,Token Tax Payment,Nabeel Siddiqui,male,overseas-pakistani,"Ankara, Turkey",Turkey,english-urdu-mix,5,"Yaar Ankara, Turkey se Pakistan aakar sirf sarkari kaam ke liye chutti lena possible nahi. PakExcise ne yeh problem solve kar di. token tax remotely ho gaya. Bilkul sahi documentation aur time pe delivery. Mera sara Pakistan ka vehicle kaam ab inhi ke through hoga."
REV0496,service:token-tax-payment,Token Tax Payment,Obaid Cheema,male,overseas-pakistani,"Doha, Qatar",Qatar,english,5,"From Doha, Qatar I managed to get my token tax payment handled completely by PakExcise. The whole process was remote — I just sent scanned documents and they did the rest. Updates were regular on WhatsApp. This is exactly what was needed for overseas Pakistanis. Excellent work."
REV0497,service:token-tax-payment,Token Tax Payment,Qader Malik,male,overseas-pakistani,Singapore,Singapore,english-urdu-mix,5,Jo log Singapore jaise mulkon mein rehte hain unhe pata hai ke Pakistan ke government offices mein kaam karwana kitna mushkil hota hai remotely. PakExcise ne yeh asaan kar diya. token tax bina kisi jhamele ke ho gaya. Bohot khush hoon aur sabko recommend karta hoon.
REV0498,service:token-tax-payment,Token Tax Payment,Laiba Sheikh,female,overseas-pakistani,"Beijing, China",China,english,5,"I work in Beijing, China and fly back to Pakistan only once a year. My token tax payment had been pending for two years. PakExcise resolved it without needing my physical presence. That is exactly the kind of service Pakistani expats need. Absolutely trustworthy and professional."
REV0499,service:token-tax-payment,Token Tax Payment,Shaheen Awan,male,overseas-pakistani,"Shanghai, China",China,english-urdu-mix,4,"Shanghai, China se apni gaari ke token tax ke liye bohat pareshaan tha. Ek cousin ne PakExcise bataya. Unhon ne jaldi contact liya aur kaam shuru kar diya. Koi rishtedar takleef mein nahi daala. Khud handle ho gaya sara kaam. Yeh service Pakistan ka future hai."
REV0500,service:token-tax-payment,Token Tax Payment,Umar Hanif,male,overseas-pakistani,"Dubai, UAE",UAE,english,5,"Highly recommend PakExcise to all overseas Pakistanis. I am in Dubai, UAE and sorted my token tax payment through them completely remotely. They clearly explained fees, sent me step-by-step updates, and delivered results. Honest and professional team. Finally a reliable service for expats."
REV0501,service:vehicle-data-correction,Vehicle Data Correction,Khalid Mehmood,male,local,Pakistan,Pakistan,pakistani-english,5,There was a mistake in my car registration data — my name was spelled wrong. I had no idea how to fix it. PakExcise told me the exact documents required and handled the correction from start to finish. Very smooth process. Highly recommended.
REV0502,service:vehicle-data-correction,Vehicle Data Correction,Luqman Qureshi,male,local,Pakistan,Pakistan,pakistani-english,5,Engine number in my vehicle registration record was entered incorrectly. I was worried this would cause problems at checkpoints. PakExcise corrected the excise record properly. They knew exactly which forms to file. Very professional work.
REV0503,service:vehicle-data-correction,Vehicle Data Correction,Mudassir Anwar,male,local,Pakistan,Pakistan,pakistani-english,4,Got my CNIC number corrected in vehicle record through PakExcise. The process sounds simple but there is a lot of paperwork involved. PakExcise handled it without any issue. Friendly and helpful team. Will use them again for any vehicle related matter.
REV0504,service:vehicle-data-correction,Vehicle Data Correction,Nasir Hamid,male,local,Pakistan,Pakistan,english-urdu-mix,4,Registration mein mera naam galat likha hua tha — bahut pareshan tha. PakExcise ne documents ki list di aur kuch dinon mein correction ho gayi. Ab naam bilkul theek hai. Bahut bahut shukriya!
REV0505,service:vehicle-data-correction,Vehicle Data Correction,Saima Arshad,female,local,Pakistan,Pakistan,english-urdu-mix,5,Engine number record mein galat tha. Mujhe darr tha checkpoint pe masla ho ga. PakExcise ne correction karwa di jaldi. Bahut professional team hai. Inpe trust kar sakte ho.
REV0506,service:vehicle-data-correction,Vehicle Data Correction,Muhammad Naveed,male,overseas-pakistani,"Abu Dhabi, UAE",UAE,english-urdu-mix,4,"Abu Dhabi, UAE mein rehta hoon aur Pakistan mein apni data correction ke liye PakExcise ko use kiya. Ghar se door hokar government kaam karna bahut mushkil tha lekin PakExcise ne sara kaam kar diya. WhatsApp pe updates dete rahe. Bahut acha service hai."
REV0507,service:vehicle-data-correction,Vehicle Data Correction,Asim Raza,male,overseas-pakistani,"Sharjah, UAE",UAE,english,5,"I am based in Sharjah, UAE and have been away from Pakistan for 3 years. Managing vehicle data correction from abroad was a big headache until I found PakExcise. They handled everything remotely, kept me informed through WhatsApp, and I did not have to ask a single relative for help. Brilliant service."
REV0508,service:vehicle-data-correction,Vehicle Data Correction,Talha Farooqi,male,overseas-pakistani,"Riyadh, Saudi Arabia",Saudi Arabia,english,5,"Living in Riyadh, Saudi Arabia, I always struggled to get my Pakistan vehicle documents sorted during my yearly visit. PakExcise completely removed that stress. I contacted them from here, they arranged everything, and by the time I came to Pakistan for my short visit everything was ready. Highly recommended for overseas Pakistanis."
REV0509,service:vehicle-data-correction,Vehicle Data Correction,Zainab Hussain,female,overseas-pakistani,"Jeddah, Saudi Arabia",Saudi Arabia,english-urdu-mix,4,"Jeddah, Saudi Arabia se data correction ka kaam karna na mumkin lagta tha. Rishtedaron ko takleef dena pasand nahi tha. PakExcise ne bahut professional andaaz se kaam kiya. Sab kuch ghar baithe ho gaya. Pakistani expats ke liye yeh service bohat zaroori hai."
REV0510,service:vehicle-data-correction,Vehicle Data Correction,Imtiaz Shah,male,overseas-pakistani,"Dammam, Saudi Arabia",Saudi Arabia,english,5,"As a Pakistani expat in Dammam, Saudi Arabia I cannot easily take leave and fly back for every vehicle matter. PakExcise is the solution I was looking for. Their team is professional, responsive, and completely trustworthy. My vehicle data correction was completed without any issues. Highly recommend to all overseas Pakistanis."
REV0511,service:vehicle-data-correction,Vehicle Data Correction,Rehan Siddiqui,male,overseas-pakistani,"London, UK",UK,english-urdu-mix,5,"London, UK mein hoon aur Pakistan mein data correction ka masla tha. Koi relative bhi available nahi tha. PakExcise ko WhatsApp kiya aur unhon ne foran respond kiya. Kaam kar diya professionally. Ab yeh mera go-to service hai Pakistan ke saare vehicle kaam ke liye."
REV0512,service:vehicle-data-correction,Vehicle Data Correction,Waqas Anwar,male,overseas-pakistani,"Manchester, UK",UK,english,5,"I had been postponing my vehicle data correction for two years because I could not manage it from Manchester, UK. A friend in Dubai told me about PakExcise. I contacted them and they resolved everything within days. All documents were sent to my address in Pakistan. Very reliable and honest team."
REV0513,service:vehicle-data-correction,Vehicle Data Correction,Fawad Hussain,male,overseas-pakistani,"Birmingham, UK",UK,english-urdu-mix,5,"Bhai Birmingham, UK mein reh ke Pakistan ke government kaam karwana bahut mushkil hota hai. Rishtedar bhi itna time nahi dete. PakExcise wale ne data correction ka kaam bilkul smoothly kar diya. Paise bhi seedhi baat pe liye — koi chupaav nahi. Aise service chahiye hoti hai."
REV0514,service:vehicle-data-correction,Vehicle Data Correction,Mehwish Tariq,female,overseas-pakistani,"New York, USA",USA,english,5,"Being in New York, USA for the past 2 years, I completely lost track of how Pakistani government processes work. PakExcise team not only handled my vehicle data correction but also explained everything clearly so I was never confused. This is the kind of professional service overseas Pakistanis desperately need."
REV0515,service:vehicle-data-correction,Vehicle Data Correction,Zeeshan Chaudhry,male,overseas-pakistani,"Houston, USA",USA,english-urdu-mix,5,"Main Houston, USA mein hoon lekin Pakistan mein mere naam pe gaari hai aur data correction ka masla tha. Kisi pe depend nahi karna chahta tha. PakExcise ne poora kaam kar diya aur mujhe sirf payment karni thi. Trust worthy aur fast service. Dil khush ho gaya."
REV0516,service:vehicle-data-correction,Vehicle Data Correction,Shahbaz Malik,male,overseas-pakistani,"Chicago, USA",USA,english,5,"PakExcise is a lifesaver for Pakistani expats. I am in Chicago, USA and my vehicle data correction was pending for months. No one back home could manage it properly. PakExcise sorted it in days. Professional communication, clear fees, and excellent follow-through. Five stars easily."
REV0517,service:vehicle-data-correction,Vehicle Data Correction,Hassan Khalid,male,overseas-pakistani,"Kuwait City, Kuwait",Kuwait,english-urdu-mix,5,"Yaar Kuwait City, Kuwait se Pakistan aakar sirf sarkari kaam ke liye chutti lena possible nahi. PakExcise ne yeh problem solve kar di. data correction remotely ho gaya. Bilkul sahi documentation aur time pe delivery. Mera sara Pakistan ka vehicle kaam ab inhi ke through hoga."
REV0518,service:vehicle-data-correction,Vehicle Data Correction,Arslan Butt,male,overseas-pakistani,"Istanbul, Turkey",Turkey,english,5,"From Istanbul, Turkey I managed to get my vehicle data correction handled completely by PakExcise. The whole process was remote — I just sent scanned documents and they did the rest. Updates were regular on WhatsApp. This is exactly what was needed for overseas Pakistanis. Excellent work."
REV0519,service:vehicle-data-correction,Vehicle Data Correction,Sadia Rahman,female,overseas-pakistani,"Ankara, Turkey",Turkey,english-urdu-mix,5,"Jo log Ankara, Turkey jaise mulkon mein rehte hain unhe pata hai ke Pakistan ke government offices mein kaam karwana kitna mushkil hota hai remotely. PakExcise ne yeh asaan kar diya. data correction bina kisi jhamele ke ho gaya. Bohot khush hoon aur sabko recommend karta hoon."
REV0520,service:vehicle-data-correction,Vehicle Data Correction,Tariq Pervaiz,male,overseas-pakistani,"Doha, Qatar",Qatar,english,5,"I work in Doha, Qatar and fly back to Pakistan only once a year. My vehicle data correction had been pending for two years. PakExcise resolved it without needing my physical presence. That is exactly the kind of service Pakistani expats need. Absolutely trustworthy and professional."
REV0521,service:vehicle-data-correction,Vehicle Data Correction,Khurram Bashir,male,overseas-pakistani,Singapore,Singapore,english-urdu-mix,5,Singapore se apni gaari ke data correction ke liye bohat pareshaan tha. Ek cousin ne PakExcise bataya. Unhon ne jaldi contact liya aur kaam shuru kar diya. Koi rishtedar takleef mein nahi daala. Khud handle ho gaya sara kaam. Yeh service Pakistan ka future hai.
REV0522,service:vehicle-data-correction,Vehicle Data Correction,Daud Ahmed,male,overseas-pakistani,"Beijing, China",China,english,5,"Highly recommend PakExcise to all overseas Pakistanis. I am in Beijing, China and sorted my vehicle data correction through them completely remotely. They clearly explained fees, sent me step-by-step updates, and delivered results. Honest and professional team. Finally a reliable service for expats."
REV0523,service:vehicle-data-correction,Vehicle Data Correction,Aisha Pervaiz,female,overseas-pakistani,"Shanghai, China",China,english-urdu-mix,5,"Main ne Shanghai, China se PakExcise ko contact kiya apni data correction ke masle ke baray mein. Jitna darr tha itna kuch nahi hua. Bahut professional log hain. Sab kuch online handle ho gaya. Pakistan mein agar sab log aise kaam karein to mulk bahut aagay jay ga."
REV0524,service:vehicle-data-correction,Vehicle Data Correction,Saad ul Haq,male,overseas-pakistani,"Dubai, UAE",UAE,english,5,"After years of relying on relatives and paying local agents who never delivered, I found PakExcise while looking online from Dubai, UAE. They sorted my vehicle data correction professionally and honestly. No middleman games, no extra unofficial payments. Just proper service at a fair price."
REV0525,service:vehicle-data-correction,Vehicle Data Correction,Noman Iqbal,male,overseas-pakistani,"Abu Dhabi, UAE",UAE,english-urdu-mix,5,"Abu Dhabi, UAE mein hoon aur Pakistan mein data correction ki bohat zaroorat thi. PakExcise se bahut umeed nahi thi lekin unhon ne kamaal kar diya. Kaam time pe hua aur charges bhi reasonable the. Ab inhe hi use karunga Pakistan ke sab vehicle kaam ke liye. Shukriya PakExcise."
REV0526,service:vehicle-inspection,Vehicle Inspection,Obaid Ullah,male,local,Pakistan,Pakistan,pakistani-english,5,Had failed vehicle inspection once because I had wrong documents. PakExcise explained exactly what is needed so second time I was prepared properly. Passed without problem. These small things matter a lot and PakExcise knows them well.
REV0527,service:vehicle-inspection,Vehicle Inspection,Parvaiz Akhtar,male,local,Pakistan,Pakistan,pakistani-english,5,PakExcise helped me with vehicle inspection and fitness for my commercial pickup. Very professional guidance. They told me what maintenance checks I should do before inspection so chances of passing are higher. This extra advice was very valuable. Excellent team.
REV0528,service:vehicle-inspection,Vehicle Inspection,Qasim Javed,male,local,Pakistan,Pakistan,pakistani-english,5,"Got my vehicle inspection done through PakExcise facilitation. They handled all paperwork and told me appointment timing. Everything went smooth. No confusion, no wasted trips. This is exactly what I needed as I work six days a week and have no time for government offices."
REV0529,service:vehicle-inspection,Vehicle Inspection,Raheel Naseem,male,local,Pakistan,Pakistan,english-urdu-mix,5,Inspection ke documents aur appointment sab PakExcise ne handle kiya. Mujhe sirf gaari le ke jana tha. Sab kuch theek raha. Aisi service chahiye thi. Bahut shukr guzaar hoon.
REV0530,service:vehicle-inspection,Vehicle Inspection,Hira Butt,female,local,Pakistan,Pakistan,english-urdu-mix,5,Vehicle inspection ke liye PakExcise se madad li. Unhon ne bataya ke kya kya check hota hai aur kaise tayari karein. Gaari pehli baar pass ho gayi. Yeh guide karna bhi apne aap mein bohat badi madad hai.
REV0531,service:vehicle-inspection,Vehicle Inspection,Jawad Karimi,male,overseas-pakistani,"Sharjah, UAE",UAE,english-urdu-mix,5,"Sharjah, UAE se vehicle inspection ka kaam karna na mumkin lagta tha. Rishtedaron ko takleef dena pasand nahi tha. PakExcise ne bahut professional andaaz se kaam kiya. Sab kuch ghar baithe ho gaya. Pakistani expats ke liye yeh service bohat zaroori hai."
REV0532,service:vehicle-inspection,Vehicle Inspection,Yasir Hashmi,male,overseas-pakistani,"Riyadh, Saudi Arabia",Saudi Arabia,english,5,"As a Pakistani expat in Riyadh, Saudi Arabia I cannot easily take leave and fly back for every vehicle matter. PakExcise is the solution I was looking for. Their team is professional, responsive, and completely trustworthy. My vehicle inspection was completed without any issues. Highly recommend to all overseas Pakistanis."
REV0533,service:vehicle-inspection,Vehicle Inspection,Omer Farooq,male,overseas-pakistani,"Jeddah, Saudi Arabia",Saudi Arabia,english-urdu-mix,4,"Jeddah, Saudi Arabia mein hoon aur Pakistan mein vehicle inspection ka masla tha. Koi relative bhi available nahi tha. PakExcise ko WhatsApp kiya aur unhon ne foran respond kiya. Kaam kar diya professionally. Ab yeh mera go-to service hai Pakistan ke saare vehicle kaam ke liye."
REV0534,service:vehicle-inspection,Vehicle Inspection,Rukhsar Ahmed,female,overseas-pakistani,"Dammam, Saudi Arabia",Saudi Arabia,english,5,"I had been postponing my vehicle inspection for two years because I could not manage it from Dammam, Saudi Arabia. A friend in Dubai told me about PakExcise. I contacted them and they resolved everything within days. All documents were sent to my address in Pakistan. Very reliable and honest team."
REV0535,service:vehicle-inspection,Vehicle Inspection,Rizwan Mehmood,male,overseas-pakistani,"London, UK",UK,english-urdu-mix,5,"Bhai London, UK mein reh ke Pakistan ke government kaam karwana bahut mushkil hota hai. Rishtedar bhi itna time nahi dete. PakExcise wale ne vehicle inspection ka kaam bilkul smoothly kar diya. Paise bhi seedhi baat pe liye — koi chupaav nahi. Aise service chahiye hoti hai."
REV0536,service:vehicle-inspection,Vehicle Inspection,Kashif Abbasi,male,overseas-pakistani,"Manchester, UK",UK,english,4,"Being in Manchester, UK for the past 3 years, I completely lost track of how Pakistani government processes work. PakExcise team not only handled my vehicle inspection but also explained everything clearly so I was never confused. This is the kind of professional service overseas Pakistanis desperately need."
REV0537,service:vehicle-inspection,Vehicle Inspection,Irfan Qureshi,male,overseas-pakistani,"Birmingham, UK",UK,english-urdu-mix,5,"Main Birmingham, UK mein hoon lekin Pakistan mein mere naam pe gaari hai aur vehicle inspection ka masla tha. Kisi pe depend nahi karna chahta tha. PakExcise ne poora kaam kar diya aur mujhe sirf payment karni thi. Trust worthy aur fast service. Dil khush ho gaya."
REV0538,service:vehicle-inspection,Vehicle Inspection,Sohail Latif,male,overseas-pakistani,"New York, USA",USA,english,5,"PakExcise is a lifesaver for Pakistani expats. I am in New York, USA and my vehicle inspection was pending for months. No one back home could manage it properly. PakExcise sorted it in days. Professional communication, clear fees, and excellent follow-through. Five stars easily."
REV0539,service:vehicle-inspection,Vehicle Inspection,Nosheen Ali,female,overseas-pakistani,"Houston, USA",USA,english-urdu-mix,5,"Yaar Houston, USA se Pakistan aakar sirf sarkari kaam ke liye chutti lena possible nahi. PakExcise ne yeh problem solve kar di. vehicle inspection remotely ho gaya. Bilkul sahi documentation aur time pe delivery. Mera sara Pakistan ka vehicle kaam ab inhi ke through hoga."
REV0540,service:vehicle-inspection,Vehicle Inspection,Bilal Shaukat,male,overseas-pakistani,"Chicago, USA",USA,english,5,"From Chicago, USA I managed to get my vehicle inspection handled completely by PakExcise. The whole process was remote — I just sent scanned documents and they did the rest. Updates were regular on WhatsApp. This is exactly what was needed for overseas Pakistanis. Excellent work."
REV0541,service:vehicle-inspection,Vehicle Inspection,Aamir Zaman,male,overseas-pakistani,"Kuwait City, Kuwait",Kuwait,english-urdu-mix,5,"Jo log Kuwait City, Kuwait jaise mulkon mein rehte hain unhe pata hai ke Pakistan ke government offices mein kaam karwana kitna mushkil hota hai remotely. PakExcise ne yeh asaan kar diya. vehicle inspection bina kisi jhamele ke ho gaya. Bohot khush hoon aur sabko recommend karta hoon."
REV0542,service:vehicle-inspection,Vehicle Inspection,Adeel Naseem,male,overseas-pakistani,"Istanbul, Turkey",Turkey,english,4,"I work in Istanbul, Turkey and fly back to Pakistan only once a year. My vehicle inspection had been pending for two years. PakExcise resolved it without needing my physical presence. That is exactly the kind of service Pakistani expats need. Absolutely trustworthy and professional."
REV0543,service:vehicle-inspection,Vehicle Inspection,Sajid ur Rehman,male,overseas-pakistani,"Ankara, Turkey",Turkey,english-urdu-mix,4,"Ankara, Turkey se apni gaari ke vehicle inspection ke liye bohat pareshaan tha. Ek cousin ne PakExcise bataya. Unhon ne jaldi contact liya aur kaam shuru kar diya. Koi rishtedar takleef mein nahi daala. Khud handle ho gaya sara kaam. Yeh service Pakistan ka future hai."
REV0544,service:vehicle-inspection,Vehicle Inspection,Iqra Butt,female,overseas-pakistani,"Doha, Qatar",Qatar,english,5,"Highly recommend PakExcise to all overseas Pakistanis. I am in Doha, Qatar and sorted my vehicle inspection through them completely remotely. They clearly explained fees, sent me step-by-step updates, and delivered results. Honest and professional team. Finally a reliable service for expats."
REV0545,service:vehicle-inspection,Vehicle Inspection,Haroon Qaiser,male,overseas-pakistani,Singapore,Singapore,english-urdu-mix,4,Main ne Singapore se PakExcise ko contact kiya apni vehicle inspection ke masle ke baray mein. Jitna darr tha itna kuch nahi hua. Bahut professional log hain. Sab kuch online handle ho gaya. Pakistan mein agar sab log aise kaam karein to mulk bahut aagay jay ga.
REV0546,service:vehicle-inspection,Vehicle Inspection,Muneeb Aslam,male,overseas-pakistani,"Beijing, China",China,english,5,"After years of relying on relatives and paying local agents who never delivered, I found PakExcise while looking online from Beijing, China. They sorted my vehicle inspection professionally and honestly. No middleman games, no extra unofficial payments. Just proper service at a fair price."
REV0547,service:vehicle-inspection,Vehicle Inspection,Ghulam Abbas,male,overseas-pakistani,"Shanghai, China",China,english-urdu-mix,5,"Shanghai, China mein hoon aur Pakistan mein vehicle inspection ki bohat zaroorat thi. PakExcise se bahut umeed nahi thi lekin unhon ne kamaal kar diya. Kaam time pe hua aur charges bhi reasonable the. Ab inhe hi use karunga Pakistan ke sab vehicle kaam ke liye. Shukriya PakExcise."
REV0548,service:vehicle-inspection,Vehicle Inspection,Sundas Khan,female,overseas-pakistani,"Dubai, UAE",UAE,english-urdu-mix,4,"Dubai, UAE mein rehta hoon aur Pakistan mein apni vehicle inspection ke liye PakExcise ko use kiya. Ghar se door hokar government kaam karna bahut mushkil tha lekin PakExcise ne sara kaam kar diya. WhatsApp pe updates dete rahe. Bahut acha service hai."
REV0549,service:vehicle-inspection,Vehicle Inspection,Hamid Waseem,male,overseas-pakistani,"Abu Dhabi, UAE",UAE,english,5,"I am based in Abu Dhabi, UAE and have been away from Pakistan for 8 years. Managing vehicle inspection from abroad was a big headache until I found PakExcise. They handled everything remotely, kept me informed through WhatsApp, and I did not have to ask a single relative for help. Brilliant service."
REV0550,service:vehicle-inspection,Vehicle Inspection,Zaheer ul Islam,male,overseas-pakistani,"Sharjah, UAE",UAE,english,4,"Living in Sharjah, UAE, I always struggled to get my Pakistan vehicle documents sorted during my yearly visit. PakExcise completely removed that stress. I contacted them from here, they arranged everything, and by the time I came to Pakistan for my short visit everything was ready. Highly recommended for overseas Pakistanis."
REV0551,service:vehicle-inspection-islamabad-ict,Vehicle Inspection Islamabad ICT,Sarfraz Ahmed,male,local,Pakistan,Pakistan,pakistani-english,5,PakExcise helped me with vehicle inspection and fitness for my commercial pickup. Very professional guidance. They told me what maintenance checks I should do before inspection so chances of passing are higher. This extra advice was very valuable. Excellent team.
REV0552,service:vehicle-inspection-islamabad-ict,Vehicle Inspection Islamabad ICT,Tehseen Ali,male,local,Pakistan,Pakistan,pakistani-english,5,"Got my vehicle inspection done through PakExcise facilitation. They handled all paperwork and told me appointment timing. Everything went smooth. No confusion, no wasted trips. This is exactly what I needed as I work six days a week and have no time for government offices."
REV0553,service:vehicle-inspection-islamabad-ict,Vehicle Inspection Islamabad ICT,Uzair Hameed,male,local,Pakistan,Pakistan,pakistani-english,5,My car inspection was overdue and I was scared about fine and rejection. PakExcise handled the process professionally and my car got cleared. They were honest about what might be an issue and advised me to fix a headlight first. Good and honest advice.
REV0554,service:vehicle-inspection-islamabad-ict,Vehicle Inspection Islamabad ICT,Waheed Chishti,male,local,Pakistan,Pakistan,english-urdu-mix,5,Vehicle inspection ke liye PakExcise se madad li. Unhon ne bataya ke kya kya check hota hai aur kaise tayari karein. Gaari pehli baar pass ho gayi. Yeh guide karna bhi apne aap mein bohat badi madad hai.
REV0555,service:vehicle-inspection-islamabad-ict,Vehicle Inspection Islamabad ICT,Zara Sheikh,female,local,Pakistan,Pakistan,english-urdu-mix,4,Inspection ke documents aur appointment sab PakExcise ne handle kiya. Mujhe sirf gaari le ke jana tha. Sab kuch theek raha. Aisi service chahiye thi. Bahut shukr guzaar hoon.
REV0556,service:vehicle-inspection-islamabad-ict,Vehicle Inspection Islamabad ICT,Arif Gill,male,overseas-pakistani,"Riyadh, Saudi Arabia",Saudi Arabia,english,5,"I had been postponing my vehicle inspection for two years because I could not manage it from Riyadh, Saudi Arabia. A friend in Dubai told me about PakExcise. I contacted them and they resolved everything within days. All documents were sent to my address in Pakistan. Very reliable and honest team."
REV0557,service:vehicle-inspection-islamabad-ict,Vehicle Inspection Islamabad ICT,Kashan Mirza,male,overseas-pakistani,"Jeddah, Saudi Arabia",Saudi Arabia,english-urdu-mix,4,"Bhai Jeddah, Saudi Arabia mein reh ke Pakistan ke government kaam karwana bahut mushkil hota hai. Rishtedar bhi itna time nahi dete. PakExcise wale ne vehicle inspection ka kaam bilkul smoothly kar diya. Paise bhi seedhi baat pe liye — koi chupaav nahi. Aise service chahiye hoti hai."
REV0558,service:vehicle-inspection-islamabad-ict,Vehicle Inspection Islamabad ICT,Mateen ul Haq,male,overseas-pakistani,"Dammam, Saudi Arabia",Saudi Arabia,english,4,"Being in Dammam, Saudi Arabia for the past 4 years, I completely lost track of how Pakistani government processes work. PakExcise team not only handled my vehicle inspection but also explained everything clearly so I was never confused. This is the kind of professional service overseas Pakistanis desperately need."
REV0559,service:vehicle-inspection-islamabad-ict,Vehicle Inspection Islamabad ICT,Fareeha Malik,female,overseas-pakistani,"London, UK",UK,english-urdu-mix,5,"Main London, UK mein hoon lekin Pakistan mein mere naam pe gaari hai aur vehicle inspection ka masla tha. Kisi pe depend nahi karna chahta tha. PakExcise ne poora kaam kar diya aur mujhe sirf payment karni thi. Trust worthy aur fast service. Dil khush ho gaya."
REV0560,service:vehicle-inspection-islamabad-ict,Vehicle Inspection Islamabad ICT,Nabeel Siddiqui,male,overseas-pakistani,"Manchester, UK",UK,english,5,"PakExcise is a lifesaver for Pakistani expats. I am in Manchester, UK and my vehicle inspection was pending for months. No one back home could manage it properly. PakExcise sorted it in days. Professional communication, clear fees, and excellent follow-through. Five stars easily."
REV0561,service:vehicle-inspection-islamabad-ict,Vehicle Inspection Islamabad ICT,Obaid Cheema,male,overseas-pakistani,"Birmingham, UK",UK,english-urdu-mix,4,"Yaar Birmingham, UK se Pakistan aakar sirf sarkari kaam ke liye chutti lena possible nahi. PakExcise ne yeh problem solve kar di. vehicle inspection remotely ho gaya. Bilkul sahi documentation aur time pe delivery. Mera sara Pakistan ka vehicle kaam ab inhi ke through hoga."
REV0562,service:vehicle-inspection-islamabad-ict,Vehicle Inspection Islamabad ICT,Qader Malik,male,overseas-pakistani,"New York, USA",USA,english,5,"From New York, USA I managed to get my vehicle inspection handled completely by PakExcise. The whole process was remote — I just sent scanned documents and they did the rest. Updates were regular on WhatsApp. This is exactly what was needed for overseas Pakistanis. Excellent work."
REV0563,service:vehicle-inspection-islamabad-ict,Vehicle Inspection Islamabad ICT,Shaheen Awan,male,overseas-pakistani,"Houston, USA",USA,english-urdu-mix,5,"Jo log Houston, USA jaise mulkon mein rehte hain unhe pata hai ke Pakistan ke government offices mein kaam karwana kitna mushkil hota hai remotely. PakExcise ne yeh asaan kar diya. vehicle inspection bina kisi jhamele ke ho gaya. Bohot khush hoon aur sabko recommend karta hoon."
REV0564,service:vehicle-inspection-islamabad-ict,Vehicle Inspection Islamabad ICT,Laiba Sheikh,female,overseas-pakistani,"Chicago, USA",USA,english,4,"I work in Chicago, USA and fly back to Pakistan only once a year. My vehicle inspection had been pending for two years. PakExcise resolved it without needing my physical presence. That is exactly the kind of service Pakistani expats need. Absolutely trustworthy and professional."
REV0565,service:vehicle-inspection-islamabad-ict,Vehicle Inspection Islamabad ICT,Umar Hanif,male,overseas-pakistani,"Kuwait City, Kuwait",Kuwait,english-urdu-mix,5,"Kuwait City, Kuwait se apni gaari ke vehicle inspection ke liye bohat pareshaan tha. Ek cousin ne PakExcise bataya. Unhon ne jaldi contact liya aur kaam shuru kar diya. Koi rishtedar takleef mein nahi daala. Khud handle ho gaya sara kaam. Yeh service Pakistan ka future hai."
REV0566,service:vehicle-inspection-islamabad-ict,Vehicle Inspection Islamabad ICT,Muhammad Naveed,male,overseas-pakistani,"Istanbul, Turkey",Turkey,english,4,"Highly recommend PakExcise to all overseas Pakistanis. I am in Istanbul, Turkey and sorted my vehicle inspection through them completely remotely. They clearly explained fees, sent me step-by-step updates, and delivered results. Honest and professional team. Finally a reliable service for expats."
REV0567,service:vehicle-inspection-islamabad-ict,Vehicle Inspection Islamabad ICT,Asim Raza,male,overseas-pakistani,"Ankara, Turkey",Turkey,english-urdu-mix,4,"Main ne Ankara, Turkey se PakExcise ko contact kiya apni vehicle inspection ke masle ke baray mein. Jitna darr tha itna kuch nahi hua. Bahut professional log hain. Sab kuch online handle ho gaya. Pakistan mein agar sab log aise kaam karein to mulk bahut aagay jay ga."
REV0568,service:vehicle-inspection-islamabad-ict,Vehicle Inspection Islamabad ICT,Talha Farooqi,male,overseas-pakistani,"Doha, Qatar",Qatar,english,4,"After years of relying on relatives and paying local agents who never delivered, I found PakExcise while looking online from Doha, Qatar. They sorted my vehicle inspection professionally and honestly. No middleman games, no extra unofficial payments. Just proper service at a fair price."
REV0569,service:vehicle-inspection-islamabad-ict,Vehicle Inspection Islamabad ICT,Zainab Hussain,female,overseas-pakistani,Singapore,Singapore,english-urdu-mix,4,Singapore mein hoon aur Pakistan mein vehicle inspection ki bohat zaroorat thi. PakExcise se bahut umeed nahi thi lekin unhon ne kamaal kar diya. Kaam time pe hua aur charges bhi reasonable the. Ab inhe hi use karunga Pakistan ke sab vehicle kaam ke liye. Shukriya PakExcise.
REV0570,service:vehicle-inspection-islamabad-ict,Vehicle Inspection Islamabad ICT,Imtiaz Shah,male,overseas-pakistani,"Beijing, China",China,english-urdu-mix,5,"Beijing, China mein rehta hoon aur Pakistan mein apni vehicle inspection ke liye PakExcise ko use kiya. Ghar se door hokar government kaam karna bahut mushkil tha lekin PakExcise ne sara kaam kar diya. WhatsApp pe updates dete rahe. Bahut acha service hai."
REV0571,service:vehicle-inspection-islamabad-ict,Vehicle Inspection Islamabad ICT,Rehan Siddiqui,male,overseas-pakistani,"Shanghai, China",China,english,5,"I am based in Shanghai, China and have been away from Pakistan for 10 years. Managing vehicle inspection from abroad was a big headache until I found PakExcise. They handled everything remotely, kept me informed through WhatsApp, and I did not have to ask a single relative for help. Brilliant service."
REV0572,service:vehicle-inspection-islamabad-ict,Vehicle Inspection Islamabad ICT,Waqas Anwar,male,overseas-pakistani,"Dubai, UAE",UAE,english,5,"Living in Dubai, UAE, I always struggled to get my Pakistan vehicle documents sorted during my yearly visit. PakExcise completely removed that stress. I contacted them from here, they arranged everything, and by the time I came to Pakistan for my short visit everything was ready. Highly recommended for overseas Pakistanis."
REV0573,service:vehicle-inspection-islamabad-ict,Vehicle Inspection Islamabad ICT,Mehwish Tariq,female,overseas-pakistani,"Abu Dhabi, UAE",UAE,english-urdu-mix,5,"Abu Dhabi, UAE se vehicle inspection ka kaam karna na mumkin lagta tha. Rishtedaron ko takleef dena pasand nahi tha. PakExcise ne bahut professional andaaz se kaam kiya. Sab kuch ghar baithe ho gaya. Pakistani expats ke liye yeh service bohat zaroori hai."
REV0574,service:vehicle-inspection-islamabad-ict,Vehicle Inspection Islamabad ICT,Fawad Hussain,male,overseas-pakistani,"Sharjah, UAE",UAE,english,5,"As a Pakistani expat in Sharjah, UAE I cannot easily take leave and fly back for every vehicle matter. PakExcise is the solution I was looking for. Their team is professional, responsive, and completely trustworthy. My vehicle inspection was completed without any issues. Highly recommend to all overseas Pakistanis."
REV0575,service:vehicle-inspection-islamabad-ict,Vehicle Inspection Islamabad ICT,Zeeshan Chaudhry,male,overseas-pakistani,"Riyadh, Saudi Arabia",Saudi Arabia,english-urdu-mix,5,"Riyadh, Saudi Arabia mein hoon aur Pakistan mein vehicle inspection ka masla tha. Koi relative bhi available nahi tha. PakExcise ko WhatsApp kiya aur unhon ne foran respond kiya. Kaam kar diya professionally. Ab yeh mera go-to service hai Pakistan ke saare vehicle kaam ke liye."
REV0576,service:vehicle-inspection-punjab,Vehicle Inspection Punjab,Yasir Pervaiz,male,local,Pakistan,Pakistan,pakistani-english,5,"Got my vehicle inspection done through PakExcise facilitation. They handled all paperwork and told me appointment timing. Everything went smooth. No confusion, no wasted trips. This is exactly what I needed as I work six days a week and have no time for government offices."
REV0577,service:vehicle-inspection-punjab,Vehicle Inspection Punjab,Zahid Maqbool,male,local,Pakistan,Pakistan,pakistani-english,5,My car inspection was overdue and I was scared about fine and rejection. PakExcise handled the process professionally and my car got cleared. They were honest about what might be an issue and advised me to fix a headlight first. Good and honest advice.
REV0578,service:vehicle-inspection-punjab,Vehicle Inspection Punjab,Aamir Hayat,male,local,Pakistan,Pakistan,pakistani-english,5,"Vehicle inspection process was always confusing for me. What to bring, which office, what time. PakExcise guided me step by step. My car passed inspection without issue and I have the fitness certificate now. Very helpful service."
REV0579,service:vehicle-inspection-punjab,Vehicle Inspection Punjab,Baber Nisar,male,local,Pakistan,Pakistan,english-urdu-mix,5,Inspection ke documents aur appointment sab PakExcise ne handle kiya. Mujhe sirf gaari le ke jana tha. Sab kuch theek raha. Aisi service chahiye thi. Bahut shukr guzaar hoon.
REV0580,service:vehicle-inspection-punjab,Vehicle Inspection Punjab,Faiza Khan,female,local,Pakistan,Pakistan,english-urdu-mix,4,Vehicle inspection ke liye PakExcise se madad li. Unhon ne bataya ke kya kya check hota hai aur kaise tayari karein. Gaari pehli baar pass ho gayi. Yeh guide karna bhi apne aap mein bohat badi madad hai.
REV0581,service:vehicle-inspection-punjab,Vehicle Inspection Punjab,Shahbaz Malik,male,overseas-pakistani,"Jeddah, Saudi Arabia",Saudi Arabia,english-urdu-mix,4,"Main Jeddah, Saudi Arabia mein hoon lekin Pakistan mein mere naam pe gaari hai aur vehicle inspection ka masla tha. Kisi pe depend nahi karna chahta tha. PakExcise ne poora kaam kar diya aur mujhe sirf payment karni thi. Trust worthy aur fast service. Dil khush ho gaya."
REV0582,service:vehicle-inspection-punjab,Vehicle Inspection Punjab,Hassan Khalid,male,overseas-pakistani,"Dammam, Saudi Arabia",Saudi Arabia,english,5,"PakExcise is a lifesaver for Pakistani expats. I am in Dammam, Saudi Arabia and my vehicle inspection was pending for months. No one back home could manage it properly. PakExcise sorted it in days. Professional communication, clear fees, and excellent follow-through. Five stars easily."
REV0583,service:vehicle-inspection-punjab,Vehicle Inspection Punjab,Arslan Butt,male,overseas-pakistani,"London, UK",UK,english-urdu-mix,5,"Yaar London, UK se Pakistan aakar sirf sarkari kaam ke liye chutti lena possible nahi. PakExcise ne yeh problem solve kar di. vehicle inspection remotely ho gaya. Bilkul sahi documentation aur time pe delivery. Mera sara Pakistan ka vehicle kaam ab inhi ke through hoga."
REV0584,service:vehicle-inspection-punjab,Vehicle Inspection Punjab,Sadia Rahman,female,overseas-pakistani,"Manchester, UK",UK,english,5,"From Manchester, UK I managed to get my vehicle inspection handled completely by PakExcise. The whole process was remote — I just sent scanned documents and they did the rest. Updates were regular on WhatsApp. This is exactly what was needed for overseas Pakistanis. Excellent work."
REV0585,service:vehicle-inspection-punjab,Vehicle Inspection Punjab,Tariq Pervaiz,male,overseas-pakistani,"Birmingham, UK",UK,english-urdu-mix,5,"Jo log Birmingham, UK jaise mulkon mein rehte hain unhe pata hai ke Pakistan ke government offices mein kaam karwana kitna mushkil hota hai remotely. PakExcise ne yeh asaan kar diya. vehicle inspection bina kisi jhamele ke ho gaya. Bohot khush hoon aur sabko recommend karta hoon."
REV0586,service:vehicle-inspection-punjab,Vehicle Inspection Punjab,Khurram Bashir,male,overseas-pakistani,"New York, USA",USA,english,5,"I work in New York, USA and fly back to Pakistan only once a year. My vehicle inspection had been pending for two years. PakExcise resolved it without needing my physical presence. That is exactly the kind of service Pakistani expats need. Absolutely trustworthy and professional."
REV0587,service:vehicle-inspection-punjab,Vehicle Inspection Punjab,Daud Ahmed,male,overseas-pakistani,"Houston, USA",USA,english-urdu-mix,5,"Houston, USA se apni gaari ke vehicle inspection ke liye bohat pareshaan tha. Ek cousin ne PakExcise bataya. Unhon ne jaldi contact liya aur kaam shuru kar diya. Koi rishtedar takleef mein nahi daala. Khud handle ho gaya sara kaam. Yeh service Pakistan ka future hai."
REV0588,service:vehicle-inspection-punjab,Vehicle Inspection Punjab,Saad ul Haq,male,overseas-pakistani,"Chicago, USA",USA,english,5,"Highly recommend PakExcise to all overseas Pakistanis. I am in Chicago, USA and sorted my vehicle inspection through them completely remotely. They clearly explained fees, sent me step-by-step updates, and delivered results. Honest and professional team. Finally a reliable service for expats."
REV0589,service:vehicle-inspection-punjab,Vehicle Inspection Punjab,Aisha Pervaiz,female,overseas-pakistani,"Kuwait City, Kuwait",Kuwait,english-urdu-mix,5,"Main ne Kuwait City, Kuwait se PakExcise ko contact kiya apni vehicle inspection ke masle ke baray mein. Jitna darr tha itna kuch nahi hua. Bahut professional log hain. Sab kuch online handle ho gaya. Pakistan mein agar sab log aise kaam karein to mulk bahut aagay jay ga."
REV0590,service:vehicle-inspection-punjab,Vehicle Inspection Punjab,Noman Iqbal,male,overseas-pakistani,"Istanbul, Turkey",Turkey,english,5,"After years of relying on relatives and paying local agents who never delivered, I found PakExcise while looking online from Istanbul, Turkey. They sorted my vehicle inspection professionally and honestly. No middleman games, no extra unofficial payments. Just proper service at a fair price."
REV0591,service:vehicle-inspection-punjab,Vehicle Inspection Punjab,Jawad Karimi,male,overseas-pakistani,"Ankara, Turkey",Turkey,english-urdu-mix,5,"Ankara, Turkey mein hoon aur Pakistan mein vehicle inspection ki bohat zaroorat thi. PakExcise se bahut umeed nahi thi lekin unhon ne kamaal kar diya. Kaam time pe hua aur charges bhi reasonable the. Ab inhe hi use karunga Pakistan ke sab vehicle kaam ke liye. Shukriya PakExcise."
REV0592,service:vehicle-inspection-punjab,Vehicle Inspection Punjab,Yasir Hashmi,male,overseas-pakistani,"Doha, Qatar",Qatar,english-urdu-mix,5,"Doha, Qatar mein rehta hoon aur Pakistan mein apni vehicle inspection ke liye PakExcise ko use kiya. Ghar se door hokar government kaam karna bahut mushkil tha lekin PakExcise ne sara kaam kar diya. WhatsApp pe updates dete rahe. Bahut acha service hai."
REV0593,service:vehicle-inspection-punjab,Vehicle Inspection Punjab,Omer Farooq,male,overseas-pakistani,Singapore,Singapore,english,5,"I am based in Singapore and have been away from Pakistan for 2 years. Managing vehicle inspection from abroad was a big headache until I found PakExcise. They handled everything remotely, kept me informed through WhatsApp, and I did not have to ask a single relative for help. Brilliant service."
REV0594,service:vehicle-inspection-punjab,Vehicle Inspection Punjab,Rukhsar Ahmed,female,overseas-pakistani,"Beijing, China",China,english,4,"Living in Beijing, China, I always struggled to get my Pakistan vehicle documents sorted during my yearly visit. PakExcise completely removed that stress. I contacted them from here, they arranged everything, and by the time I came to Pakistan for my short visit everything was ready. Highly recommended for overseas Pakistanis."
REV0595,service:vehicle-inspection-punjab,Vehicle Inspection Punjab,Rizwan Mehmood,male,overseas-pakistani,"Shanghai, China",China,english-urdu-mix,4,"Shanghai, China se vehicle inspection ka kaam karna na mumkin lagta tha. Rishtedaron ko takleef dena pasand nahi tha. PakExcise ne bahut professional andaaz se kaam kiya. Sab kuch ghar baithe ho gaya. Pakistani expats ke liye yeh service bohat zaroori hai."
REV0596,service:vehicle-inspection-punjab,Vehicle Inspection Punjab,Kashif Abbasi,male,overseas-pakistani,"Dubai, UAE",UAE,english,5,"As a Pakistani expat in Dubai, UAE I cannot easily take leave and fly back for every vehicle matter. PakExcise is the solution I was looking for. Their team is professional, responsive, and completely trustworthy. My vehicle inspection was completed without any issues. Highly recommend to all overseas Pakistanis."
REV0597,service:vehicle-inspection-punjab,Vehicle Inspection Punjab,Irfan Qureshi,male,overseas-pakistani,"Abu Dhabi, UAE",UAE,english-urdu-mix,5,"Abu Dhabi, UAE mein hoon aur Pakistan mein vehicle inspection ka masla tha. Koi relative bhi available nahi tha. PakExcise ko WhatsApp kiya aur unhon ne foran respond kiya. Kaam kar diya professionally. Ab yeh mera go-to service hai Pakistan ke saare vehicle kaam ke liye."
REV0598,service:vehicle-inspection-punjab,Vehicle Inspection Punjab,Nosheen Ali,female,overseas-pakistani,"Sharjah, UAE",UAE,english,4,"I had been postponing my vehicle inspection for two years because I could not manage it from Sharjah, UAE. A friend in Dubai told me about PakExcise. I contacted them and they resolved everything within days. All documents were sent to my address in Pakistan. Very reliable and honest team."
REV0599,service:vehicle-inspection-punjab,Vehicle Inspection Punjab,Sohail Latif,male,overseas-pakistani,"Riyadh, Saudi Arabia",Saudi Arabia,english-urdu-mix,4,"Bhai Riyadh, Saudi Arabia mein reh ke Pakistan ke government kaam karwana bahut mushkil hota hai. Rishtedar bhi itna time nahi dete. PakExcise wale ne vehicle inspection ka kaam bilkul smoothly kar diya. Paise bhi seedhi baat pe liye — koi chupaav nahi. Aise service chahiye hoti hai."
REV0600,service:vehicle-inspection-punjab,Vehicle Inspection Punjab,Bilal Shaukat,male,overseas-pakistani,"Jeddah, Saudi Arabia",Saudi Arabia,english,5,"Being in Jeddah, Saudi Arabia for the past 10 years, I completely lost track of how Pakistani government processes work. PakExcise team not only handled my vehicle inspection but also explained everything clearly so I was never confused. This is the kind of professional service overseas Pakistanis desperately need."
REV0601,service:vehicle-passing-fitness,Vehicle Passing / Fitness,Chaudhry Waqas,male,local,Pakistan,Pakistan,pakistani-english,5,Vehicle fitness certificate renewed through PakExcise. As a woman running a transport related business I always feel uncertain about government office procedures. PakExcise made it completely comfortable. Will always use their service.
REV0602,service:vehicle-passing-fitness,Vehicle Passing / Fitness,Daniyal Saeed,male,local,Pakistan,Pakistan,pakistani-english,5,"Fitness certificate for my commercial vehicle done through PakExcise. They guided me on what checks to do beforehand and what to bring for passing. No rejection, certificate issued smoothly. Very helpful service for busy business owners."
REV0603,service:vehicle-passing-fitness,Vehicle Passing / Fitness,Ehtisham ul Haq,male,local,Pakistan,Pakistan,pakistani-english,5,Vehicle passing process was very confusing for me as first time commercial vehicle owner. PakExcise explained everything clearly. They handled all paperwork and I just had to show up with the vehicle at the right time. Excellent guidance.
REV0604,service:vehicle-passing-fitness,Vehicle Passing / Fitness,Farrukh Malik,male,local,Pakistan,Pakistan,english-urdu-mix,4,Commercial vehicle ka fitness certificate expire ho gaya tha. PakExcise ne sab handle kiya — fine ka hisaab bhi bataya pehle. Koi surprise nahi tha. Certificate mil gayi aur gaari road pe wapis aa gayi.
REV0605,service:vehicle-passing-fitness,Vehicle Passing / Fitness,Amna Baig,female,local,Pakistan,Pakistan,english-urdu-mix,5,Pehli dafa fitness certificate lena tha. Koi andaza nahi tha process ka. PakExcise ne step by step guide kiya aur certificate time pe aa gayi. Bahut acha experience tha.
REV0606,service:vehicle-passing-fitness,Vehicle Passing / Fitness,Aamir Zaman,male,overseas-pakistani,"Dammam, Saudi Arabia",Saudi Arabia,english,5,"From Dammam, Saudi Arabia I managed to get my vehicle passing and fitness handled completely by PakExcise. The whole process was remote — I just sent scanned documents and they did the rest. Updates were regular on WhatsApp. This is exactly what was needed for overseas Pakistanis. Excellent work."
REV0607,service:vehicle-passing-fitness,Vehicle Passing / Fitness,Adeel Naseem,male,overseas-pakistani,"London, UK",UK,english-urdu-mix,5,"Jo log London, UK jaise mulkon mein rehte hain unhe pata hai ke Pakistan ke government offices mein kaam karwana kitna mushkil hota hai remotely. PakExcise ne yeh asaan kar diya. vehicle fitness bina kisi jhamele ke ho gaya. Bohot khush hoon aur sabko recommend karta hoon."
REV0608,service:vehicle-passing-fitness,Vehicle Passing / Fitness,Sajid ur Rehman,male,overseas-pakistani,"Manchester, UK",UK,english,5,"I work in Manchester, UK and fly back to Pakistan only once a year. My vehicle passing and fitness had been pending for two years. PakExcise resolved it without needing my physical presence. That is exactly the kind of service Pakistani expats need. Absolutely trustworthy and professional."
REV0609,service:vehicle-passing-fitness,Vehicle Passing / Fitness,Iqra Butt,female,overseas-pakistani,"Birmingham, UK",UK,english-urdu-mix,4,"Birmingham, UK se apni gaari ke vehicle fitness ke liye bohat pareshaan tha. Ek cousin ne PakExcise bataya. Unhon ne jaldi contact liya aur kaam shuru kar diya. Koi rishtedar takleef mein nahi daala. Khud handle ho gaya sara kaam. Yeh service Pakistan ka future hai."
REV0610,service:vehicle-passing-fitness,Vehicle Passing / Fitness,Haroon Qaiser,male,overseas-pakistani,"New York, USA",USA,english,5,"Highly recommend PakExcise to all overseas Pakistanis. I am in New York, USA and sorted my vehicle passing and fitness through them completely remotely. They clearly explained fees, sent me step-by-step updates, and delivered results. Honest and professional team. Finally a reliable service for expats."
REV0611,service:vehicle-passing-fitness,Vehicle Passing / Fitness,Muneeb Aslam,male,overseas-pakistani,"Houston, USA",USA,english-urdu-mix,5,"Main ne Houston, USA se PakExcise ko contact kiya apni vehicle fitness ke masle ke baray mein. Jitna darr tha itna kuch nahi hua. Bahut professional log hain. Sab kuch online handle ho gaya. Pakistan mein agar sab log aise kaam karein to mulk bahut aagay jay ga."
REV0612,service:vehicle-passing-fitness,Vehicle Passing / Fitness,Ghulam Abbas,male,overseas-pakistani,"Chicago, USA",USA,english,5,"After years of relying on relatives and paying local agents who never delivered, I found PakExcise while looking online from Chicago, USA. They sorted my vehicle passing and fitness professionally and honestly. No middleman games, no extra unofficial payments. Just proper service at a fair price."
REV0613,service:vehicle-passing-fitness,Vehicle Passing / Fitness,Hamid Waseem,male,overseas-pakistani,"Kuwait City, Kuwait",Kuwait,english-urdu-mix,5,"Kuwait City, Kuwait mein hoon aur Pakistan mein vehicle fitness ki bohat zaroorat thi. PakExcise se bahut umeed nahi thi lekin unhon ne kamaal kar diya. Kaam time pe hua aur charges bhi reasonable the. Ab inhe hi use karunga Pakistan ke sab vehicle kaam ke liye. Shukriya PakExcise."
REV0614,service:vehicle-passing-fitness,Vehicle Passing / Fitness,Sundas Khan,female,overseas-pakistani,"Istanbul, Turkey",Turkey,english-urdu-mix,5,"Istanbul, Turkey mein rehta hoon aur Pakistan mein apni vehicle fitness ke liye PakExcise ko use kiya. Ghar se door hokar government kaam karna bahut mushkil tha lekin PakExcise ne sara kaam kar diya. WhatsApp pe updates dete rahe. Bahut acha service hai."
REV0615,service:vehicle-passing-fitness,Vehicle Passing / Fitness,Zaheer ul Islam,male,overseas-pakistani,"Ankara, Turkey",Turkey,english,4,"I am based in Ankara, Turkey and have been away from Pakistan for 3 years. Managing vehicle passing and fitness from abroad was a big headache until I found PakExcise. They handled everything remotely, kept me informed through WhatsApp, and I did not have to ask a single relative for help. Brilliant service."
REV0616,service:vehicle-passing-fitness,Vehicle Passing / Fitness,Arif Gill,male,overseas-pakistani,"Doha, Qatar",Qatar,english,5,"Living in Doha, Qatar, I always struggled to get my Pakistan vehicle documents sorted during my yearly visit. PakExcise completely removed that stress. I contacted them from here, they arranged everything, and by the time I came to Pakistan for my short visit everything was ready. Highly recommended for overseas Pakistanis."
REV0617,service:vehicle-passing-fitness,Vehicle Passing / Fitness,Kashan Mirza,male,overseas-pakistani,Singapore,Singapore,english-urdu-mix,5,Singapore se vehicle fitness ka kaam karna na mumkin lagta tha. Rishtedaron ko takleef dena pasand nahi tha. PakExcise ne bahut professional andaaz se kaam kiya. Sab kuch ghar baithe ho gaya. Pakistani expats ke liye yeh service bohat zaroori hai.
REV0618,service:vehicle-passing-fitness,Vehicle Passing / Fitness,Mateen ul Haq,male,overseas-pakistani,"Beijing, China",China,english,5,"As a Pakistani expat in Beijing, China I cannot easily take leave and fly back for every vehicle matter. PakExcise is the solution I was looking for. Their team is professional, responsive, and completely trustworthy. My vehicle passing and fitness was completed without any issues. Highly recommend to all overseas Pakistanis."
REV0619,service:vehicle-passing-fitness,Vehicle Passing / Fitness,Fareeha Malik,female,overseas-pakistani,"Shanghai, China",China,english-urdu-mix,5,"Shanghai, China mein hoon aur Pakistan mein vehicle fitness ka masla tha. Koi relative bhi available nahi tha. PakExcise ko WhatsApp kiya aur unhon ne foran respond kiya. Kaam kar diya professionally. Ab yeh mera go-to service hai Pakistan ke saare vehicle kaam ke liye."
REV0620,service:vehicle-passing-fitness,Vehicle Passing / Fitness,Nabeel Siddiqui,male,overseas-pakistani,"Dubai, UAE",UAE,english,5,"I had been postponing my vehicle passing and fitness for two years because I could not manage it from Dubai, UAE. A friend in Dubai told me about PakExcise. I contacted them and they resolved everything within days. All documents were sent to my address in Pakistan. Very reliable and honest team."
REV0621,service:vehicle-passing-fitness,Vehicle Passing / Fitness,Obaid Cheema,male,overseas-pakistani,"Abu Dhabi, UAE",UAE,english-urdu-mix,5,"Bhai Abu Dhabi, UAE mein reh ke Pakistan ke government kaam karwana bahut mushkil hota hai. Rishtedar bhi itna time nahi dete. PakExcise wale ne vehicle fitness ka kaam bilkul smoothly kar diya. Paise bhi seedhi baat pe liye — koi chupaav nahi. Aise service chahiye hoti hai."
REV0622,service:vehicle-passing-fitness,Vehicle Passing / Fitness,Qader Malik,male,overseas-pakistani,"Sharjah, UAE",UAE,english,5,"Being in Sharjah, UAE for the past 2 years, I completely lost track of how Pakistani government processes work. PakExcise team not only handled my vehicle passing and fitness but also explained everything clearly so I was never confused. This is the kind of professional service overseas Pakistanis desperately need."
REV0623,service:vehicle-passing-fitness,Vehicle Passing / Fitness,Laiba Sheikh,female,overseas-pakistani,"Riyadh, Saudi Arabia",Saudi Arabia,english-urdu-mix,5,"Main Riyadh, Saudi Arabia mein hoon lekin Pakistan mein mere naam pe gaari hai aur vehicle fitness ka masla tha. Kisi pe depend nahi karna chahta tha. PakExcise ne poora kaam kar diya aur mujhe sirf payment karni thi. Trust worthy aur fast service. Dil khush ho gaya."
REV0624,service:vehicle-passing-fitness,Vehicle Passing / Fitness,Shaheen Awan,male,overseas-pakistani,"Jeddah, Saudi Arabia",Saudi Arabia,english,5,"PakExcise is a lifesaver for Pakistani expats. I am in Jeddah, Saudi Arabia and my vehicle passing and fitness was pending for months. No one back home could manage it properly. PakExcise sorted it in days. Professional communication, clear fees, and excellent follow-through. Five stars easily."
REV0625,service:vehicle-passing-fitness,Vehicle Passing / Fitness,Umar Hanif,male,overseas-pakistani,"Dammam, Saudi Arabia",Saudi Arabia,english-urdu-mix,5,"Yaar Dammam, Saudi Arabia se Pakistan aakar sirf sarkari kaam ke liye chutti lena possible nahi. PakExcise ne yeh problem solve kar di. vehicle fitness remotely ho gaya. Bilkul sahi documentation aur time pe delivery. Mera sara Pakistan ka vehicle kaam ab inhi ke through hoga."
REV0626,service:vehicle-passing-fitness-islamabad-ict,Vehicle Passing / Fitness Islamabad ICT,Muhammad Usman,male,local,Pakistan,Pakistan,pakistani-english,5,"Fitness certificate for my commercial vehicle done through PakExcise. They guided me on what checks to do beforehand and what to bring for passing. No rejection, certificate issued smoothly. Very helpful service for busy business owners."
REV0627,service:vehicle-passing-fitness-islamabad-ict,Vehicle Passing / Fitness Islamabad ICT,Ahmed Raza,male,local,Pakistan,Pakistan,pakistani-english,4,Vehicle passing process was very confusing for me as first time commercial vehicle owner. PakExcise explained everything clearly. They handled all paperwork and I just had to show up with the vehicle at the right time. Excellent guidance.
REV0628,service:vehicle-passing-fitness-islamabad-ict,Vehicle Passing / Fitness Islamabad ICT,Bilal Hassan,male,local,Pakistan,Pakistan,pakistani-english,5,My truck fitness was overdue and I was worried about heavy fine. PakExcise calculated the exact fine and helped me clear everything together with new fitness certificate. Saved me from further penalty. Very smart and helpful team.
REV0629,service:vehicle-passing-fitness-islamabad-ict,Vehicle Passing / Fitness Islamabad ICT,Kamran Iqbal,male,local,Pakistan,Pakistan,english-urdu-mix,4,Pehli dafa fitness certificate lena tha. Koi andaza nahi tha process ka. PakExcise ne step by step guide kiya aur certificate time pe aa gayi. Bahut acha experience tha.
REV0630,service:vehicle-passing-fitness-islamabad-ict,Vehicle Passing / Fitness Islamabad ICT,Sobia Rashid,female,local,Pakistan,Pakistan,english-urdu-mix,5,Commercial vehicle ka fitness certificate expire ho gaya tha. PakExcise ne sab handle kiya — fine ka hisaab bhi bataya pehle. Koi surprise nahi tha. Certificate mil gayi aur gaari road pe wapis aa gayi.
REV0631,service:vehicle-passing-fitness-islamabad-ict,Vehicle Passing / Fitness Islamabad ICT,Muhammad Naveed,male,overseas-pakistani,"London, UK",UK,english-urdu-mix,5,"London, UK se apni gaari ke vehicle fitness ke liye bohat pareshaan tha. Ek cousin ne PakExcise bataya. Unhon ne jaldi contact liya aur kaam shuru kar diya. Koi rishtedar takleef mein nahi daala. Khud handle ho gaya sara kaam. Yeh service Pakistan ka future hai."
REV0632,service:vehicle-passing-fitness-islamabad-ict,Vehicle Passing / Fitness Islamabad ICT,Asim Raza,male,overseas-pakistani,"Manchester, UK",UK,english,4,"Highly recommend PakExcise to all overseas Pakistanis. I am in Manchester, UK and sorted my vehicle passing and fitness through them completely remotely. They clearly explained fees, sent me step-by-step updates, and delivered results. Honest and professional team. Finally a reliable service for expats."
REV0633,service:vehicle-passing-fitness-islamabad-ict,Vehicle Passing / Fitness Islamabad ICT,Talha Farooqi,male,overseas-pakistani,"Birmingham, UK",UK,english-urdu-mix,4,"Main ne Birmingham, UK se PakExcise ko contact kiya apni vehicle fitness ke masle ke baray mein. Jitna darr tha itna kuch nahi hua. Bahut professional log hain. Sab kuch online handle ho gaya. Pakistan mein agar sab log aise kaam karein to mulk bahut aagay jay ga."
REV0634,service:vehicle-passing-fitness-islamabad-ict,Vehicle Passing / Fitness Islamabad ICT,Zainab Hussain,female,overseas-pakistani,"New York, USA",USA,english,5,"After years of relying on relatives and paying local agents who never delivered, I found PakExcise while looking online from New York, USA. They sorted my vehicle passing and fitness professionally and honestly. No middleman games, no extra unofficial payments. Just proper service at a fair price."
REV0635,service:vehicle-passing-fitness-islamabad-ict,Vehicle Passing / Fitness Islamabad ICT,Imtiaz Shah,male,overseas-pakistani,"Houston, USA",USA,english-urdu-mix,4,"Houston, USA mein hoon aur Pakistan mein vehicle fitness ki bohat zaroorat thi. PakExcise se bahut umeed nahi thi lekin unhon ne kamaal kar diya. Kaam time pe hua aur charges bhi reasonable the. Ab inhe hi use karunga Pakistan ke sab vehicle kaam ke liye. Shukriya PakExcise."
REV0636,service:vehicle-passing-fitness-islamabad-ict,Vehicle Passing / Fitness Islamabad ICT,Rehan Siddiqui,male,overseas-pakistani,"Chicago, USA",USA,english-urdu-mix,5,"Chicago, USA mein rehta hoon aur Pakistan mein apni vehicle fitness ke liye PakExcise ko use kiya. Ghar se door hokar government kaam karna bahut mushkil tha lekin PakExcise ne sara kaam kar diya. WhatsApp pe updates dete rahe. Bahut acha service hai."
REV0637,service:vehicle-passing-fitness-islamabad-ict,Vehicle Passing / Fitness Islamabad ICT,Waqas Anwar,male,overseas-pakistani,"Kuwait City, Kuwait",Kuwait,english,4,"I am based in Kuwait City, Kuwait and have been away from Pakistan for 4 years. Managing vehicle passing and fitness from abroad was a big headache until I found PakExcise. They handled everything remotely, kept me informed through WhatsApp, and I did not have to ask a single relative for help. Brilliant service."
REV0638,service:vehicle-passing-fitness-islamabad-ict,Vehicle Passing / Fitness Islamabad ICT,Fawad Hussain,male,overseas-pakistani,"Istanbul, Turkey",Turkey,english,5,"Living in Istanbul, Turkey, I always struggled to get my Pakistan vehicle documents sorted during my yearly visit. PakExcise completely removed that stress. I contacted them from here, they arranged everything, and by the time I came to Pakistan for my short visit everything was ready. Highly recommended for overseas Pakistanis."
REV0639,service:vehicle-passing-fitness-islamabad-ict,Vehicle Passing / Fitness Islamabad ICT,Mehwish Tariq,female,overseas-pakistani,"Ankara, Turkey",Turkey,english-urdu-mix,5,"Ankara, Turkey se vehicle fitness ka kaam karna na mumkin lagta tha. Rishtedaron ko takleef dena pasand nahi tha. PakExcise ne bahut professional andaaz se kaam kiya. Sab kuch ghar baithe ho gaya. Pakistani expats ke liye yeh service bohat zaroori hai."
REV0640,service:vehicle-passing-fitness-islamabad-ict,Vehicle Passing / Fitness Islamabad ICT,Zeeshan Chaudhry,male,overseas-pakistani,"Doha, Qatar",Qatar,english,5,"As a Pakistani expat in Doha, Qatar I cannot easily take leave and fly back for every vehicle matter. PakExcise is the solution I was looking for. Their team is professional, responsive, and completely trustworthy. My vehicle passing and fitness was completed without any issues. Highly recommend to all overseas Pakistanis."
REV0641,service:vehicle-passing-fitness-islamabad-ict,Vehicle Passing / Fitness Islamabad ICT,Shahbaz Malik,male,overseas-pakistani,Singapore,Singapore,english-urdu-mix,4,Singapore mein hoon aur Pakistan mein vehicle fitness ka masla tha. Koi relative bhi available nahi tha. PakExcise ko WhatsApp kiya aur unhon ne foran respond kiya. Kaam kar diya professionally. Ab yeh mera go-to service hai Pakistan ke saare vehicle kaam ke liye.
REV0642,service:vehicle-passing-fitness-islamabad-ict,Vehicle Passing / Fitness Islamabad ICT,Hassan Khalid,male,overseas-pakistani,"Beijing, China",China,english,5,"I had been postponing my vehicle passing and fitness for two years because I could not manage it from Beijing, China. A friend in Dubai told me about PakExcise. I contacted them and they resolved everything within days. All documents were sent to my address in Pakistan. Very reliable and honest team."
REV0643,service:vehicle-passing-fitness-islamabad-ict,Vehicle Passing / Fitness Islamabad ICT,Arslan Butt,male,overseas-pakistani,"Shanghai, China",China,english-urdu-mix,4,"Bhai Shanghai, China mein reh ke Pakistan ke government kaam karwana bahut mushkil hota hai. Rishtedar bhi itna time nahi dete. PakExcise wale ne vehicle fitness ka kaam bilkul smoothly kar diya. Paise bhi seedhi baat pe liye — koi chupaav nahi. Aise service chahiye hoti hai."
REV0644,service:vehicle-passing-fitness-islamabad-ict,Vehicle Passing / Fitness Islamabad ICT,Sadia Rahman,female,overseas-pakistani,"Dubai, UAE",UAE,english,5,"Being in Dubai, UAE for the past 3 years, I completely lost track of how Pakistani government processes work. PakExcise team not only handled my vehicle passing and fitness but also explained everything clearly so I was never confused. This is the kind of professional service overseas Pakistanis desperately need."
REV0645,service:vehicle-passing-fitness-islamabad-ict,Vehicle Passing / Fitness Islamabad ICT,Tariq Pervaiz,male,overseas-pakistani,"Abu Dhabi, UAE",UAE,english-urdu-mix,5,"Main Abu Dhabi, UAE mein hoon lekin Pakistan mein mere naam pe gaari hai aur vehicle fitness ka masla tha. Kisi pe depend nahi karna chahta tha. PakExcise ne poora kaam kar diya aur mujhe sirf payment karni thi. Trust worthy aur fast service. Dil khush ho gaya."
REV0646,service:vehicle-passing-fitness-islamabad-ict,Vehicle Passing / Fitness Islamabad ICT,Khurram Bashir,male,overseas-pakistani,"Sharjah, UAE",UAE,english,5,"PakExcise is a lifesaver for Pakistani expats. I am in Sharjah, UAE and my vehicle passing and fitness was pending for months. No one back home could manage it properly. PakExcise sorted it in days. Professional communication, clear fees, and excellent follow-through. Five stars easily."
REV0647,service:vehicle-passing-fitness-islamabad-ict,Vehicle Passing / Fitness Islamabad ICT,Daud Ahmed,male,overseas-pakistani,"Riyadh, Saudi Arabia",Saudi Arabia,english-urdu-mix,5,"Yaar Riyadh, Saudi Arabia se Pakistan aakar sirf sarkari kaam ke liye chutti lena possible nahi. PakExcise ne yeh problem solve kar di. vehicle fitness remotely ho gaya. Bilkul sahi documentation aur time pe delivery. Mera sara Pakistan ka vehicle kaam ab inhi ke through hoga."
REV0648,service:vehicle-passing-fitness-islamabad-ict,Vehicle Passing / Fitness Islamabad ICT,Aisha Pervaiz,female,overseas-pakistani,"Jeddah, Saudi Arabia",Saudi Arabia,english,5,"From Jeddah, Saudi Arabia I managed to get my vehicle passing and fitness handled completely by PakExcise. The whole process was remote — I just sent scanned documents and they did the rest. Updates were regular on WhatsApp. This is exactly what was needed for overseas Pakistanis. Excellent work."
REV0649,service:vehicle-passing-fitness-islamabad-ict,Vehicle Passing / Fitness Islamabad ICT,Saad ul Haq,male,overseas-pakistani,"Dammam, Saudi Arabia",Saudi Arabia,english-urdu-mix,5,"Jo log Dammam, Saudi Arabia jaise mulkon mein rehte hain unhe pata hai ke Pakistan ke government offices mein kaam karwana kitna mushkil hota hai remotely. PakExcise ne yeh asaan kar diya. vehicle fitness bina kisi jhamele ke ho gaya. Bohot khush hoon aur sabko recommend karta hoon."
REV0650,service:vehicle-passing-fitness-islamabad-ict,Vehicle Passing / Fitness Islamabad ICT,Noman Iqbal,male,overseas-pakistani,"London, UK",UK,english,5,"I work in London, UK and fly back to Pakistan only once a year. My vehicle passing and fitness had been pending for two years. PakExcise resolved it without needing my physical presence. That is exactly the kind of service Pakistani expats need. Absolutely trustworthy and professional."
REV0651,service:vehicle-transfer,Vehicle Transfer,Tariq Mehmood,male,local,Pakistan,Pakistan,pakistani-english,5,"I purchased a second-hand Honda City and the previous owner was in another city. I was worried about transfer process but PakExcise made it so easy. They guided me step by step, told me exactly which documents to bring, and completed the transfer without any headache. Five stars without doubt."
REV0652,service:vehicle-transfer,Vehicle Transfer,Zubair Khan,male,local,Pakistan,Pakistan,pakistani-english,5,Excellent work by PakExcise team. My vehicle transfer was stuck for almost one month when I tried on my own. Then my colleague told me about this service. Within ten days they resolved everything. The staff is very professional and keeps you updated through WhatsApp. Will use again for sure.
REV0653,service:vehicle-transfer,Vehicle Transfer,Faisal Mahmood,male,local,Pakistan,Pakistan,pakistani-english,5,"I am a busy person and cannot afford to take leaves from office just to sit in government lines. PakExcise is blessing for such people. Gave them my documents, paid the fee, and they did complete vehicle transfer. No tension, no time waste. This is how services should be in Pakistan."
REV0654,service:vehicle-transfer,Vehicle Transfer,Imran Ali,male,local,Pakistan,Pakistan,english-urdu-mix,5,Bhai kya baat hai is service ki! Main ne socha tha ke vehicle transfer mein hafte lag jainge aur hazaaron roope kharch honge. Lekin PakExcise ne bilkul aasaan kar diya. Documents bheje aur kuch dinon mein kaam ho gaya. Shukriya PakExcise team!
REV0655,service:vehicle-transfer,Vehicle Transfer,Noor ul Ain,female,local,Pakistan,Pakistan,english-urdu-mix,5,Bohat acha service hai yaar. Mera motorcycle transfer Punjab se Islamabad karna tha jo ke khud karna mushkil tha. PakExcise ne sara kaam kar diya aur mujhe sirf ek dafa documents dene the. Aisi service chahiye hoti hai Pakistan mein. Bahut khush hoon.
REV0656,service:vehicle-transfer,Vehicle Transfer,Jawad Karimi,male,overseas-pakistani,"Manchester, UK",UK,english,5,"After years of relying on relatives and paying local agents who never delivered, I found PakExcise while looking online from Manchester, UK. They sorted my vehicle ownership transfer professionally and honestly. No middleman games, no extra unofficial payments. Just proper service at a fair price."
REV0657,service:vehicle-transfer,Vehicle Transfer,Yasir Hashmi,male,overseas-pakistani,"Birmingham, UK",UK,english-urdu-mix,5,"Birmingham, UK mein hoon aur Pakistan mein vehicle transfer ki bohat zaroorat thi. PakExcise se bahut umeed nahi thi lekin unhon ne kamaal kar diya. Kaam time pe hua aur charges bhi reasonable the. Ab inhe hi use karunga Pakistan ke sab vehicle kaam ke liye. Shukriya PakExcise."
REV0658,service:vehicle-transfer,Vehicle Transfer,Omer Farooq,male,overseas-pakistani,"New York, USA",USA,english-urdu-mix,5,"New York, USA mein rehta hoon aur Pakistan mein apni vehicle transfer ke liye PakExcise ko use kiya. Ghar se door hokar government kaam karna bahut mushkil tha lekin PakExcise ne sara kaam kar diya. WhatsApp pe updates dete rahe. Bahut acha service hai."
REV0659,service:vehicle-transfer,Vehicle Transfer,Rukhsar Ahmed,female,overseas-pakistani,"Houston, USA",USA,english,5,"I am based in Houston, USA and have been away from Pakistan for 5 years. Managing vehicle ownership transfer from abroad was a big headache until I found PakExcise. They handled everything remotely, kept me informed through WhatsApp, and I did not have to ask a single relative for help. Brilliant service."
REV0660,service:vehicle-transfer,Vehicle Transfer,Rizwan Mehmood,male,overseas-pakistani,"Chicago, USA",USA,english,4,"Living in Chicago, USA, I always struggled to get my Pakistan vehicle documents sorted during my yearly visit. PakExcise completely removed that stress. I contacted them from here, they arranged everything, and by the time I came to Pakistan for my short visit everything was ready. Highly recommended for overseas Pakistanis."
REV0661,service:vehicle-transfer,Vehicle Transfer,Kashif Abbasi,male,overseas-pakistani,"Kuwait City, Kuwait",Kuwait,english-urdu-mix,4,"Kuwait City, Kuwait se vehicle transfer ka kaam karna na mumkin lagta tha. Rishtedaron ko takleef dena pasand nahi tha. PakExcise ne bahut professional andaaz se kaam kiya. Sab kuch ghar baithe ho gaya. Pakistani expats ke liye yeh service bohat zaroori hai."
REV0662,service:vehicle-transfer,Vehicle Transfer,Irfan Qureshi,male,overseas-pakistani,"Istanbul, Turkey",Turkey,english,5,"As a Pakistani expat in Istanbul, Turkey I cannot easily take leave and fly back for every vehicle matter. PakExcise is the solution I was looking for. Their team is professional, responsive, and completely trustworthy. My vehicle ownership transfer was completed without any issues. Highly recommend to all overseas Pakistanis."
REV0663,service:vehicle-transfer,Vehicle Transfer,Sohail Latif,male,overseas-pakistani,"Ankara, Turkey",Turkey,english-urdu-mix,5,"Ankara, Turkey mein hoon aur Pakistan mein vehicle transfer ka masla tha. Koi relative bhi available nahi tha. PakExcise ko WhatsApp kiya aur unhon ne foran respond kiya. Kaam kar diya professionally. Ab yeh mera go-to service hai Pakistan ke saare vehicle kaam ke liye."
REV0664,service:vehicle-transfer,Vehicle Transfer,Nosheen Ali,female,overseas-pakistani,"Doha, Qatar",Qatar,english,5,"I had been postponing my vehicle ownership transfer for two years because I could not manage it from Doha, Qatar. A friend in Dubai told me about PakExcise. I contacted them and they resolved everything within days. All documents were sent to my address in Pakistan. Very reliable and honest team."
REV0665,service:vehicle-transfer,Vehicle Transfer,Bilal Shaukat,male,overseas-pakistani,Singapore,Singapore,english-urdu-mix,5,Bhai Singapore mein reh ke Pakistan ke government kaam karwana bahut mushkil hota hai. Rishtedar bhi itna time nahi dete. PakExcise wale ne vehicle transfer ka kaam bilkul smoothly kar diya. Paise bhi seedhi baat pe liye — koi chupaav nahi. Aise service chahiye hoti hai.
REV0666,service:vehicle-transfer,Vehicle Transfer,Aamir Zaman,male,overseas-pakistani,"Beijing, China",China,english,5,"Being in Beijing, China for the past 4 years, I completely lost track of how Pakistani government processes work. PakExcise team not only handled my vehicle ownership transfer but also explained everything clearly so I was never confused. This is the kind of professional service overseas Pakistanis desperately need."
REV0667,service:vehicle-transfer,Vehicle Transfer,Adeel Naseem,male,overseas-pakistani,"Shanghai, China",China,english-urdu-mix,4,"Main Shanghai, China mein hoon lekin Pakistan mein mere naam pe gaari hai aur vehicle transfer ka masla tha. Kisi pe depend nahi karna chahta tha. PakExcise ne poora kaam kar diya aur mujhe sirf payment karni thi. Trust worthy aur fast service. Dil khush ho gaya."
REV0668,service:vehicle-transfer,Vehicle Transfer,Sajid ur Rehman,male,overseas-pakistani,"Dubai, UAE",UAE,english,5,"PakExcise is a lifesaver for Pakistani expats. I am in Dubai, UAE and my vehicle ownership transfer was pending for months. No one back home could manage it properly. PakExcise sorted it in days. Professional communication, clear fees, and excellent follow-through. Five stars easily."
REV0669,service:vehicle-transfer,Vehicle Transfer,Iqra Butt,female,overseas-pakistani,"Abu Dhabi, UAE",UAE,english-urdu-mix,5,"Yaar Abu Dhabi, UAE se Pakistan aakar sirf sarkari kaam ke liye chutti lena possible nahi. PakExcise ne yeh problem solve kar di. vehicle transfer remotely ho gaya. Bilkul sahi documentation aur time pe delivery. Mera sara Pakistan ka vehicle kaam ab inhi ke through hoga."
REV0670,service:vehicle-transfer,Vehicle Transfer,Haroon Qaiser,male,overseas-pakistani,"Sharjah, UAE",UAE,english,5,"From Sharjah, UAE I managed to get my vehicle ownership transfer handled completely by PakExcise. The whole process was remote — I just sent scanned documents and they did the rest. Updates were regular on WhatsApp. This is exactly what was needed for overseas Pakistanis. Excellent work."
REV0671,service:vehicle-transfer,Vehicle Transfer,Muneeb Aslam,male,overseas-pakistani,"Riyadh, Saudi Arabia",Saudi Arabia,english-urdu-mix,4,"Jo log Riyadh, Saudi Arabia jaise mulkon mein rehte hain unhe pata hai ke Pakistan ke government offices mein kaam karwana kitna mushkil hota hai remotely. PakExcise ne yeh asaan kar diya. vehicle transfer bina kisi jhamele ke ho gaya. Bohot khush hoon aur sabko recommend karta hoon."
REV0672,service:vehicle-transfer,Vehicle Transfer,Ghulam Abbas,male,overseas-pakistani,"Jeddah, Saudi Arabia",Saudi Arabia,english,5,"I work in Jeddah, Saudi Arabia and fly back to Pakistan only once a year. My vehicle ownership transfer had been pending for two years. PakExcise resolved it without needing my physical presence. That is exactly the kind of service Pakistani expats need. Absolutely trustworthy and professional."
REV0673,service:vehicle-transfer,Vehicle Transfer,Sundas Khan,female,overseas-pakistani,"Dammam, Saudi Arabia",Saudi Arabia,english-urdu-mix,5,"Dammam, Saudi Arabia se apni gaari ke vehicle transfer ke liye bohat pareshaan tha. Ek cousin ne PakExcise bataya. Unhon ne jaldi contact liya aur kaam shuru kar diya. Koi rishtedar takleef mein nahi daala. Khud handle ho gaya sara kaam. Yeh service Pakistan ka future hai."
REV0674,service:vehicle-transfer,Vehicle Transfer,Hamid Waseem,male,overseas-pakistani,"London, UK",UK,english,5,"Highly recommend PakExcise to all overseas Pakistanis. I am in London, UK and sorted my vehicle ownership transfer through them completely remotely. They clearly explained fees, sent me step-by-step updates, and delivered results. Honest and professional team. Finally a reliable service for expats."
REV0675,service:vehicle-transfer,Vehicle Transfer,Zaheer ul Islam,male,overseas-pakistani,"Manchester, UK",UK,english-urdu-mix,5,"Main ne Manchester, UK se PakExcise ko contact kiya apni vehicle transfer ke masle ke baray mein. Jitna darr tha itna kuch nahi hua. Bahut professional log hain. Sab kuch online handle ho gaya. Pakistan mein agar sab log aise kaam karein to mulk bahut aagay jay ga."
REV0676,service:vehicle-transfer-islamabad-ict,Vehicle Transfer Islamabad ICT,Waseem Akram,male,local,Pakistan,Pakistan,pakistani-english,5,Excellent work by PakExcise team. My vehicle transfer was stuck for almost one month when I tried on my own. Then my colleague told me about this service. Within ten days they resolved everything. The staff is very professional and keeps you updated through WhatsApp. Will use again for sure.
REV0677,service:vehicle-transfer-islamabad-ict,Vehicle Transfer Islamabad ICT,Naveed Shah,male,local,Pakistan,Pakistan,pakistani-english,5,"I am a busy person and cannot afford to take leaves from office just to sit in government lines. PakExcise is blessing for such people. Gave them my documents, paid the fee, and they did complete vehicle transfer. No tension, no time waste. This is how services should be in Pakistan."
REV0678,service:vehicle-transfer-islamabad-ict,Vehicle Transfer Islamabad ICT,Kashif Hussain,male,local,Pakistan,Pakistan,pakistani-english,5,"Very satisfied with vehicle transfer service. Being a woman it is very difficult to visit excise office alone and deal with agents there. PakExcise solved this problem completely. Professional team, proper receipts given, money well spent. My family will also use this service."
REV0679,service:vehicle-transfer-islamabad-ict,Vehicle Transfer Islamabad ICT,Adnan Siddiqui,male,local,Pakistan,Pakistan,english-urdu-mix,5,Bohat acha service hai yaar. Mera motorcycle transfer Punjab se Islamabad karna tha jo ke khud karna mushkil tha. PakExcise ne sara kaam kar diya aur mujhe sirf ek dafa documents dene the. Aisi service chahiye hoti hai Pakistan mein. Bahut khush hoon.
REV0680,service:vehicle-transfer-islamabad-ict,Vehicle Transfer Islamabad ICT,Madiha Sohail,female,local,Pakistan,Pakistan,english-urdu-mix,4,Bhai kya baat hai is service ki! Main ne socha tha ke vehicle transfer mein hafte lag jainge aur hazaaron roope kharch honge. Lekin PakExcise ne bilkul aasaan kar diya. Documents bheje aur kuch dinon mein kaam ho gaya. Shukriya PakExcise team!
REV0681,service:vehicle-transfer-islamabad-ict,Vehicle Transfer Islamabad ICT,Arif Gill,male,overseas-pakistani,"Birmingham, UK",UK,english,5,"I am based in Birmingham, UK and have been away from Pakistan for 6 years. Managing vehicle ownership transfer from abroad was a big headache until I found PakExcise. They handled everything remotely, kept me informed through WhatsApp, and I did not have to ask a single relative for help. Brilliant service."
REV0682,service:vehicle-transfer-islamabad-ict,Vehicle Transfer Islamabad ICT,Kashan Mirza,male,overseas-pakistani,"New York, USA",USA,english,5,"Living in New York, USA, I always struggled to get my Pakistan vehicle documents sorted during my yearly visit. PakExcise completely removed that stress. I contacted them from here, they arranged everything, and by the time I came to Pakistan for my short visit everything was ready. Highly recommended for overseas Pakistanis."
REV0683,service:vehicle-transfer-islamabad-ict,Vehicle Transfer Islamabad ICT,Mateen ul Haq,male,overseas-pakistani,"Houston, USA",USA,english-urdu-mix,5,"Houston, USA se vehicle transfer ka kaam karna na mumkin lagta tha. Rishtedaron ko takleef dena pasand nahi tha. PakExcise ne bahut professional andaaz se kaam kiya. Sab kuch ghar baithe ho gaya. Pakistani expats ke liye yeh service bohat zaroori hai."
REV0684,service:vehicle-transfer-islamabad-ict,Vehicle Transfer Islamabad ICT,Fareeha Malik,female,overseas-pakistani,"Chicago, USA",USA,english,5,"As a Pakistani expat in Chicago, USA I cannot easily take leave and fly back for every vehicle matter. PakExcise is the solution I was looking for. Their team is professional, responsive, and completely trustworthy. My vehicle ownership transfer was completed without any issues. Highly recommend to all overseas Pakistanis."
REV0685,service:vehicle-transfer-islamabad-ict,Vehicle Transfer Islamabad ICT,Nabeel Siddiqui,male,overseas-pakistani,"Kuwait City, Kuwait",Kuwait,english-urdu-mix,4,"Kuwait City, Kuwait mein hoon aur Pakistan mein vehicle transfer ka masla tha. Koi relative bhi available nahi tha. PakExcise ko WhatsApp kiya aur unhon ne foran respond kiya. Kaam kar diya professionally. Ab yeh mera go-to service hai Pakistan ke saare vehicle kaam ke liye."
REV0686,service:vehicle-transfer-islamabad-ict,Vehicle Transfer Islamabad ICT,Obaid Cheema,male,overseas-pakistani,"Istanbul, Turkey",Turkey,english,4,"I had been postponing my vehicle ownership transfer for two years because I could not manage it from Istanbul, Turkey. A friend in Dubai told me about PakExcise. I contacted them and they resolved everything within days. All documents were sent to my address in Pakistan. Very reliable and honest team."
REV0687,service:vehicle-transfer-islamabad-ict,Vehicle Transfer Islamabad ICT,Qader Malik,male,overseas-pakistani,"Ankara, Turkey",Turkey,english-urdu-mix,5,"Bhai Ankara, Turkey mein reh ke Pakistan ke government kaam karwana bahut mushkil hota hai. Rishtedar bhi itna time nahi dete. PakExcise wale ne vehicle transfer ka kaam bilkul smoothly kar diya. Paise bhi seedhi baat pe liye — koi chupaav nahi. Aise service chahiye hoti hai."
REV0688,service:vehicle-transfer-islamabad-ict,Vehicle Transfer Islamabad ICT,Shaheen Awan,male,overseas-pakistani,"Doha, Qatar",Qatar,english,4,"Being in Doha, Qatar for the past 5 years, I completely lost track of how Pakistani government processes work. PakExcise team not only handled my vehicle ownership transfer but also explained everything clearly so I was never confused. This is the kind of professional service overseas Pakistanis desperately need."
REV0689,service:vehicle-transfer-islamabad-ict,Vehicle Transfer Islamabad ICT,Laiba Sheikh,female,overseas-pakistani,Singapore,Singapore,english-urdu-mix,5,Main Singapore mein hoon lekin Pakistan mein mere naam pe gaari hai aur vehicle transfer ka masla tha. Kisi pe depend nahi karna chahta tha. PakExcise ne poora kaam kar diya aur mujhe sirf payment karni thi. Trust worthy aur fast service. Dil khush ho gaya.
REV0690,service:vehicle-transfer-islamabad-ict,Vehicle Transfer Islamabad ICT,Umar Hanif,male,overseas-pakistani,"Beijing, China",China,english,4,"PakExcise is a lifesaver for Pakistani expats. I am in Beijing, China and my vehicle ownership transfer was pending for months. No one back home could manage it properly. PakExcise sorted it in days. Professional communication, clear fees, and excellent follow-through. Five stars easily."
REV0691,service:vehicle-transfer-islamabad-ict,Vehicle Transfer Islamabad ICT,Muhammad Naveed,male,overseas-pakistani,"Shanghai, China",China,english-urdu-mix,4,"Yaar Shanghai, China se Pakistan aakar sirf sarkari kaam ke liye chutti lena possible nahi. PakExcise ne yeh problem solve kar di. vehicle transfer remotely ho gaya. Bilkul sahi documentation aur time pe delivery. Mera sara Pakistan ka vehicle kaam ab inhi ke through hoga."
REV0692,service:vehicle-transfer-islamabad-ict,Vehicle Transfer Islamabad ICT,Asim Raza,male,overseas-pakistani,"Dubai, UAE",UAE,english,5,"From Dubai, UAE I managed to get my vehicle ownership transfer handled completely by PakExcise. The whole process was remote — I just sent scanned documents and they did the rest. Updates were regular on WhatsApp. This is exactly what was needed for overseas Pakistanis. Excellent work."
REV0693,service:vehicle-transfer-islamabad-ict,Vehicle Transfer Islamabad ICT,Talha Farooqi,male,overseas-pakistani,"Abu Dhabi, UAE",UAE,english-urdu-mix,5,"Jo log Abu Dhabi, UAE jaise mulkon mein rehte hain unhe pata hai ke Pakistan ke government offices mein kaam karwana kitna mushkil hota hai remotely. PakExcise ne yeh asaan kar diya. vehicle transfer bina kisi jhamele ke ho gaya. Bohot khush hoon aur sabko recommend karta hoon."
REV0694,service:vehicle-transfer-islamabad-ict,Vehicle Transfer Islamabad ICT,Zainab Hussain,female,overseas-pakistani,"Sharjah, UAE",UAE,english,5,"I work in Sharjah, UAE and fly back to Pakistan only once a year. My vehicle ownership transfer had been pending for two years. PakExcise resolved it without needing my physical presence. That is exactly the kind of service Pakistani expats need. Absolutely trustworthy and professional."
REV0695,service:vehicle-transfer-islamabad-ict,Vehicle Transfer Islamabad ICT,Imtiaz Shah,male,overseas-pakistani,"Riyadh, Saudi Arabia",Saudi Arabia,english-urdu-mix,5,"Riyadh, Saudi Arabia se apni gaari ke vehicle transfer ke liye bohat pareshaan tha. Ek cousin ne PakExcise bataya. Unhon ne jaldi contact liya aur kaam shuru kar diya. Koi rishtedar takleef mein nahi daala. Khud handle ho gaya sara kaam. Yeh service Pakistan ka future hai."
REV0696,service:vehicle-transfer-islamabad-ict,Vehicle Transfer Islamabad ICT,Rehan Siddiqui,male,overseas-pakistani,"Jeddah, Saudi Arabia",Saudi Arabia,english,5,"Highly recommend PakExcise to all overseas Pakistanis. I am in Jeddah, Saudi Arabia and sorted my vehicle ownership transfer through them completely remotely. They clearly explained fees, sent me step-by-step updates, and delivered results. Honest and professional team. Finally a reliable service for expats."
REV0697,service:vehicle-transfer-islamabad-ict,Vehicle Transfer Islamabad ICT,Waqas Anwar,male,overseas-pakistani,"Dammam, Saudi Arabia",Saudi Arabia,english-urdu-mix,4,"Main ne Dammam, Saudi Arabia se PakExcise ko contact kiya apni vehicle transfer ke masle ke baray mein. Jitna darr tha itna kuch nahi hua. Bahut professional log hain. Sab kuch online handle ho gaya. Pakistan mein agar sab log aise kaam karein to mulk bahut aagay jay ga."
REV0698,service:vehicle-transfer-islamabad-ict,Vehicle Transfer Islamabad ICT,Mehwish Tariq,female,overseas-pakistani,"London, UK",UK,english,5,"After years of relying on relatives and paying local agents who never delivered, I found PakExcise while looking online from London, UK. They sorted my vehicle ownership transfer professionally and honestly. No middleman games, no extra unofficial payments. Just proper service at a fair price."
REV0699,service:vehicle-transfer-islamabad-ict,Vehicle Transfer Islamabad ICT,Fawad Hussain,male,overseas-pakistani,"Manchester, UK",UK,english-urdu-mix,5,"Manchester, UK mein hoon aur Pakistan mein vehicle transfer ki bohat zaroorat thi. PakExcise se bahut umeed nahi thi lekin unhon ne kamaal kar diya. Kaam time pe hua aur charges bhi reasonable the. Ab inhe hi use karunga Pakistan ke sab vehicle kaam ke liye. Shukriya PakExcise."
REV0700,service:vehicle-transfer-islamabad-ict,Vehicle Transfer Islamabad ICT,Zeeshan Chaudhry,male,overseas-pakistani,"Birmingham, UK",UK,english-urdu-mix,5,"Birmingham, UK mein rehta hoon aur Pakistan mein apni vehicle transfer ke liye PakExcise ko use kiya. Ghar se door hokar government kaam karna bahut mushkil tha lekin PakExcise ne sara kaam kar diya. WhatsApp pe updates dete rahe. Bahut acha service hai."
REV0701,service:vehicle-transfer-punjab,Vehicle Transfer Punjab,Rana Asif,male,local,Pakistan,Pakistan,pakistani-english,5,"I am a busy person and cannot afford to take leaves from office just to sit in government lines. PakExcise is blessing for such people. Gave them my documents, paid the fee, and they did complete vehicle transfer. No tension, no time waste. This is how services should be in Pakistan."
REV0702,service:vehicle-transfer-punjab,Vehicle Transfer Punjab,Shahid Latif,male,local,Pakistan,Pakistan,pakistani-english,4,"Very satisfied with vehicle transfer service. Being a woman it is very difficult to visit excise office alone and deal with agents there. PakExcise solved this problem completely. Professional team, proper receipts given, money well spent. My family will also use this service."
REV0703,service:vehicle-transfer-punjab,Vehicle Transfer Punjab,Owais Malik,male,local,Pakistan,Pakistan,pakistani-english,4,"Bhai, what a service! I was so tensed about my car transfer because last time I spent three days running to excise office and came back empty hands. PakExcise team handled everything. Just sent my documents and within few days transfer was done. Very honest people, highly recommended."
REV0704,service:vehicle-transfer-punjab,Vehicle Transfer Punjab,Junaid Ahmad,male,local,Pakistan,Pakistan,english-urdu-mix,5,Bhai kya baat hai is service ki! Main ne socha tha ke vehicle transfer mein hafte lag jainge aur hazaaron roope kharch honge. Lekin PakExcise ne bilkul aasaan kar diya. Documents bheje aur kuch dinon mein kaam ho gaya. Shukriya PakExcise team!
REV0705,service:vehicle-transfer-punjab,Vehicle Transfer Punjab,Anum Pervaiz,female,local,Pakistan,Pakistan,english-urdu-mix,4,Bohat acha service hai yaar. Mera motorcycle transfer Punjab se Islamabad karna tha jo ke khud karna mushkil tha. PakExcise ne sara kaam kar diya aur mujhe sirf ek dafa documents dene the. Aisi service chahiye hoti hai Pakistan mein. Bahut khush hoon.
REV0706,service:vehicle-transfer-punjab,Vehicle Transfer Punjab,Shahbaz Malik,male,overseas-pakistani,"New York, USA",USA,english,5,"As a Pakistani expat in New York, USA I cannot easily take leave and fly back for every vehicle matter. PakExcise is the solution I was looking for. Their team is professional, responsive, and completely trustworthy. My vehicle ownership transfer was completed without any issues. Highly recommend to all overseas Pakistanis."
REV0707,service:vehicle-transfer-punjab,Vehicle Transfer Punjab,Hassan Khalid,male,overseas-pakistani,"Houston, USA",USA,english-urdu-mix,5,"Houston, USA mein hoon aur Pakistan mein vehicle transfer ka masla tha. Koi relative bhi available nahi tha. PakExcise ko WhatsApp kiya aur unhon ne foran respond kiya. Kaam kar diya professionally. Ab yeh mera go-to service hai Pakistan ke saare vehicle kaam ke liye."
REV0708,service:vehicle-transfer-punjab,Vehicle Transfer Punjab,Arslan Butt,male,overseas-pakistani,"Chicago, USA",USA,english,5,"I had been postponing my vehicle ownership transfer for two years because I could not manage it from Chicago, USA. A friend in Dubai told me about PakExcise. I contacted them and they resolved everything within days. All documents were sent to my address in Pakistan. Very reliable and honest team."
REV0709,service:vehicle-transfer-punjab,Vehicle Transfer Punjab,Sadia Rahman,female,overseas-pakistani,"Kuwait City, Kuwait",Kuwait,english-urdu-mix,5,"Bhai Kuwait City, Kuwait mein reh ke Pakistan ke government kaam karwana bahut mushkil hota hai. Rishtedar bhi itna time nahi dete. PakExcise wale ne vehicle transfer ka kaam bilkul smoothly kar diya. Paise bhi seedhi baat pe liye — koi chupaav nahi. Aise service chahiye hoti hai."
REV0710,service:vehicle-transfer-punjab,Vehicle Transfer Punjab,Tariq Pervaiz,male,overseas-pakistani,"Istanbul, Turkey",Turkey,english,4,"Being in Istanbul, Turkey for the past 6 years, I completely lost track of how Pakistani government processes work. PakExcise team not only handled my vehicle ownership transfer but also explained everything clearly so I was never confused. This is the kind of professional service overseas Pakistanis desperately need."
REV0711,service:vehicle-transfer-punjab,Vehicle Transfer Punjab,Khurram Bashir,male,overseas-pakistani,"Ankara, Turkey",Turkey,english-urdu-mix,4,"Main Ankara, Turkey mein hoon lekin Pakistan mein mere naam pe gaari hai aur vehicle transfer ka masla tha. Kisi pe depend nahi karna chahta tha. PakExcise ne poora kaam kar diya aur mujhe sirf payment karni thi. Trust worthy aur fast service. Dil khush ho gaya."
REV0712,service:vehicle-transfer-punjab,Vehicle Transfer Punjab,Daud Ahmed,male,overseas-pakistani,"Doha, Qatar",Qatar,english,5,"PakExcise is a lifesaver for Pakistani expats. I am in Doha, Qatar and my vehicle ownership transfer was pending for months. No one back home could manage it properly. PakExcise sorted it in days. Professional communication, clear fees, and excellent follow-through. Five stars easily."
REV0713,service:vehicle-transfer-punjab,Vehicle Transfer Punjab,Saad ul Haq,male,overseas-pakistani,Singapore,Singapore,english-urdu-mix,5,Yaar Singapore se Pakistan aakar sirf sarkari kaam ke liye chutti lena possible nahi. PakExcise ne yeh problem solve kar di. vehicle transfer remotely ho gaya. Bilkul sahi documentation aur time pe delivery. Mera sara Pakistan ka vehicle kaam ab inhi ke through hoga.
REV0714,service:vehicle-transfer-punjab,Vehicle Transfer Punjab,Aisha Pervaiz,female,overseas-pakistani,"Beijing, China",China,english,4,"From Beijing, China I managed to get my vehicle ownership transfer handled completely by PakExcise. The whole process was remote — I just sent scanned documents and they did the rest. Updates were regular on WhatsApp. This is exactly what was needed for overseas Pakistanis. Excellent work."
REV0715,service:vehicle-transfer-punjab,Vehicle Transfer Punjab,Noman Iqbal,male,overseas-pakistani,"Shanghai, China",China,english-urdu-mix,5,"Jo log Shanghai, China jaise mulkon mein rehte hain unhe pata hai ke Pakistan ke government offices mein kaam karwana kitna mushkil hota hai remotely. PakExcise ne yeh asaan kar diya. vehicle transfer bina kisi jhamele ke ho gaya. Bohot khush hoon aur sabko recommend karta hoon."
REV0716,service:vehicle-transfer-punjab,Vehicle Transfer Punjab,Jawad Karimi,male,overseas-pakistani,"Dubai, UAE",UAE,english,5,"I work in Dubai, UAE and fly back to Pakistan only once a year. My vehicle ownership transfer had been pending for two years. PakExcise resolved it without needing my physical presence. That is exactly the kind of service Pakistani expats need. Absolutely trustworthy and professional."
REV0717,service:vehicle-transfer-punjab,Vehicle Transfer Punjab,Yasir Hashmi,male,overseas-pakistani,"Abu Dhabi, UAE",UAE,english-urdu-mix,5,"Abu Dhabi, UAE se apni gaari ke vehicle transfer ke liye bohat pareshaan tha. Ek cousin ne PakExcise bataya. Unhon ne jaldi contact liya aur kaam shuru kar diya. Koi rishtedar takleef mein nahi daala. Khud handle ho gaya sara kaam. Yeh service Pakistan ka future hai."
REV0718,service:vehicle-transfer-punjab,Vehicle Transfer Punjab,Omer Farooq,male,overseas-pakistani,"Sharjah, UAE",UAE,english,5,"Highly recommend PakExcise to all overseas Pakistanis. I am in Sharjah, UAE and sorted my vehicle ownership transfer through them completely remotely. They clearly explained fees, sent me step-by-step updates, and delivered results. Honest and professional team. Finally a reliable service for expats."
REV0719,service:vehicle-transfer-punjab,Vehicle Transfer Punjab,Rukhsar Ahmed,female,overseas-pakistani,"Riyadh, Saudi Arabia",Saudi Arabia,english-urdu-mix,5,"Main ne Riyadh, Saudi Arabia se PakExcise ko contact kiya apni vehicle transfer ke masle ke baray mein. Jitna darr tha itna kuch nahi hua. Bahut professional log hain. Sab kuch online handle ho gaya. Pakistan mein agar sab log aise kaam karein to mulk bahut aagay jay ga."
REV0720,service:vehicle-transfer-punjab,Vehicle Transfer Punjab,Rizwan Mehmood,male,overseas-pakistani,"Jeddah, Saudi Arabia",Saudi Arabia,english,5,"After years of relying on relatives and paying local agents who never delivered, I found PakExcise while looking online from Jeddah, Saudi Arabia. They sorted my vehicle ownership transfer professionally and honestly. No middleman games, no extra unofficial payments. Just proper service at a fair price."
REV0721,service:vehicle-transfer-punjab,Vehicle Transfer Punjab,Kashif Abbasi,male,overseas-pakistani,"Dammam, Saudi Arabia",Saudi Arabia,english-urdu-mix,4,"Dammam, Saudi Arabia mein hoon aur Pakistan mein vehicle transfer ki bohat zaroorat thi. PakExcise se bahut umeed nahi thi lekin unhon ne kamaal kar diya. Kaam time pe hua aur charges bhi reasonable the. Ab inhe hi use karunga Pakistan ke sab vehicle kaam ke liye. Shukriya PakExcise."
REV0722,service:vehicle-transfer-punjab,Vehicle Transfer Punjab,Irfan Qureshi,male,overseas-pakistani,"London, UK",UK,english-urdu-mix,5,"London, UK mein rehta hoon aur Pakistan mein apni vehicle transfer ke liye PakExcise ko use kiya. Ghar se door hokar government kaam karna bahut mushkil tha lekin PakExcise ne sara kaam kar diya. WhatsApp pe updates dete rahe. Bahut acha service hai."
REV0723,service:vehicle-transfer-punjab,Vehicle Transfer Punjab,Nosheen Ali,female,overseas-pakistani,"Manchester, UK",UK,english,5,"I am based in Manchester, UK and have been away from Pakistan for 3 years. Managing vehicle ownership transfer from abroad was a big headache until I found PakExcise. They handled everything remotely, kept me informed through WhatsApp, and I did not have to ask a single relative for help. Brilliant service."
REV0724,service:vehicle-transfer-punjab,Vehicle Transfer Punjab,Sohail Latif,male,overseas-pakistani,"Birmingham, UK",UK,english,4,"Living in Birmingham, UK, I always struggled to get my Pakistan vehicle documents sorted during my yearly visit. PakExcise completely removed that stress. I contacted them from here, they arranged everything, and by the time I came to Pakistan for my short visit everything was ready. Highly recommended for overseas Pakistanis."
REV0725,service:vehicle-transfer-punjab,Vehicle Transfer Punjab,Bilal Shaukat,male,overseas-pakistani,"New York, USA",USA,english-urdu-mix,5,"New York, USA se vehicle transfer ka kaam karna na mumkin lagta tha. Rishtedaron ko takleef dena pasand nahi tha. PakExcise ne bahut professional andaaz se kaam kiya. Sab kuch ghar baithe ho gaya. Pakistani expats ke liye yeh service bohat zaroori hai."
