review_id,service_key,service_name,reviewer_name,gender,reviewer_type,location,country,review_language,rating,review_content
REV0001,service:data-correction-islamabad-ict,Data Correction Islamabad ICT,Usman Tariq,male,local,Pakistan,Pakistan,pakistani-english,5.0,Engine number in record was incorrect. PakExcise knew exactly what documents to file. Sorted.
REV0002,service:data-correction-islamabad-ict,Data Correction Islamabad ICT,Bilal Akhtar,male,local,Pakistan,Pakistan,pakistani-english,4.8,CNIC number was wrong in vehicle record. PakExcise corrected it properly and quickly.
REV0003,service:data-correction-islamabad-ict,Data Correction Islamabad ICT,Kamran Shah,male,local,Pakistan,Pakistan,pakistani-english,5.0,Had an address error in registration. PakExcise guided and corrected it fast.
REV0004,service:data-correction-islamabad-ict,Data Correction Islamabad ICT,Adnan Raza,male,local,Pakistan,Pakistan,english-urdu-mix,4.9,Naam galat tha registration mein. PakExcise ne bilkul sahi karwa di. Bohat shukriya!
REV0005,service:data-correction-islamabad-ict,Data Correction Islamabad ICT,Sadia Butt,female,local,Pakistan,Pakistan,english-urdu-mix,5.0,CNIC number galat tha gaari mein. PakExcise ne correct kiya. Ab sab theek hai.
REV0006,service:data-correction-islamabad-ict,Data Correction Islamabad ICT,Umar Saeed,male,overseas-pakistani,"Dubai, UAE",UAE,english,4.6,Living in Dubai — name error in vehicle record. PakExcise corrected it remotely.
REV0007,service:data-correction-islamabad-ict,Data Correction Islamabad ICT,Babar Zaman,male,overseas-pakistani,"Abu Dhabi, UAE",UAE,english-urdu-mix,4.9,Abu Dhabi mein hoon lekin vehicle record PakExcise ne correct kar diya. Koi tension nahi.
REV0008,service:data-correction-islamabad-ict,Data Correction Islamabad ICT,Aamir Naseem,male,overseas-pakistani,"Sharjah, UAE",UAE,english,4.9,Couldn't return from Sharjah for data correction. PakExcise handled it completely.
REV0009,service:data-correction-islamabad-ict,Data Correction Islamabad ICT,Amber Hussain,female,overseas-pakistani,"Riyadh, Saudi Arabia",Saudi Arabia,english-urdu-mix,4.9,"Riyadh se contact kiya, data correction ho gayi. PakExcise delivers!"
REV0010,service:data-correction-islamabad-ict,Data Correction Islamabad ICT,Talal Pervaiz,male,overseas-pakistani,"Jeddah, Saudi Arabia",Saudi Arabia,english,5.0,Trusted PakExcise from Jeddah with data correction. Delivered on time. 5 stars.
REV0011,service:data-correction-islamabad-ict,Data Correction Islamabad ICT,Saifullah Khan,male,overseas-pakistani,"Dammam, Saudi Arabia",Saudi Arabia,english-urdu-mix,5.0,Dammam mein 7 saal se hoon. Record correction ka kaam PakExcise se kiya. Perfect.
REV0012,service:data-correction-islamabad-ict,Data Correction Islamabad ICT,Danish Cheema,male,overseas-pakistani,"London, UK",UK,english,4.9,"From London, vehicle data corrected via PakExcise. Zero issues. Recommend."
REV0013,service:data-correction-islamabad-ict,Data Correction Islamabad ICT,Qasim Butt,male,overseas-pakistani,"Manchester, UK",UK,english-urdu-mix,4.5,Manchester se data correction remotely ho gayi. Perfect service for overseas Pakistanis.
REV0014,service:data-correction-islamabad-ict,Data Correction Islamabad ICT,Bushra Tariq,female,overseas-pakistani,"Birmingham, UK",UK,english,4.7,PakExcise saved me a trip from Birmingham. Vehicle record corrected. Excellent.
REV0015,service:data-correction-islamabad-ict,Data Correction Islamabad ICT,Zubair Anwar,male,overseas-pakistani,"New York, USA",USA,english-urdu-mix,4.7,New York se data correction karwani thi. PakExcise ne kar diya. Bohat shukriya!
REV0016,service:data-correction-islamabad-ict,Data Correction Islamabad ICT,Haroon Maqbool,male,overseas-pakistani,"Houston, USA",USA,english,5.0,From Houston to corrected vehicle record — PakExcise made it completely easy.
REV0017,service:data-correction-islamabad-ict,Data Correction Islamabad ICT,Majid Awan,male,overseas-pakistani,"Chicago, USA",USA,english-urdu-mix,5.0,Chicago mein hoon lekin vehicle record PakExcise ne correct kar diya. Koi tension nahi.
REV0018,service:data-correction-islamabad-ict,Data Correction Islamabad ICT,Nadir Sohail,male,overseas-pakistani,"Kuwait City, Kuwait",Kuwait,english,4.5,Living in Kuwait City — name error in vehicle record. PakExcise corrected it remotely.
REV0019,service:data-correction-islamabad-ict,Data Correction Islamabad ICT,Dua Farooq,female,overseas-pakistani,"Istanbul, Turkey",Turkey,english-urdu-mix,4.5,"Istanbul se contact kiya, data correction ho gayi. PakExcise delivers!"
REV0020,service:data-correction-islamabad-ict,Data Correction Islamabad ICT,Osama Rehman,male,overseas-pakistani,"Ankara, Turkey",Turkey,english,4.9,Couldn't return from Ankara for data correction. PakExcise handled it completely.
REV0021,service:data-correction-islamabad-ict,Data Correction Islamabad ICT,Parvez Malik,male,overseas-pakistani,"Doha, Qatar",Qatar,english-urdu-mix,4.8,Doha mein 10 saal se hoon. Record correction ka kaam PakExcise se kiya. Perfect.
REV0022,service:data-correction-islamabad-ict,Data Correction Islamabad ICT,Raza Haider,male,overseas-pakistani,"Singapore, Singapore",Singapore,english,5.0,Trusted PakExcise from Singapore with data correction. Delivered on time. 5 stars.
REV0023,service:data-correction-islamabad-ict,Data Correction Islamabad ICT,Shahzad Gill,male,overseas-pakistani,"Beijing, China",China,english-urdu-mix,4.8,Beijing se data correction remotely ho gayi. Perfect service for overseas Pakistanis.
REV0024,service:data-correction-islamabad-ict,Data Correction Islamabad ICT,Esha Raza,female,overseas-pakistani,"Shanghai, China",China,english,5.0,"From Shanghai, vehicle data corrected via PakExcise. Zero issues. Recommend."
REV0025,service:data-correction-islamabad-ict,Data Correction Islamabad ICT,Talib Hussain,male,overseas-pakistani,"Muscat, Oman",Oman,english-urdu-mix,5.0,Muscat se data correction karwani thi. PakExcise ne kar diya. Bohat shukriya!
REV0026,service:data-correction-punjab-ict,Data Correction Punjab & ICT,Waqar Hussain,male,local,Pakistan,Pakistan,pakistani-english,5.0,CNIC number was wrong in vehicle record. PakExcise corrected it properly and quickly.
REV0027,service:data-correction-punjab-ict,Data Correction Punjab & ICT,Saad Mehmood,male,local,Pakistan,Pakistan,pakistani-english,4.8,Had an address error in registration. PakExcise guided and corrected it fast.
REV0028,service:data-correction-punjab-ict,Data Correction Punjab & ICT,Aqeel Ahmad,male,local,Pakistan,Pakistan,pakistani-english,4.7,Data correction seemed complicated but PakExcise made it very straightforward.
REV0029,service:data-correction-punjab-ict,Data Correction Punjab & ICT,Zafar Iqbal,male,local,Pakistan,Pakistan,english-urdu-mix,4.7,Engine number galat tha record mein. PakExcise ne jaldi correct karwaya. Trusted.
REV0030,service:data-correction-punjab-ict,Data Correction Punjab & ICT,Hina Malik,female,local,Pakistan,Pakistan,english-urdu-mix,5.0,Data correction ka process mushkil lagta tha. PakExcise ne asaan kar diya. Kamaal!
REV0031,service:data-correction-punjab-ict,Data Correction Punjab & ICT,Usman Farooq,male,overseas-pakistani,"Dubai, UAE",UAE,english,4.8,"From Dubai, vehicle data correction sorted by PakExcise. Smooth and professional."
REV0032,service:data-correction-punjab-ict,Data Correction Punjab & ICT,Wakeel Ahmad,male,overseas-pakistani,"Abu Dhabi, UAE",UAE,english-urdu-mix,4.6,WhatsApp pe sab update mila. Data correction time pe ho gayi. Bohat acha.
REV0033,service:data-correction-punjab-ict,Data Correction Punjab & ICT,Yaseen Abbasi,male,overseas-pakistani,"Sharjah, UAE",UAE,english,4.8,Vehicle record correction done from Sharjah by PakExcise. Updates on WhatsApp.
REV0034,service:data-correction-punjab-ict,Data Correction Punjab & ICT,Fiza Shah,female,overseas-pakistani,"Riyadh, Saudi Arabia",Saudi Arabia,english-urdu-mix,4.5,PakExcise ne record ki galti theek kar di. Riyadh se ho gaya. Shukriya!
REV0035,service:data-correction-punjab-ict,Data Correction Punjab & ICT,Zain ul Abideen,male,overseas-pakistani,"Jeddah, Saudi Arabia",Saudi Arabia,english,4.8,No relatives needed. Data correction sorted from Jeddah by PakExcise.
REV0036,service:data-correction-punjab-ict,Data Correction Punjab & ICT,Arshad Hafeez,male,overseas-pakistani,"Dammam, Saudi Arabia",Saudi Arabia,english-urdu-mix,4.9,Record mein naam galat tha. Bahar se PakExcise ne correct karwaya. Kamaal!
REV0037,service:data-correction-punjab-ict,Data Correction Punjab & ICT,Bilal Zaidi,male,overseas-pakistani,"London, UK",UK,english,4.7,"Fair charges, reliable team. Data correction from London via PakExcise."
REV0038,service:data-correction-punjab-ict,Data Correction Punjab & ICT,Dawood Elahi,male,overseas-pakistani,"Manchester, UK",UK,english-urdu-mix,4.8,CNIC galat tha. Manchester se PakExcise ko contact kiya — foran correct ho gaya.
REV0039,service:data-correction-punjab-ict,Data Correction Punjab & ICT,Huma Iqbal,female,overseas-pakistani,"Birmingham, UK",UK,english,4.6,Best for expats. Vehicle data correction from Birmingham sorted by PakExcise.
REV0040,service:data-correction-punjab-ict,Data Correction Punjab & ICT,Faizan Sheikh,male,overseas-pakistani,"New York, USA",USA,english-urdu-mix,4.9,Rishtedaron ko nahi pakarna tha. PakExcise ne data correction khud karwai. Trusted.
REV0041,service:data-correction-punjab-ict,Data Correction Punjab & ICT,Hamza Mirza,male,overseas-pakistani,"Houston, USA",USA,english,4.9,Vehicle data correction sorted from Houston via PakExcise. Knew exact documents needed.
REV0042,service:data-correction-punjab-ict,Data Correction Punjab & ICT,Iftikhar Ghazi,male,overseas-pakistani,"Chicago, USA",USA,english-urdu-mix,5.0,WhatsApp pe sab update mila. Data correction time pe ho gayi. Bohat acha.
REV0043,service:data-correction-punjab-ict,Data Correction Punjab & ICT,Javed Warraich,male,overseas-pakistani,"Kuwait City, Kuwait",Kuwait,english,5.0,"From Kuwait City, vehicle data correction sorted by PakExcise. Smooth and professional."
REV0044,service:data-correction-punjab-ict,Data Correction Punjab & ICT,Iqra Chaudhry,female,overseas-pakistani,"Istanbul, Turkey",Turkey,english-urdu-mix,4.9,PakExcise ne record ki galti theek kar di. Istanbul se ho gaya. Shukriya!
REV0045,service:data-correction-punjab-ict,Data Correction Punjab & ICT,Kashif Noor,male,overseas-pakistani,"Ankara, Turkey",Turkey,english,5.0,Vehicle record correction done from Ankara by PakExcise. Updates on WhatsApp.
REV0046,service:data-correction-punjab-ict,Data Correction Punjab & ICT,Liyaqat Ali,male,overseas-pakistani,"Doha, Qatar",Qatar,english-urdu-mix,4.7,Record mein naam galat tha. Bahar se PakExcise ne correct karwaya. Kamaal!
REV0047,service:data-correction-punjab-ict,Data Correction Punjab & ICT,Mohsin Tariq,male,overseas-pakistani,"Singapore, Singapore",Singapore,english,4.8,No relatives needed. Data correction sorted from Singapore by PakExcise.
REV0048,service:data-correction-punjab-ict,Data Correction Punjab & ICT,Nadeem Aslam,male,overseas-pakistani,"Beijing, China",China,english-urdu-mix,4.5,CNIC galat tha. Beijing se PakExcise ko contact kiya — foran correct ho gaya.
REV0049,service:data-correction-punjab-ict,Data Correction Punjab & ICT,Javeria Ahmad,female,overseas-pakistani,"Shanghai, China",China,english,5.0,"Fair charges, reliable team. Data correction from Shanghai via PakExcise."
REV0050,service:data-correction-punjab-ict,Data Correction Punjab & ICT,Omar Cheema,male,overseas-pakistani,"Muscat, Oman",Oman,english-urdu-mix,4.9,Rishtedaron ko nahi pakarna tha. PakExcise ne data correction khud karwai. Trusted.
REV0051,service:driving-license-renewal,Driving License Renewal,Noman Butt,male,local,Pakistan,Pakistan,pakistani-english,4.8,"Very professional team. License renewal done exactly as promised. No delays, no hidden charges."
REV0052,service:driving-license-renewal,Driving License Renewal,Rana Shahid,male,local,Pakistan,Pakistan,pakistani-english,4.6,Wasted 3 days trying myself. Called PakExcise and license was renewed in days. Wish I called earlier.
REV0053,service:driving-license-renewal,Driving License Renewal,Mudassar Ali,male,local,Pakistan,Pakistan,pakistani-english,4.5,"Quick, honest, affordable. Driving license renewal through PakExcise was the easiest process."
REV0054,service:driving-license-renewal,Driving License Renewal,Hamid Farooq,male,local,Pakistan,Pakistan,english-urdu-mix,4.9,License renewal ka process confusing tha. PakExcise ne step by step guide kiya. Kamaal!
REV0055,service:driving-license-renewal,Driving License Renewal,Uzma Farooq,female,local,Pakistan,Pakistan,english-urdu-mix,4.9,License renew karwana tha lekin time nahi tha. PakExcise ne sab kar diya. Dilkhush service!
REV0056,service:driving-license-renewal,Driving License Renewal,Pervaiz Sattar,male,overseas-pakistani,"Dubai, UAE",UAE,english,4.6,License expired 2 years ago. PakExcise renewed it from Dubai without complications. Impressed.
REV0057,service:driving-license-renewal,Driving License Renewal,Qadeer Ahmad,male,overseas-pakistani,"Abu Dhabi, UAE",UAE,english-urdu-mix,4.6,Abu Dhabi mein hoon lekin license PakExcise ne renew kar di. Kisi ko takleef nahi deni padi.
REV0058,service:driving-license-renewal,Driving License Renewal,Rehan Butt,male,overseas-pakistani,"Sharjah, UAE",UAE,english,4.9,License renewal from Sharjah via PakExcise. Updates on WhatsApp the whole way. Very smooth.
REV0059,service:driving-license-renewal,Driving License Renewal,Lubna Pervaiz,female,overseas-pakistani,"Riyadh, Saudi Arabia",Saudi Arabia,english-urdu-mix,5.0,"Riyadh se contact kiya, license renewal ho gayi. PakExcise really delivers. Recommend!"
REV0060,service:driving-license-renewal,Driving License Renewal,Sardar Imran,male,overseas-pakistani,"Jeddah, Saudi Arabia",Saudi Arabia,english,5.0,"Honest fees, professional handling. License renewal done from Jeddah in days."
REV0061,service:driving-license-renewal,Driving License Renewal,Tahir Pirzada,male,overseas-pakistani,"Dammam, Saudi Arabia",Saudi Arabia,english-urdu-mix,5.0,Dammam mein 7 saal se hoon. License ka kaam PakExcise se karta hoon. Hamesha smooth raha.
REV0062,service:driving-license-renewal,Driving License Renewal,Usman Bhatti,male,overseas-pakistani,"London, UK",UK,english,5.0,PakExcise saved me a trip from London. License renewed on time. Excellent team.
REV0063,service:driving-license-renewal,Driving License Renewal,Waseem Zahid,male,overseas-pakistani,"Manchester, UK",UK,english-urdu-mix,4.9,Manchester se license renewal remotely ho gayi. Bilkul theek. Perfect for overseas Pakistanis.
REV0064,service:driving-license-renewal,Driving License Renewal,Misbah Karim,female,overseas-pakistani,"Birmingham, UK",UK,english,4.7,Been in Birmingham for 2 years — PakExcise is my go-to for license and vehicle work.
REV0065,service:driving-license-renewal,Driving License Renewal,Yasir Gulzar,male,overseas-pakistani,"New York, USA",USA,english-urdu-mix,4.9,New York se license renew karna tha. PakExcise ne ghar baith ke kara diya. Bohat shukr guzaar hoon.
REV0066,service:driving-license-renewal,Driving License Renewal,Zahoor Ahmed,male,overseas-pakistani,"Houston, USA",USA,english,4.8,License was expiring. From Houston I couldn't manage it. PakExcise sorted it. No stress at all.
REV0067,service:driving-license-renewal,Driving License Renewal,Asad Minhas,male,overseas-pakistani,"Chicago, USA",USA,english-urdu-mix,4.9,Chicago mein hoon lekin license PakExcise ne renew kar di. Kisi ko takleef nahi deni padi.
REV0068,service:driving-license-renewal,Driving License Renewal,Burhan Khalid,male,overseas-pakistani,"Kuwait City, Kuwait",Kuwait,english,5.0,License expired 2 years ago. PakExcise renewed it from Kuwait City without complications. Impressed.
REV0069,service:driving-license-renewal,Driving License Renewal,Nosheen Ali,female,overseas-pakistani,"Istanbul, Turkey",Turkey,english-urdu-mix,5.0,"Istanbul se contact kiya, license renewal ho gayi. PakExcise really delivers. Recommend!"
REV0070,service:driving-license-renewal,Driving License Renewal,Dilnawaz Rao,male,overseas-pakistani,"Ankara, Turkey",Turkey,english,4.7,License renewal from Ankara via PakExcise. Updates on WhatsApp the whole way. Very smooth.
REV0071,service:driving-license-renewal,Driving License Renewal,Farrukh Toor,male,overseas-pakistani,"Doha, Qatar",Qatar,english-urdu-mix,4.9,Doha mein 10 saal se hoon. License ka kaam PakExcise se karta hoon. Hamesha smooth raha.
REV0072,service:driving-license-renewal,Driving License Renewal,Ghazanfar Ali,male,overseas-pakistani,"Singapore, Singapore",Singapore,english,4.8,"Honest fees, professional handling. License renewal done from Singapore in days."
REV0073,service:driving-license-renewal,Driving License Renewal,Habib Malik,male,overseas-pakistani,"Beijing, China",China,english-urdu-mix,5.0,Beijing se license renewal remotely ho gayi. Bilkul theek. Perfect for overseas Pakistanis.
REV0074,service:driving-license-renewal,Driving License Renewal,Sundas Khan,female,overseas-pakistani,"Shanghai, China",China,english,4.7,PakExcise saved me a trip from Shanghai. License renewed on time. Excellent team.
REV0075,service:driving-license-renewal,Driving License Renewal,Imran Gul,male,overseas-pakistani,"Muscat, Oman",Oman,english-urdu-mix,5.0,Muscat se license renew karna tha. PakExcise ne ghar baith ke kara diya. Bohat shukr guzaar hoon.
REV0076,service:driving-license-renewal-punjab,Driving License Renewal Punjab,Khalil Chaudhry,male,local,Pakistan,Pakistan,pakistani-english,5.0,Punjab license renewal sorted in days. Team was responsive on WhatsApp throughout.
REV0077,service:driving-license-renewal-punjab,Driving License Renewal Punjab,Asim Baig,male,local,Pakistan,Pakistan,pakistani-english,4.9,Very professional service for Punjab license renewal. Clear guidance from start to finish.
REV0078,service:driving-license-renewal-punjab,Driving License Renewal Punjab,Farhan Siddiqui,male,local,Pakistan,Pakistan,pakistani-english,4.8,Punjab driving license renewal done by PakExcise without me visiting any office. Very impressed.
REV0079,service:driving-license-renewal-punjab,Driving License Renewal Punjab,Kashif Latif,male,local,Pakistan,Pakistan,english-urdu-mix,4.9,Bhai Punjab license ke liye PakExcise best hai. Ghar baith ke ho gaya sab kuch.
REV0080,service:driving-license-renewal-punjab,Driving License Renewal Punjab,Madiha Raza,female,local,Pakistan,Pakistan,english-urdu-mix,4.9,License Punjab ki expire ho gayi thi. PakExcise ne jaldi renew kar di. Bohat shukriya!
REV0081,service:driving-license-renewal-punjab,Driving License Renewal Punjab,Jamshed Khattak,male,overseas-pakistani,"Dubai, UAE",UAE,english,5.0,"Punjab license renewal from Dubai — fast, honest, zero hassle. Highly recommended."
REV0082,service:driving-license-renewal-punjab,Driving License Renewal Punjab,Kaleem Ullah,male,overseas-pakistani,"Abu Dhabi, UAE",UAE,english-urdu-mix,4.9,WhatsApp pe update mila. Punjab license renewal smooth rahi. Bohat acha experience.
REV0083,service:driving-license-renewal-punjab,Driving License Renewal Punjab,Umar Saeed,male,overseas-pakistani,"Sharjah, UAE",UAE,english,4.5,No need to return from Sharjah for Punjab license renewal. PakExcise sorted it easily.
REV0084,service:driving-license-renewal-punjab,Driving License Renewal Punjab,Fareeha Malik,female,overseas-pakistani,"Riyadh, Saudi Arabia",Saudi Arabia,english-urdu-mix,4.8,PakExcise ne waapis aane ki zaroorat khatam kar di. Punjab license Riyadh se ho gayi!
REV0085,service:driving-license-renewal-punjab,Driving License Renewal Punjab,Babar Zaman,male,overseas-pakistani,"Jeddah, Saudi Arabia",Saudi Arabia,english,4.8,"Fair charges, professional team. Punjab license renewal done from Jeddah."
REV0086,service:driving-license-renewal-punjab,Driving License Renewal Punjab,Aamir Naseem,male,overseas-pakistani,"Dammam, Saudi Arabia",Saudi Arabia,english-urdu-mix,4.7,Bahar se Punjab license renewal mushkil thi. PakExcise ne bilkul smooth kar diya.
REV0087,service:driving-license-renewal-punjab,Driving License Renewal Punjab,Talal Pervaiz,male,overseas-pakistani,"London, UK",UK,english,4.9,Best option for overseas Pakistanis for Punjab license work. Sorted mine from London.
REV0088,service:driving-license-renewal-punjab,Driving License Renewal Punjab,Saifullah Khan,male,overseas-pakistani,"Manchester, UK",UK,english-urdu-mix,4.9,Rishtedaron ko nahi pakarna tha. PakExcise ne Punjab license renewal khud ki. Trusted!
REV0089,service:driving-license-renewal-punjab,Driving License Renewal Punjab,Rida Sheikh,female,overseas-pakistani,"Birmingham, UK",UK,english,4.8,Punjab driving license renewed from Birmingham through PakExcise. Smooth and professional.
REV0090,service:driving-license-renewal-punjab,Driving License Renewal Punjab,Danish Cheema,male,overseas-pakistani,"New York, USA",USA,english-urdu-mix,4.7,Punjab license ka masla tha. New York se PakExcise ne foran handle kiya. Shukriya.
REV0091,service:driving-license-renewal-punjab,Driving License Renewal Punjab,Qasim Butt,male,overseas-pakistani,"Houston, USA",USA,english,4.7,Punjab license was expiring. PakExcise sorted it from Houston without me flying back.
REV0092,service:driving-license-renewal-punjab,Driving License Renewal Punjab,Zubair Anwar,male,overseas-pakistani,"Chicago, USA",USA,english-urdu-mix,4.5,WhatsApp pe update mila. Punjab license renewal smooth rahi. Bohat acha experience.
REV0093,service:driving-license-renewal-punjab,Driving License Renewal Punjab,Haroon Maqbool,male,overseas-pakistani,"Kuwait City, Kuwait",Kuwait,english,4.9,"Punjab license renewal from Kuwait City — fast, honest, zero hassle. Highly recommended."
REV0094,service:driving-license-renewal-punjab,Driving License Renewal Punjab,Sadia Rahman,female,overseas-pakistani,"Istanbul, Turkey",Turkey,english-urdu-mix,4.8,PakExcise ne waapis aane ki zaroorat khatam kar di. Punjab license Istanbul se ho gayi!
REV0095,service:driving-license-renewal-punjab,Driving License Renewal Punjab,Majid Awan,male,overseas-pakistani,"Ankara, Turkey",Turkey,english,5.0,No need to return from Ankara for Punjab license renewal. PakExcise sorted it easily.
REV0096,service:driving-license-renewal-punjab,Driving License Renewal Punjab,Nadir Sohail,male,overseas-pakistani,"Doha, Qatar",Qatar,english-urdu-mix,4.9,Bahar se Punjab license renewal mushkil thi. PakExcise ne bilkul smooth kar diya.
REV0097,service:driving-license-renewal-punjab,Driving License Renewal Punjab,Osama Rehman,male,overseas-pakistani,"Singapore, Singapore",Singapore,english,4.8,"Fair charges, professional team. Punjab license renewal done from Singapore."
REV0098,service:driving-license-renewal-punjab,Driving License Renewal Punjab,Parvez Malik,male,overseas-pakistani,"Beijing, China",China,english-urdu-mix,4.9,Rishtedaron ko nahi pakarna tha. PakExcise ne Punjab license renewal khud ki. Trusted!
REV0099,service:driving-license-renewal-punjab,Driving License Renewal Punjab,Aisha Pervaiz,female,overseas-pakistani,"Shanghai, China",China,english,4.6,Best option for overseas Pakistanis for Punjab license work. Sorted mine from Shanghai.
REV0100,service:driving-license-renewal-punjab,Driving License Renewal Punjab,Raza Haider,male,overseas-pakistani,"Muscat, Oman",Oman,english-urdu-mix,4.8,Punjab license ka masla tha. Muscat se PakExcise ne foran handle kiya. Shukriya.
REV0101,service:driving-license-renewal-punjab-ict,Driving License Renewal Punjab & ICT,Arshad Malik,male,local,Pakistan,Pakistan,pakistani-english,4.8,Very professional service for Punjab license renewal. Clear guidance from start to finish.
REV0102,service:driving-license-renewal-punjab-ict,Driving License Renewal Punjab & ICT,Tauseef Mirza,male,local,Pakistan,Pakistan,pakistani-english,4.7,Punjab driving license renewal done by PakExcise without me visiting any office. Very impressed.
REV0103,service:driving-license-renewal-punjab-ict,Driving License Renewal Punjab & ICT,Imtiaz Khan,male,local,Pakistan,Pakistan,pakistani-english,5.0,Had expired Punjab license. PakExcise renewed it properly without any penalty surprises.
REV0104,service:driving-license-renewal-punjab-ict,Driving License Renewal Punjab & ICT,Saleem Qureshi,male,local,Pakistan,Pakistan,english-urdu-mix,5.0,Punjab license renewal PakExcise se karwai. Koi masla nahi aaya. Bilkul smooth rahi.
REV0105,service:driving-license-renewal-punjab-ict,Driving License Renewal Punjab & ICT,Kiran Iqbal,female,local,Pakistan,Pakistan,english-urdu-mix,5.0,Punjab mein license renewal ka process confusing tha. PakExcise ne sab clear kiya. Kamaal!
REV0106,service:driving-license-renewal-punjab-ict,Driving License Renewal Punjab & ICT,Shahzad Gill,male,overseas-pakistani,"Dubai, UAE",UAE,english,4.6,Trusted PakExcise from Dubai for Punjab license renewal. Delivered on time. 5 stars.
REV0107,service:driving-license-renewal-punjab-ict,Driving License Renewal Punjab & ICT,Talib Hussain,male,overseas-pakistani,"Abu Dhabi, UAE",UAE,english-urdu-mix,5.0,Abu Dhabi mein hoon lekin Punjab license PakExcise ne renew kar di. Koi tension nahi.
REV0108,service:driving-license-renewal-punjab-ict,Driving License Renewal Punjab & ICT,Usman Farooq,male,overseas-pakistani,"Sharjah, UAE",UAE,english,4.9,WhatsApp updates throughout. Punjab license renewed from Sharjah by PakExcise. Smooth.
REV0109,service:driving-license-renewal-punjab-ict,Driving License Renewal Punjab & ICT,Rukhsar Ahmed,female,overseas-pakistani,"Riyadh, Saudi Arabia",Saudi Arabia,english-urdu-mix,4.8,"Riyadh se contact kiya, Punjab license renewal ho gayi. PakExcise kamaal hai!"
REV0110,service:driving-license-renewal-punjab-ict,Driving License Renewal Punjab & ICT,Wakeel Ahmad,male,overseas-pakistani,"Jeddah, Saudi Arabia",Saudi Arabia,english,4.9,PakExcise saved me a costly trip from Jeddah. Punjab license renewed. Excellent.
REV0111,service:driving-license-renewal-punjab-ict,Driving License Renewal Punjab & ICT,Yaseen Abbasi,male,overseas-pakistani,"Dammam, Saudi Arabia",Saudi Arabia,english-urdu-mix,5.0,Dammam mein 7 saal se hoon. Punjab license ka kaam PakExcise se karta hoon. Perfect.
REV0112,service:driving-license-renewal-punjab-ict,Driving License Renewal Punjab & ICT,Zain ul Abideen,male,overseas-pakistani,"London, UK",UK,english,4.8,From London to renewed Punjab license — PakExcise made it seamless.
REV0113,service:driving-license-renewal-punjab-ict,Driving License Renewal Punjab & ICT,Arshad Hafeez,male,overseas-pakistani,"Manchester, UK",UK,english-urdu-mix,4.7,Manchester se Punjab license remotely renew ho gayi. Perfect service for expats.
REV0114,service:driving-license-renewal-punjab-ict,Driving License Renewal Punjab & ICT,Zainab Hussain,female,overseas-pakistani,"Birmingham, UK",UK,english,4.5,"From Birmingham, managed Punjab license renewal via PakExcise. No relatives needed."
REV0115,service:driving-license-renewal-punjab-ict,Driving License Renewal Punjab & ICT,Bilal Zaidi,male,overseas-pakistani,"New York, USA",USA,english-urdu-mix,5.0,New York se Punjab license renew karna tha. PakExcise ne kar diya. Bohat khush hoon!
REV0116,service:driving-license-renewal-punjab-ict,Driving License Renewal Punjab & ICT,Dawood Elahi,male,overseas-pakistani,"Houston, USA",USA,english,4.8,Living in Houston — PakExcise handled my Punjab license renewal remotely. Great service.
REV0117,service:driving-license-renewal-punjab-ict,Driving License Renewal Punjab & ICT,Faizan Sheikh,male,overseas-pakistani,"Chicago, USA",USA,english-urdu-mix,4.7,Chicago mein hoon lekin Punjab license PakExcise ne renew kar di. Koi tension nahi.
REV0118,service:driving-license-renewal-punjab-ict,Driving License Renewal Punjab & ICT,Hamza Mirza,male,overseas-pakistani,"Kuwait City, Kuwait",Kuwait,english,4.8,Trusted PakExcise from Kuwait City for Punjab license renewal. Delivered on time. 5 stars.
REV0119,service:driving-license-renewal-punjab-ict,Driving License Renewal Punjab & ICT,Nadia Baig,female,overseas-pakistani,"Istanbul, Turkey",Turkey,english-urdu-mix,4.7,"Istanbul se contact kiya, Punjab license renewal ho gayi. PakExcise kamaal hai!"
REV0120,service:driving-license-renewal-punjab-ict,Driving License Renewal Punjab & ICT,Iftikhar Ghazi,male,overseas-pakistani,"Ankara, Turkey",Turkey,english,4.6,WhatsApp updates throughout. Punjab license renewed from Ankara by PakExcise. Smooth.
REV0121,service:driving-license-renewal-punjab-ict,Driving License Renewal Punjab & ICT,Javed Warraich,male,overseas-pakistani,"Doha, Qatar",Qatar,english-urdu-mix,4.6,Doha mein 10 saal se hoon. Punjab license ka kaam PakExcise se karta hoon. Perfect.
REV0122,service:driving-license-renewal-punjab-ict,Driving License Renewal Punjab & ICT,Kashif Noor,male,overseas-pakistani,"Singapore, Singapore",Singapore,english,4.9,PakExcise saved me a costly trip from Singapore. Punjab license renewed. Excellent.
REV0123,service:driving-license-renewal-punjab-ict,Driving License Renewal Punjab & ICT,Liyaqat Ali,male,overseas-pakistani,"Beijing, China",China,english-urdu-mix,5.0,Beijing se Punjab license remotely renew ho gayi. Perfect service for expats.
REV0124,service:driving-license-renewal-punjab-ict,Driving License Renewal Punjab & ICT,Kiran Bhatti,female,overseas-pakistani,"Shanghai, China",China,english,4.6,From Shanghai to renewed Punjab license — PakExcise made it seamless.
REV0125,service:driving-license-renewal-punjab-ict,Driving License Renewal Punjab & ICT,Mohsin Tariq,male,overseas-pakistani,"Muscat, Oman",Oman,english-urdu-mix,4.5,Muscat se Punjab license renew karna tha. PakExcise ne kar diya. Bohat khush hoon!
REV0126,service:e-challan,E-Challan,Basit Rehman,male,local,Pakistan,Pakistan,pakistani-english,4.6,Had no idea there were old e-challans on my car. PakExcise found and cleared all of them in 2 days.
REV0127,service:e-challan,E-Challan,Danish Maqbool,male,local,Pakistan,Pakistan,pakistani-english,4.9,E-challan website kept giving errors. PakExcise sorted my challan payment without any fuss.
REV0128,service:e-challan,E-Challan,Ejaz Gill,male,local,Pakistan,Pakistan,pakistani-english,4.8,Traffic police challan was blocking my fitness certificate. PakExcise cleared it fast. Very helpful.
REV0129,service:e-challan,E-Challan,Fahad Cheema,male,local,Pakistan,Pakistan,english-urdu-mix,4.9,Challan ki wajah se gaari ka kaam rok raha tha. PakExcise ne 2 din mein theek kar diya. Wah!
REV0130,service:e-challan,E-Challan,Nadia Shah,female,local,Pakistan,Pakistan,english-urdu-mix,4.8,Kuch purane challans the jo pata nahi the. PakExcise ne sab clear kar diya. Trusted service!
REV0131,service:e-challan,E-Challan,Nadeem Aslam,male,overseas-pakistani,"Dubai, UAE",UAE,english,5.0,"From Dubai, got e-challan sorted by PakExcise without any hassle. Recommended to all expats."
REV0132,service:e-challan,E-Challan,Omar Cheema,male,overseas-pakistani,"Abu Dhabi, UAE",UAE,english-urdu-mix,5.0,"WhatsApp pe update mila, e-challan time pe clear. PakExcise honest aur fast hai."
REV0133,service:e-challan,E-Challan,Pervaiz Sattar,male,overseas-pakistani,"Sharjah, UAE",UAE,english,5.0,"Clear communication, honest pricing. E-challan cleared from Sharjah by PakExcise. Very happy."
REV0134,service:e-challan,E-Challan,Amber Hussain,female,overseas-pakistani,"Riyadh, Saudi Arabia",Saudi Arabia,english-urdu-mix,4.9,PakExcise ne e-challan ki tension khatam kar di. Riyadh se sab manage ho gaya. Shukriya!
REV0135,service:e-challan,E-Challan,Qadeer Ahmad,male,overseas-pakistani,"Jeddah, Saudi Arabia",Saudi Arabia,english,4.6,E-challan portal never works for me. PakExcise sorted it from Jeddah in hours. Excellent.
REV0136,service:e-challan,E-Challan,Rehan Butt,male,overseas-pakistani,"Dammam, Saudi Arabia",Saudi Arabia,english-urdu-mix,4.8,Bahar se e-challan impossible lagta tha clear karna. PakExcise ne asaan kar diya. Shukriya!
REV0137,service:e-challan,E-Challan,Sardar Imran,male,overseas-pakistani,"London, UK",UK,english,4.5,Old e-challans cleared from London through PakExcise. Didn't even know they existed. Fast and reliable.
REV0138,service:e-challan,E-Challan,Tahir Pirzada,male,overseas-pakistani,"Manchester, UK",UK,english-urdu-mix,4.9,E-challan ka pata hi nahi tha — PakExcise ne dhundha aur clear karwaya. Kamaal!
REV0139,service:e-challan,E-Challan,Bushra Tariq,female,overseas-pakistani,"Birmingham, UK",UK,english,4.8,Living in Birmingham — couldn't deal with Pakistan's challan portal. PakExcise handled it smoothly.
REV0140,service:e-challan,E-Challan,Usman Bhatti,male,overseas-pakistani,"New York, USA",USA,english-urdu-mix,4.7,Rishtedaron ko nahi pakarna tha. PakExcise ne e-challan khud clear kar diya. Trustworthy.
REV0141,service:e-challan,E-Challan,Waseem Zahid,male,overseas-pakistani,"Houston, USA",USA,english,4.9,Challan issue resolved in 2 days from Houston. PakExcise communicated every step on WhatsApp.
REV0142,service:e-challan,E-Challan,Yasir Gulzar,male,overseas-pakistani,"Chicago, USA",USA,english-urdu-mix,5.0,"WhatsApp pe update mila, e-challan time pe clear. PakExcise honest aur fast hai."
REV0143,service:e-challan,E-Challan,Zahoor Ahmed,male,overseas-pakistani,"Kuwait City, Kuwait",Kuwait,english,4.8,"From Kuwait City, got e-challan sorted by PakExcise without any hassle. Recommended to all expats."
REV0144,service:e-challan,E-Challan,Dua Farooq,female,overseas-pakistani,"Istanbul, Turkey",Turkey,english-urdu-mix,5.0,PakExcise ne e-challan ki tension khatam kar di. Istanbul se sab manage ho gaya. Shukriya!
REV0145,service:e-challan,E-Challan,Asad Minhas,male,overseas-pakistani,"Ankara, Turkey",Turkey,english,5.0,"Clear communication, honest pricing. E-challan cleared from Ankara by PakExcise. Very happy."
REV0146,service:e-challan,E-Challan,Burhan Khalid,male,overseas-pakistani,"Doha, Qatar",Qatar,english-urdu-mix,4.8,Bahar se e-challan impossible lagta tha clear karna. PakExcise ne asaan kar diya. Shukriya!
REV0147,service:e-challan,E-Challan,Dilnawaz Rao,male,overseas-pakistani,"Singapore, Singapore",Singapore,english,4.9,E-challan portal never works for me. PakExcise sorted it from Singapore in hours. Excellent.
REV0148,service:e-challan,E-Challan,Farrukh Toor,male,overseas-pakistani,"Beijing, China",China,english-urdu-mix,4.7,E-challan ka pata hi nahi tha — PakExcise ne dhundha aur clear karwaya. Kamaal!
REV0149,service:e-challan,E-Challan,Esha Raza,female,overseas-pakistani,"Shanghai, China",China,english,4.7,Old e-challans cleared from Shanghai through PakExcise. Didn't even know they existed. Fast and reliable.
REV0150,service:e-challan,E-Challan,Ghazanfar Ali,male,overseas-pakistani,"Muscat, Oman",Oman,english-urdu-mix,5.0,Rishtedaron ko nahi pakarna tha. PakExcise ne e-challan khud clear kar diya. Trustworthy.
REV0151,service:learner-license,Learner's License,Ghulam Haider,male,local,Pakistan,Pakistan,pakistani-english,4.8,First time applying for learner permit — had no idea about requirements. PakExcise made it easy.
REV0152,service:learner-license,Learner's License,Haseeb Nawaz,male,local,Pakistan,Pakistan,pakistani-english,4.6,Learner license done in days. PakExcise told me exactly which documents and what medical was needed.
REV0153,service:learner-license,Learner's License,Irshad Pasha,male,local,Pakistan,Pakistan,pakistani-english,5.0,"My son's learner license sorted through PakExcise. Clear guidance, no office visits needed."
REV0154,service:learner-license,Learner's License,Jalal ud Din,male,local,Pakistan,Pakistan,english-urdu-mix,5.0,Beta pehli dafa license le raha tha. PakExcise ne poori guidance di. Bilkul smooth raha.
REV0155,service:learner-license,Learner's License,Rabia Hussain,female,local,Pakistan,Pakistan,english-urdu-mix,4.9,Learner license ke liye process ka pata nahi tha. PakExcise ne step by step guide kiya. Kamaal!
REV0156,service:learner-license,Learner's License,Habib Malik,male,overseas-pakistani,"Dubai, UAE",UAE,english,4.8,Learner license done remotely from Dubai. PakExcise is the best for overseas Pakistanis.
REV0157,service:learner-license,Learner's License,Imran Gul,male,overseas-pakistani,"Abu Dhabi, UAE",UAE,english-urdu-mix,4.9,Abu Dhabi mein hoon lekin learner license PakExcise ne karwa di. Koi tension nahi.
REV0158,service:learner-license,Learner's License,Jamshed Khattak,male,overseas-pakistani,"Sharjah, UAE",UAE,english,4.6,PakExcise saved relatives from running around. Learner license sorted from Sharjah.
REV0159,service:learner-license,Learner's License,Fiza Shah,female,overseas-pakistani,"Riyadh, Saudi Arabia",Saudi Arabia,english-urdu-mix,5.0,"Riyadh se contact kiya, learner license ho gayi jaldi. PakExcise kamaal hai!"
REV0160,service:learner-license,Learner's License,Kaleem Ullah,male,overseas-pakistani,"Jeddah, Saudi Arabia",Saudi Arabia,english,4.5,Been using PakExcise from Jeddah for various services. Learner license was equally smooth.
REV0161,service:learner-license,Learner's License,Umar Saeed,male,overseas-pakistani,"Dammam, Saudi Arabia",Saudi Arabia,english-urdu-mix,5.0,Dammam mein 7 saal se hoon. PakExcise pe trust hai sab vehicle kaam ke liye.
REV0162,service:learner-license,Learner's License,Babar Zaman,male,overseas-pakistani,"London, UK",UK,english,4.8,"From London, arranged learner license in Pakistan via PakExcise. Smooth and fast."
REV0163,service:learner-license,Learner's License,Aamir Naseem,male,overseas-pakistani,"Manchester, UK",UK,english-urdu-mix,4.5,Manchester se learner license remotely ho gayi. Perfect service for overseas Pakistanis.
REV0164,service:learner-license,Learner's License,Huma Iqbal,female,overseas-pakistani,"Birmingham, UK",UK,english,4.9,Couldn't manage learner license process from Birmingham. PakExcise sorted it completely.
REV0165,service:learner-license,Learner's License,Talal Pervaiz,male,overseas-pakistani,"New York, USA",USA,english-urdu-mix,4.8,New York se learner license karwani thi. PakExcise ne asaan kar diya. Bilkul smooth rahi.
REV0166,service:learner-license,Learner's License,Saifullah Khan,male,overseas-pakistani,"Houston, USA",USA,english,4.7,No confusion about requirements. PakExcise guided and completed learner license from Houston.
REV0167,service:learner-license,Learner's License,Danish Cheema,male,overseas-pakistani,"Chicago, USA",USA,english-urdu-mix,4.7,Chicago mein hoon lekin learner license PakExcise ne karwa di. Koi tension nahi.
REV0168,service:learner-license,Learner's License,Qasim Butt,male,overseas-pakistani,"Kuwait City, Kuwait",Kuwait,english,4.9,Learner license done remotely from Kuwait City. PakExcise is the best for overseas Pakistanis.
REV0169,service:learner-license,Learner's License,Iqra Chaudhry,female,overseas-pakistani,"Istanbul, Turkey",Turkey,english-urdu-mix,5.0,"Istanbul se contact kiya, learner license ho gayi jaldi. PakExcise kamaal hai!"
REV0170,service:learner-license,Learner's License,Zubair Anwar,male,overseas-pakistani,"Ankara, Turkey",Turkey,english,4.8,PakExcise saved relatives from running around. Learner license sorted from Ankara.
REV0171,service:learner-license,Learner's License,Haroon Maqbool,male,overseas-pakistani,"Doha, Qatar",Qatar,english-urdu-mix,4.7,Doha mein 10 saal se hoon. PakExcise pe trust hai sab vehicle kaam ke liye.
REV0172,service:learner-license,Learner's License,Majid Awan,male,overseas-pakistani,"Singapore, Singapore",Singapore,english,5.0,Been using PakExcise from Singapore for various services. Learner license was equally smooth.
REV0173,service:learner-license,Learner's License,Nadir Sohail,male,overseas-pakistani,"Beijing, China",China,english-urdu-mix,5.0,Beijing se learner license remotely ho gayi. Perfect service for overseas Pakistanis.
REV0174,service:learner-license,Learner's License,Javeria Ahmad,female,overseas-pakistani,"Shanghai, China",China,english,4.9,"From Shanghai, arranged learner license in Pakistan via PakExcise. Smooth and fast."
REV0175,service:learner-license,Learner's License,Osama Rehman,male,overseas-pakistani,"Muscat, Oman",Oman,english-urdu-mix,4.9,Muscat se learner license karwani thi. PakExcise ne asaan kar diya. Bilkul smooth rahi.
REV0176,service:learner-license-punjab-ict,Learner License Punjab & ICT,Khawar Anwar,male,local,Pakistan,Pakistan,pakistani-english,4.9,Learner license done in days. PakExcise told me exactly which documents and what medical was needed.
REV0177,service:learner-license-punjab-ict,Learner License Punjab & ICT,Luqman Satti,male,local,Pakistan,Pakistan,pakistani-english,5.0,"My son's learner license sorted through PakExcise. Clear guidance, no office visits needed."
REV0178,service:learner-license-punjab-ict,Learner License Punjab & ICT,Muneer Waheed,male,local,Pakistan,Pakistan,pakistani-english,4.7,Applied myself first and got rejected. PakExcise identified the issue and got it done correctly.
REV0179,service:learner-license-punjab-ict,Learner License Punjab & ICT,Naseer Hameed,male,local,Pakistan,Pakistan,english-urdu-mix,4.9,Learner license reject ho gayi thi khud se. PakExcise ne masla pakda aur sahi karwaya. Wah!
REV0180,service:learner-license-punjab-ict,Learner License Punjab & ICT,Anum Tariq,female,local,Pakistan,Pakistan,english-urdu-mix,4.8,Pehli baar learner license apply ki. PakExcise ne sab aasaan kar diya. Bohat shukriya!
REV0181,service:learner-license-punjab-ict,Learner License Punjab & ICT,Parvez Malik,male,overseas-pakistani,"Dubai, UAE",UAE,english,4.7,"From Dubai, got learner license sorted via PakExcise. Fast, honest, professional."
REV0182,service:learner-license-punjab-ict,Learner License Punjab & ICT,Raza Haider,male,overseas-pakistani,"Abu Dhabi, UAE",UAE,english-urdu-mix,4.6,WhatsApp pe update mila. Learner license time pe aayi. Bohat acha experience tha.
REV0183,service:learner-license-punjab-ict,Learner License Punjab & ICT,Shahzad Gill,male,overseas-pakistani,"Sharjah, UAE",UAE,english,4.5,"Clear process, fair charges. Learner license from Sharjah via PakExcise. 5 stars."
REV0184,service:learner-license-punjab-ict,Learner License Punjab & ICT,Lubna Pervaiz,female,overseas-pakistani,"Riyadh, Saudi Arabia",Saudi Arabia,english-urdu-mix,4.8,PakExcise ne process ki mushkil khatam kar di. Learner license Riyadh se ho gayi!
REV0185,service:learner-license-punjab-ict,Learner License Punjab & ICT,Talib Hussain,male,overseas-pakistani,"Jeddah, Saudi Arabia",Saudi Arabia,english,4.6,Learner license for my child sorted from Jeddah through PakExcise. Professional and clear.
REV0186,service:learner-license-punjab-ict,Learner License Punjab & ICT,Usman Farooq,male,overseas-pakistani,"Dammam, Saudi Arabia",Saudi Arabia,english-urdu-mix,4.9,Bahar se learner license apply karna mushkil lagta tha. PakExcise ne kar diya. Shukriya!
REV0187,service:learner-license-punjab-ict,Learner License Punjab & ICT,Wakeel Ahmad,male,overseas-pakistani,"London, UK",UK,english,4.7,Living in London — needed learner license for family member. PakExcise handled it remotely.
REV0188,service:learner-license-punjab-ict,Learner License Punjab & ICT,Yaseen Abbasi,male,overseas-pakistani,"Manchester, UK",UK,english-urdu-mix,5.0,Beta Pakistan mein tha. Manchester se PakExcise ko contact kiya — learner license ho gayi.
REV0189,service:learner-license-punjab-ict,Learner License Punjab & ICT,Misbah Karim,female,overseas-pakistani,"Birmingham, UK",UK,english,4.9,Learner license obtained through PakExcise from Birmingham. Updates on WhatsApp throughout.
REV0190,service:learner-license-punjab-ict,Learner License Punjab & ICT,Zain ul Abideen,male,overseas-pakistani,"New York, USA",USA,english-urdu-mix,4.5,Rishtedaron ko nahi pakarna tha. PakExcise ne learner license khud karwa di. Trusted.
REV0191,service:learner-license-punjab-ict,Learner License Punjab & ICT,Arshad Hafeez,male,overseas-pakistani,"Houston, USA",USA,english,5.0,Trusted PakExcise from Houston for learner license. Delivered on time. Highly recommend.
REV0192,service:learner-license-punjab-ict,Learner License Punjab & ICT,Bilal Zaidi,male,overseas-pakistani,"Chicago, USA",USA,english-urdu-mix,4.9,WhatsApp pe update mila. Learner license time pe aayi. Bohat acha experience tha.
REV0193,service:learner-license-punjab-ict,Learner License Punjab & ICT,Dawood Elahi,male,overseas-pakistani,"Kuwait City, Kuwait",Kuwait,english,4.9,"From Kuwait City, got learner license sorted via PakExcise. Fast, honest, professional."
REV0194,service:learner-license-punjab-ict,Learner License Punjab & ICT,Nosheen Ali,female,overseas-pakistani,"Istanbul, Turkey",Turkey,english-urdu-mix,4.8,PakExcise ne process ki mushkil khatam kar di. Learner license Istanbul se ho gayi!
REV0195,service:learner-license-punjab-ict,Learner License Punjab & ICT,Faizan Sheikh,male,overseas-pakistani,"Ankara, Turkey",Turkey,english,4.5,"Clear process, fair charges. Learner license from Ankara via PakExcise. 5 stars."
REV0196,service:learner-license-punjab-ict,Learner License Punjab & ICT,Hamza Mirza,male,overseas-pakistani,"Doha, Qatar",Qatar,english-urdu-mix,5.0,Bahar se learner license apply karna mushkil lagta tha. PakExcise ne kar diya. Shukriya!
REV0197,service:learner-license-punjab-ict,Learner License Punjab & ICT,Iftikhar Ghazi,male,overseas-pakistani,"Singapore, Singapore",Singapore,english,4.5,Learner license for my child sorted from Singapore through PakExcise. Professional and clear.
REV0198,service:learner-license-punjab-ict,Learner License Punjab & ICT,Javed Warraich,male,overseas-pakistani,"Beijing, China",China,english-urdu-mix,5.0,Beta Pakistan mein tha. Beijing se PakExcise ko contact kiya — learner license ho gayi.
REV0199,service:learner-license-punjab-ict,Learner License Punjab & ICT,Sundas Khan,female,overseas-pakistani,"Shanghai, China",China,english,4.6,Living in Shanghai — needed learner license for family member. PakExcise handled it remotely.
REV0200,service:learner-license-punjab-ict,Learner License Punjab & ICT,Kashif Noor,male,overseas-pakistani,"Muscat, Oman",Oman,english-urdu-mix,5.0,Rishtedaron ko nahi pakarna tha. PakExcise ne learner license khud karwa di. Trusted.
REV0201,service:new-vehicle-registration,New Vehicle Registration,Owais Ashraf,male,local,Pakistan,Pakistan,pakistani-english,5.0,Very professional team. New vehicle registration completed on time. No unnecessary delays.
REV0202,service:new-vehicle-registration,New Vehicle Registration,Pervez Rashid,male,local,Pakistan,Pakistan,pakistani-english,4.6,Tried on my own first — got confused at every step. PakExcise sorted it in one go.
REV0203,service:new-vehicle-registration,New Vehicle Registration,Qaisar Jamil,male,local,Pakistan,Pakistan,pakistani-english,4.9,Honest and transparent. Registration done exactly as quoted. Will use PakExcise again.
REV0204,service:new-vehicle-registration,New Vehicle Registration,Ramzan Sohail,male,local,Pakistan,Pakistan,english-urdu-mix,4.6,"Nai gaari ki registration PakExcise ne ki. Koi chupaav nahi, koi delay nahi. 100% satisfied."
REV0205,service:new-vehicle-registration,New Vehicle Registration,Saima Chaudhry,female,local,Pakistan,Pakistan,english-urdu-mix,4.7,Registration ka process mushkil lag raha tha. PakExcise ne asaan kar diya. Bohat shukriya.
REV0206,service:new-vehicle-registration,New Vehicle Registration,Liyaqat Ali,male,overseas-pakistani,"Dubai, UAE",UAE,english,5.0,"Fair charges, professional service. New registration done from Dubai."
REV0207,service:new-vehicle-registration,New Vehicle Registration,Mohsin Tariq,male,overseas-pakistani,"Abu Dhabi, UAE",UAE,english-urdu-mix,5.0,Abu Dhabi mein hoon lekin gaari register PakExcise ne kar di. Koi tension nahi rahi.
REV0208,service:new-vehicle-registration,New Vehicle Registration,Nadeem Aslam,male,overseas-pakistani,"Sharjah, UAE",UAE,english,4.8,Best service for expats. New vehicle registration from Sharjah via PakExcise. Smooth.
REV0209,service:new-vehicle-registration,New Vehicle Registration,Fareeha Malik,female,overseas-pakistani,"Riyadh, Saudi Arabia",Saudi Arabia,english-urdu-mix,4.8,"Riyadh se contact kiya, registration ho gayi. PakExcise really delivers. Recommend!"
REV0210,service:new-vehicle-registration,New Vehicle Registration,Omar Cheema,male,overseas-pakistani,"Jeddah, Saudi Arabia",Saudi Arabia,english,5.0,Living in Jeddah — bought a car in Pakistan and needed registration. PakExcise handled it fully.
REV0211,service:new-vehicle-registration,New Vehicle Registration,Pervaiz Sattar,male,overseas-pakistani,"Dammam, Saudi Arabia",Saudi Arabia,english-urdu-mix,4.8,Dammam mein 7 saal se hoon. PakExcise pe trust hai vehicle kaam ke liye. Hamesha theek.
REV0212,service:new-vehicle-registration,New Vehicle Registration,Qadeer Ahmad,male,overseas-pakistani,"London, UK",UK,english,4.9,Couldn't return from London for registration. PakExcise managed everything remotely.
REV0213,service:new-vehicle-registration,New Vehicle Registration,Rehan Butt,male,overseas-pakistani,"Manchester, UK",UK,english-urdu-mix,4.9,Manchester se nai gaari remotely register ho gayi. Perfect service for overseas Pakistanis.
REV0214,service:new-vehicle-registration,New Vehicle Registration,Rida Sheikh,female,overseas-pakistani,"Birmingham, UK",UK,english,4.8,WhatsApp updates throughout. New vehicle registration done from Birmingham by PakExcise.
REV0215,service:new-vehicle-registration,New Vehicle Registration,Sardar Imran,male,overseas-pakistani,"New York, USA",USA,english-urdu-mix,4.9,New York se nai gaari ki registration karwani thi. PakExcise ne kar diya. Bohat shukriya!
REV0216,service:new-vehicle-registration,New Vehicle Registration,Tahir Pirzada,male,overseas-pakistani,"Houston, USA",USA,english,4.7,Trusted PakExcise from Houston with new vehicle registration. Delivered on time. Excellent.
REV0217,service:new-vehicle-registration,New Vehicle Registration,Usman Bhatti,male,overseas-pakistani,"Chicago, USA",USA,english-urdu-mix,4.8,Chicago mein hoon lekin gaari register PakExcise ne kar di. Koi tension nahi rahi.
REV0218,service:new-vehicle-registration,New Vehicle Registration,Waseem Zahid,male,overseas-pakistani,"Kuwait City, Kuwait",Kuwait,english,5.0,"Fair charges, professional service. New registration done from Kuwait City."
REV0219,service:new-vehicle-registration,New Vehicle Registration,Sadia Rahman,female,overseas-pakistani,"Istanbul, Turkey",Turkey,english-urdu-mix,4.9,"Istanbul se contact kiya, registration ho gayi. PakExcise really delivers. Recommend!"
REV0220,service:new-vehicle-registration,New Vehicle Registration,Yasir Gulzar,male,overseas-pakistani,"Ankara, Turkey",Turkey,english,4.9,Best service for expats. New vehicle registration from Ankara via PakExcise. Smooth.
REV0221,service:new-vehicle-registration,New Vehicle Registration,Zahoor Ahmed,male,overseas-pakistani,"Doha, Qatar",Qatar,english-urdu-mix,5.0,Doha mein 10 saal se hoon. PakExcise pe trust hai vehicle kaam ke liye. Hamesha theek.
REV0222,service:new-vehicle-registration,New Vehicle Registration,Asad Minhas,male,overseas-pakistani,"Singapore, Singapore",Singapore,english,4.8,Living in Singapore — bought a car in Pakistan and needed registration. PakExcise handled it fully.
REV0223,service:new-vehicle-registration,New Vehicle Registration,Burhan Khalid,male,overseas-pakistani,"Beijing, China",China,english-urdu-mix,4.5,Beijing se nai gaari remotely register ho gayi. Perfect service for overseas Pakistanis.
REV0224,service:new-vehicle-registration,New Vehicle Registration,Aisha Pervaiz,female,overseas-pakistani,"Shanghai, China",China,english,4.5,Couldn't return from Shanghai for registration. PakExcise managed everything remotely.
REV0225,service:new-vehicle-registration,New Vehicle Registration,Dilnawaz Rao,male,overseas-pakistani,"Muscat, Oman",Oman,english-urdu-mix,4.9,Muscat se nai gaari ki registration karwani thi. PakExcise ne kar diya. Bohat shukriya!
REV0226,service:new-vehicle-registration-islamabad-ict,New Vehicle Registration Islamabad ICT,Sajjad Asghar,male,local,Pakistan,Pakistan,pakistani-english,4.5,Tried on my own first — got confused at every step. PakExcise sorted it in one go.
REV0227,service:new-vehicle-registration-islamabad-ict,New Vehicle Registration Islamabad ICT,Tufail Warraich,male,local,Pakistan,Pakistan,pakistani-english,4.9,Honest and transparent. Registration done exactly as quoted. Will use PakExcise again.
REV0228,service:new-vehicle-registration-islamabad-ict,New Vehicle Registration Islamabad ICT,Umair Hayat,male,local,Pakistan,Pakistan,pakistani-english,4.9,"New car registration done through PakExcise. Clear guidance, no hidden charges, number plate on time."
REV0229,service:new-vehicle-registration-islamabad-ict,New Vehicle Registration Islamabad ICT,Wasiq Chishti,male,local,Pakistan,Pakistan,english-urdu-mix,5.0,Naya motorcycle khareedha — registration ka pata nahi tha bilkul. PakExcise ne sab kar diya!
REV0230,service:new-vehicle-registration-islamabad-ict,New Vehicle Registration Islamabad ICT,Faiza Ahmad,female,local,Pakistan,Pakistan,english-urdu-mix,4.8,Gaari register karwani thi. PakExcise ne step by step guide kiya. Number plate bhi time pe aayi.
REV0231,service:new-vehicle-registration-islamabad-ict,New Vehicle Registration Islamabad ICT,Farrukh Toor,male,overseas-pakistani,"Dubai, UAE",UAE,english,4.9,PakExcise saved me a trip from Dubai. New vehicle registered. Highly recommended.
REV0232,service:new-vehicle-registration-islamabad-ict,New Vehicle Registration Islamabad ICT,Ghazanfar Ali,male,overseas-pakistani,"Abu Dhabi, UAE",UAE,english-urdu-mix,4.6,WhatsApp pe sab update mila. Registration time pe ho gayi. Bohat acha experience.
REV0233,service:new-vehicle-registration-islamabad-ict,New Vehicle Registration Islamabad ICT,Habib Malik,male,overseas-pakistani,"Sharjah, UAE",UAE,english,4.8,"New vehicle registration done from Sharjah via PakExcise. Honest team, zero hidden charges."
REV0234,service:new-vehicle-registration-islamabad-ict,New Vehicle Registration Islamabad ICT,Rukhsar Ahmed,female,overseas-pakistani,"Riyadh, Saudi Arabia",Saudi Arabia,english-urdu-mix,4.9,PakExcise ne Pakistan aane ki zaroorat khatam kar di. Registration Riyadh se ho gayi!
REV0235,service:new-vehicle-registration-islamabad-ict,New Vehicle Registration Islamabad ICT,Imran Gul,male,overseas-pakistani,"Jeddah, Saudi Arabia",Saudi Arabia,english,4.8,"From Jeddah, new vehicle registration sorted by PakExcise. Got number plate on time."
REV0236,service:new-vehicle-registration-islamabad-ict,New Vehicle Registration Islamabad ICT,Jamshed Khattak,male,overseas-pakistani,"Dammam, Saudi Arabia",Saudi Arabia,english-urdu-mix,4.5,Bahar se registration impossible lagti thi. PakExcise ne asaan kar diya. Kamaal!
REV0237,service:new-vehicle-registration-islamabad-ict,New Vehicle Registration Islamabad ICT,Kaleem Ullah,male,overseas-pakistani,"London, UK",UK,english,5.0,New registration in Pakistan managed from London through PakExcise. Fast and professional.
REV0238,service:new-vehicle-registration-islamabad-ict,New Vehicle Registration Islamabad ICT,Umar Saeed,male,overseas-pakistani,"Manchester, UK",UK,english-urdu-mix,4.8,Rishtedaron ko nahi pakarna tha. PakExcise ne registration khud kar di. Trusted!
REV0239,service:new-vehicle-registration-islamabad-ict,New Vehicle Registration Islamabad ICT,Zainab Hussain,female,overseas-pakistani,"Birmingham, UK",UK,english,4.8,No relatives needed. New vehicle registration sorted from Birmingham by PakExcise. 5 stars.
REV0240,service:new-vehicle-registration-islamabad-ict,New Vehicle Registration Islamabad ICT,Babar Zaman,male,overseas-pakistani,"New York, USA",USA,english-urdu-mix,4.8,Number plate bhi time pe aayi. PakExcise ne registration bilkul smooth ki. New York se.
REV0241,service:new-vehicle-registration-islamabad-ict,New Vehicle Registration Islamabad ICT,Aamir Naseem,male,overseas-pakistani,"Houston, USA",USA,english,4.8,From Houston to registered vehicle — PakExcise made it completely hassle-free.
REV0242,service:new-vehicle-registration-islamabad-ict,New Vehicle Registration Islamabad ICT,Talal Pervaiz,male,overseas-pakistani,"Chicago, USA",USA,english-urdu-mix,4.7,WhatsApp pe sab update mila. Registration time pe ho gayi. Bohat acha experience.
REV0243,service:new-vehicle-registration-islamabad-ict,New Vehicle Registration Islamabad ICT,Saifullah Khan,male,overseas-pakistani,"Kuwait City, Kuwait",Kuwait,english,4.8,PakExcise saved me a trip from Kuwait City. New vehicle registered. Highly recommended.
REV0244,service:new-vehicle-registration-islamabad-ict,New Vehicle Registration Islamabad ICT,Nadia Baig,female,overseas-pakistani,"Istanbul, Turkey",Turkey,english-urdu-mix,4.6,PakExcise ne Pakistan aane ki zaroorat khatam kar di. Registration Istanbul se ho gayi!
REV0245,service:new-vehicle-registration-islamabad-ict,New Vehicle Registration Islamabad ICT,Danish Cheema,male,overseas-pakistani,"Ankara, Turkey",Turkey,english,4.8,"New vehicle registration done from Ankara via PakExcise. Honest team, zero hidden charges."
REV0246,service:new-vehicle-registration-islamabad-ict,New Vehicle Registration Islamabad ICT,Qasim Butt,male,overseas-pakistani,"Doha, Qatar",Qatar,english-urdu-mix,4.9,Bahar se registration impossible lagti thi. PakExcise ne asaan kar diya. Kamaal!
REV0247,service:new-vehicle-registration-islamabad-ict,New Vehicle Registration Islamabad ICT,Zubair Anwar,male,overseas-pakistani,"Singapore, Singapore",Singapore,english,4.8,"From Singapore, new vehicle registration sorted by PakExcise. Got number plate on time."
REV0248,service:new-vehicle-registration-islamabad-ict,New Vehicle Registration Islamabad ICT,Haroon Maqbool,male,overseas-pakistani,"Beijing, China",China,english-urdu-mix,4.8,Rishtedaron ko nahi pakarna tha. PakExcise ne registration khud kar di. Trusted!
REV0249,service:new-vehicle-registration-islamabad-ict,New Vehicle Registration Islamabad ICT,Kiran Bhatti,female,overseas-pakistani,"Shanghai, China",China,english,4.6,New registration in Pakistan managed from Shanghai through PakExcise. Fast and professional.
REV0250,service:new-vehicle-registration-islamabad-ict,New Vehicle Registration Islamabad ICT,Majid Awan,male,overseas-pakistani,"Muscat, Oman",Oman,english-urdu-mix,4.6,Number plate bhi time pe aayi. PakExcise ne registration bilkul smooth ki. Muscat se.
REV0251,service:new-vehicle-registration-punjab,New Vehicle Registration Punjab,Yousuf Pirzada,male,local,Pakistan,Pakistan,pakistani-english,4.8,Honest and transparent. Registration done exactly as quoted. Will use PakExcise again.
REV0252,service:new-vehicle-registration-punjab,New Vehicle Registration Punjab,Zaheer Babar,male,local,Pakistan,Pakistan,pakistani-english,5.0,"New car registration done through PakExcise. Clear guidance, no hidden charges, number plate on time."
REV0253,service:new-vehicle-registration-punjab,New Vehicle Registration Punjab,Amir Jatt,male,local,Pakistan,Pakistan,pakistani-english,4.8,Bought a new motorcycle — had no idea about registration. PakExcise handled everything perfectly.
REV0254,service:new-vehicle-registration-punjab,New Vehicle Registration Punjab,Baqar Rizvi,male,local,Pakistan,Pakistan,english-urdu-mix,4.8,Registration ka process mushkil lag raha tha. PakExcise ne asaan kar diya. Bohat shukriya.
REV0255,service:new-vehicle-registration-punjab,New Vehicle Registration Punjab,Maryam Baig,female,local,Pakistan,Pakistan,english-urdu-mix,4.7,"Nai gaari ki registration PakExcise ne ki. Koi chupaav nahi, koi delay nahi. 100% satisfied."
REV0256,service:new-vehicle-registration-punjab,New Vehicle Registration Punjab,Nadir Sohail,male,overseas-pakistani,"Dubai, UAE",UAE,english,4.9,Best service for expats. New vehicle registration from Dubai via PakExcise. Smooth.
REV0257,service:new-vehicle-registration-punjab,New Vehicle Registration Punjab,Osama Rehman,male,overseas-pakistani,"Abu Dhabi, UAE",UAE,english-urdu-mix,4.8,Abu Dhabi mein hoon lekin gaari register PakExcise ne kar di. Koi tension nahi rahi.
REV0258,service:new-vehicle-registration-punjab,New Vehicle Registration Punjab,Parvez Malik,male,overseas-pakistani,"Sharjah, UAE",UAE,english,4.6,Living in Sharjah — bought a car in Pakistan and needed registration. PakExcise handled it fully.
REV0259,service:new-vehicle-registration-punjab,New Vehicle Registration Punjab,Amber Hussain,female,overseas-pakistani,"Riyadh, Saudi Arabia",Saudi Arabia,english-urdu-mix,4.8,"Riyadh se contact kiya, registration ho gayi. PakExcise really delivers. Recommend!"
REV0260,service:new-vehicle-registration-punjab,New Vehicle Registration Punjab,Raza Haider,male,overseas-pakistani,"Jeddah, Saudi Arabia",Saudi Arabia,english,4.8,Couldn't return from Jeddah for registration. PakExcise managed everything remotely.
REV0261,service:new-vehicle-registration-punjab,New Vehicle Registration Punjab,Shahzad Gill,male,overseas-pakistani,"Dammam, Saudi Arabia",Saudi Arabia,english-urdu-mix,4.9,Dammam mein 7 saal se hoon. PakExcise pe trust hai vehicle kaam ke liye. Hamesha theek.
REV0262,service:new-vehicle-registration-punjab,New Vehicle Registration Punjab,Talib Hussain,male,overseas-pakistani,"London, UK",UK,english,4.8,WhatsApp updates throughout. New vehicle registration done from London by PakExcise.
REV0263,service:new-vehicle-registration-punjab,New Vehicle Registration Punjab,Usman Farooq,male,overseas-pakistani,"Manchester, UK",UK,english-urdu-mix,4.5,Manchester se nai gaari remotely register ho gayi. Perfect service for overseas Pakistanis.
REV0264,service:new-vehicle-registration-punjab,New Vehicle Registration Punjab,Bushra Tariq,female,overseas-pakistani,"Birmingham, UK",UK,english,4.9,Trusted PakExcise from Birmingham with new vehicle registration. Delivered on time. Excellent.
REV0265,service:new-vehicle-registration-punjab,New Vehicle Registration Punjab,Wakeel Ahmad,male,overseas-pakistani,"New York, USA",USA,english-urdu-mix,5.0,New York se nai gaari ki registration karwani thi. PakExcise ne kar diya. Bohat shukriya!
REV0266,service:new-vehicle-registration-punjab,New Vehicle Registration Punjab,Yaseen Abbasi,male,overseas-pakistani,"Houston, USA",USA,english,4.8,"Fair charges, professional service. New registration done from Houston."
REV0267,service:new-vehicle-registration-punjab,New Vehicle Registration Punjab,Zain ul Abideen,male,overseas-pakistani,"Chicago, USA",USA,english-urdu-mix,4.6,Chicago mein hoon lekin gaari register PakExcise ne kar di. Koi tension nahi rahi.
REV0268,service:new-vehicle-registration-punjab,New Vehicle Registration Punjab,Arshad Hafeez,male,overseas-pakistani,"Kuwait City, Kuwait",Kuwait,english,4.6,Best service for expats. New vehicle registration from Kuwait City via PakExcise. Smooth.
REV0269,service:new-vehicle-registration-punjab,New Vehicle Registration Punjab,Dua Farooq,female,overseas-pakistani,"Istanbul, Turkey",Turkey,english-urdu-mix,5.0,"Istanbul se contact kiya, registration ho gayi. PakExcise really delivers. Recommend!"
REV0270,service:new-vehicle-registration-punjab,New Vehicle Registration Punjab,Bilal Zaidi,male,overseas-pakistani,"Ankara, Turkey",Turkey,english,4.6,Living in Ankara — bought a car in Pakistan and needed registration. PakExcise handled it fully.
REV0271,service:new-vehicle-registration-punjab,New Vehicle Registration Punjab,Dawood Elahi,male,overseas-pakistani,"Doha, Qatar",Qatar,english-urdu-mix,4.8,Doha mein 10 saal se hoon. PakExcise pe trust hai vehicle kaam ke liye. Hamesha theek.
REV0272,service:new-vehicle-registration-punjab,New Vehicle Registration Punjab,Faizan Sheikh,male,overseas-pakistani,"Singapore, Singapore",Singapore,english,4.9,Couldn't return from Singapore for registration. PakExcise managed everything remotely.
REV0273,service:new-vehicle-registration-punjab,New Vehicle Registration Punjab,Hamza Mirza,male,overseas-pakistani,"Beijing, China",China,english-urdu-mix,5.0,Beijing se nai gaari remotely register ho gayi. Perfect service for overseas Pakistanis.
REV0274,service:new-vehicle-registration-punjab,New Vehicle Registration Punjab,Esha Raza,female,overseas-pakistani,"Shanghai, China",China,english,4.9,WhatsApp updates throughout. New vehicle registration done from Shanghai by PakExcise.
REV0275,service:new-vehicle-registration-punjab,New Vehicle Registration Punjab,Iftikhar Ghazi,male,overseas-pakistani,"Muscat, Oman",Oman,english-urdu-mix,4.9,Muscat se nai gaari ki registration karwani thi. PakExcise ne kar diya. Bohat shukriya!
REV0276,service:route-permit,Route Permit,Daniyal Abbasi,male,local,Pakistan,Pakistan,pakistani-english,5.0,Route permit renewal for my commercial van sorted by PakExcise. No unnecessary trips to office.
REV0277,service:route-permit,Route Permit,Ehsan Burki,male,local,Pakistan,Pakistan,pakistani-english,5.0,Had been struggling with route permit for weeks. PakExcise sorted it in days. Very impressed.
REV0278,service:route-permit,Route Permit,Feroze Syed,male,local,Pakistan,Pakistan,pakistani-english,4.8,PakExcise knows the complete route permit process. First-time correct submission. No rejection.
REV0279,service:route-permit,Route Permit,Ghulam Rasool,male,local,Pakistan,Pakistan,english-urdu-mix,5.0,Route permit ka masla tha kafi dino se. PakExcise ne ek hi dafa mein resolve kar diya.
REV0280,service:route-permit,Route Permit,Zara Siddiqui,female,local,Pakistan,Pakistan,english-urdu-mix,5.0,Route permit renewal mushkil tha — PakExcise ne bilkul smooth kar diya. Bohat shukriya!
REV0281,service:route-permit,Route Permit,Javed Warraich,male,overseas-pakistani,"Dubai, UAE",UAE,english,5.0,Route permit for Pakistan vehicle sorted from Dubai through PakExcise. Reliable and fast.
REV0282,service:route-permit,Route Permit,Kashif Noor,male,overseas-pakistani,"Abu Dhabi, UAE",UAE,english-urdu-mix,4.7,WhatsApp pe update mila. Route permit time pe. Bohat acha experience tha.
REV0283,service:route-permit,Route Permit,Liyaqat Ali,male,overseas-pakistani,"Sharjah, UAE",UAE,english,4.8,Route permit renewed from Sharjah via PakExcise. Updates on WhatsApp throughout.
REV0284,service:route-permit,Route Permit,Fiza Shah,female,overseas-pakistani,"Riyadh, Saudi Arabia",Saudi Arabia,english-urdu-mix,5.0,PakExcise ne waapis aane ki zaroorat khatam kar di. Route permit Riyadh se ho gayi!
REV0285,service:route-permit,Route Permit,Mohsin Tariq,male,overseas-pakistani,"Jeddah, Saudi Arabia",Saudi Arabia,english,4.9,Route permit was expiring. PakExcise sorted it from Jeddah without any delay.
REV0286,service:route-permit,Route Permit,Nadeem Aslam,male,overseas-pakistani,"Dammam, Saudi Arabia",Saudi Arabia,english-urdu-mix,4.5,Bahar se route permit mushkil tha. PakExcise ne asaan kar diya. Shukriya!
REV0287,service:route-permit,Route Permit,Omar Cheema,male,overseas-pakistani,"London, UK",UK,english,4.9,No relatives involved. Route permit sorted from London by PakExcise. 5 stars.
REV0288,service:route-permit,Route Permit,Pervaiz Sattar,male,overseas-pakistani,"Manchester, UK",UK,english-urdu-mix,4.7,Rishtedaron ko nahi pakarna tha. PakExcise ne route permit khud kar di. Trusted.
REV0289,service:route-permit,Route Permit,Huma Iqbal,female,overseas-pakistani,"Birmingham, UK",UK,english,4.7,"Fair charges, expert team. Route permit done from Birmingham without any issues."
REV0290,service:route-permit,Route Permit,Qadeer Ahmad,male,overseas-pakistani,"New York, USA",USA,english-urdu-mix,4.6,Van ka route permit bahar se karna tha. PakExcise ne foran handle kiya. Wah!
REV0291,service:route-permit,Route Permit,Rehan Butt,male,overseas-pakistani,"Houston, USA",USA,english,5.0,Best for overseas Pakistanis with commercial vehicles. Route permit from Houston.
REV0292,service:route-permit,Route Permit,Sardar Imran,male,overseas-pakistani,"Chicago, USA",USA,english-urdu-mix,4.8,WhatsApp pe update mila. Route permit time pe. Bohat acha experience tha.
REV0293,service:route-permit,Route Permit,Tahir Pirzada,male,overseas-pakistani,"Kuwait City, Kuwait",Kuwait,english,4.8,Route permit for Pakistan vehicle sorted from Kuwait City through PakExcise. Reliable and fast.
REV0294,service:route-permit,Route Permit,Iqra Chaudhry,female,overseas-pakistani,"Istanbul, Turkey",Turkey,english-urdu-mix,4.7,PakExcise ne waapis aane ki zaroorat khatam kar di. Route permit Istanbul se ho gayi!
REV0295,service:route-permit,Route Permit,Usman Bhatti,male,overseas-pakistani,"Ankara, Turkey",Turkey,english,4.9,Route permit renewed from Ankara via PakExcise. Updates on WhatsApp throughout.
REV0296,service:route-permit,Route Permit,Waseem Zahid,male,overseas-pakistani,"Doha, Qatar",Qatar,english-urdu-mix,4.8,Bahar se route permit mushkil tha. PakExcise ne asaan kar diya. Shukriya!
REV0297,service:route-permit,Route Permit,Yasir Gulzar,male,overseas-pakistani,"Singapore, Singapore",Singapore,english,5.0,Route permit was expiring. PakExcise sorted it from Singapore without any delay.
REV0298,service:route-permit,Route Permit,Zahoor Ahmed,male,overseas-pakistani,"Beijing, China",China,english-urdu-mix,5.0,Rishtedaron ko nahi pakarna tha. PakExcise ne route permit khud kar di. Trusted.
REV0299,service:route-permit,Route Permit,Javeria Ahmad,female,overseas-pakistani,"Shanghai, China",China,english,4.9,No relatives involved. Route permit sorted from Shanghai by PakExcise. 5 stars.
REV0300,service:route-permit,Route Permit,Asad Minhas,male,overseas-pakistani,"Muscat, Oman",Oman,english-urdu-mix,5.0,Van ka route permit bahar se karna tha. PakExcise ne foran handle kiya. Wah!
REV0301,service:route-permit-duplicate,Route Permit Duplicate,Habib ur Rehman,male,local,Pakistan,Pakistan,pakistani-english,4.6,Route permit got damaged badly. PakExcise got a fresh duplicate without any hassle.
REV0302,service:route-permit-duplicate,Route Permit Duplicate,Idrees Anwar,male,local,Pakistan,Pakistan,pakistani-english,4.6,Driver lost our delivery vehicle's route permit. PakExcise resolved it professionally.
REV0303,service:route-permit-duplicate,Route Permit Duplicate,Jamshed Baloch,male,local,Pakistan,Pakistan,pakistani-english,5.0,Needed duplicate route permit urgently. PakExcise understood and fast-tracked it. Life saver.
REV0304,service:route-permit-duplicate,Route Permit Duplicate,Khalid Laghari,male,local,Pakistan,Pakistan,english-urdu-mix,4.8,Route permit gum ho gaya tha. Bohat fikr ho rahi thi. PakExcise ne jaldi duplicate karwaya.
REV0305,service:route-permit-duplicate,Route Permit Duplicate,Asma Latif,female,local,Pakistan,Pakistan,english-urdu-mix,4.7,Driver ne permit kho diya. PakExcise ne professional andaaz se resolve kiya. Trusted.
REV0306,service:route-permit-duplicate,Route Permit Duplicate,Burhan Khalid,male,overseas-pakistani,"Dubai, UAE",UAE,english,5.0,Route permit went missing. PakExcise obtained duplicate from Dubai remotely. Reliable.
REV0307,service:route-permit-duplicate,Route Permit Duplicate,Dilnawaz Rao,male,overseas-pakistani,"Abu Dhabi, UAE",UAE,english-urdu-mix,4.6,Abu Dhabi mein hoon lekin route permit gum thi. PakExcise ne duplicate karwai. Trusted.
REV0308,service:route-permit-duplicate,Route Permit Duplicate,Farrukh Toor,male,overseas-pakistani,"Sharjah, UAE",UAE,english,5.0,Duplicate route permit sorted from Sharjah by PakExcise. No unnecessary delays.
REV0309,service:route-permit-duplicate,Route Permit Duplicate,Lubna Pervaiz,female,overseas-pakistani,"Riyadh, Saudi Arabia",Saudi Arabia,english-urdu-mix,5.0,"Riyadh se contact kiya, duplicate route permit ho gayi. PakExcise delivers!"
REV0310,service:route-permit-duplicate,Route Permit Duplicate,Ghazanfar Ali,male,overseas-pakistani,"Jeddah, Saudi Arabia",Saudi Arabia,english,4.8,Trusted PakExcise from Jeddah for duplicate route permit. Delivered fast. 5 stars.
REV0311,service:route-permit-duplicate,Route Permit Duplicate,Habib Malik,male,overseas-pakistani,"Dammam, Saudi Arabia",Saudi Arabia,english-urdu-mix,5.0,Dammam mein 7 saal se hoon. PakExcise pe trust hai vehicle kaam ke liye.
REV0312,service:route-permit-duplicate,Route Permit Duplicate,Imran Gul,male,overseas-pakistani,"London, UK",UK,english,4.9,"From London, duplicate route permit sorted via PakExcise. Very professional team."
REV0313,service:route-permit-duplicate,Route Permit Duplicate,Jamshed Khattak,male,overseas-pakistani,"Manchester, UK",UK,english-urdu-mix,5.0,Manchester se duplicate route permit remotely ho gayi. Perfect service.
REV0314,service:route-permit-duplicate,Route Permit Duplicate,Misbah Karim,female,overseas-pakistani,"Birmingham, UK",UK,english,5.0,PakExcise saved the day from Birmingham. Lost route permit — duplicate obtained. Excellent.
REV0315,service:route-permit-duplicate,Route Permit Duplicate,Kaleem Ullah,male,overseas-pakistani,"New York, USA",USA,english-urdu-mix,4.9,New York se duplicate route permit karwani thi. PakExcise ne kar diya. Bohat shukriya!
REV0316,service:route-permit-duplicate,Route Permit Duplicate,Umar Saeed,male,overseas-pakistani,"Houston, USA",USA,english,4.7,Been using PakExcise from Houston — duplicate route permit sorted as expected.
REV0317,service:route-permit-duplicate,Route Permit Duplicate,Babar Zaman,male,overseas-pakistani,"Chicago, USA",USA,english-urdu-mix,4.6,Chicago mein hoon lekin route permit gum thi. PakExcise ne duplicate karwai. Trusted.
REV0318,service:route-permit-duplicate,Route Permit Duplicate,Aamir Naseem,male,overseas-pakistani,"Kuwait City, Kuwait",Kuwait,english,5.0,Route permit went missing. PakExcise obtained duplicate from Kuwait City remotely. Reliable.
REV0319,service:route-permit-duplicate,Route Permit Duplicate,Nosheen Ali,female,overseas-pakistani,"Istanbul, Turkey",Turkey,english-urdu-mix,4.6,"Istanbul se contact kiya, duplicate route permit ho gayi. PakExcise delivers!"
REV0320,service:route-permit-duplicate,Route Permit Duplicate,Talal Pervaiz,male,overseas-pakistani,"Ankara, Turkey",Turkey,english,5.0,Duplicate route permit sorted from Ankara by PakExcise. No unnecessary delays.
REV0321,service:route-permit-duplicate,Route Permit Duplicate,Saifullah Khan,male,overseas-pakistani,"Doha, Qatar",Qatar,english-urdu-mix,4.7,Doha mein 10 saal se hoon. PakExcise pe trust hai vehicle kaam ke liye.
REV0322,service:route-permit-duplicate,Route Permit Duplicate,Danish Cheema,male,overseas-pakistani,"Singapore, Singapore",Singapore,english,4.8,Trusted PakExcise from Singapore for duplicate route permit. Delivered fast. 5 stars.
REV0323,service:route-permit-duplicate,Route Permit Duplicate,Qasim Butt,male,overseas-pakistani,"Beijing, China",China,english-urdu-mix,4.7,Beijing se duplicate route permit remotely ho gayi. Perfect service.
REV0324,service:route-permit-duplicate,Route Permit Duplicate,Sundas Khan,female,overseas-pakistani,"Shanghai, China",China,english,5.0,"From Shanghai, duplicate route permit sorted via PakExcise. Very professional team."
REV0325,service:route-permit-duplicate,Route Permit Duplicate,Zubair Anwar,male,overseas-pakistani,"Muscat, Oman",Oman,english-urdu-mix,4.9,Muscat se duplicate route permit karwani thi. PakExcise ne kar diya. Bohat shukriya!
REV0326,service:route-permit-islamabad-ict,Route Permit Islamabad ICT,Mahmood Gul,male,local,Pakistan,Pakistan,pakistani-english,4.9,PakExcise knows the complete route permit process. First-time correct submission. No rejection.
REV0327,service:route-permit-islamabad-ict,Route Permit Islamabad ICT,Naveed Sattar,male,local,Pakistan,Pakistan,pakistani-english,4.9,Commercial vehicle route permit done properly. Charges were fair and timeline was respected.
REV0328,service:route-permit-islamabad-ict,Route Permit Islamabad ICT,Obaid Chishti,male,local,Pakistan,Pakistan,pakistani-english,4.6,Tried going to the office myself — sent back twice. PakExcise handled it without any rejection.
REV0329,service:route-permit-islamabad-ict,Route Permit Islamabad ICT,Pervaiz Akhtar,male,local,Pakistan,Pakistan,english-urdu-mix,4.9,Route permit renewal mushkil tha — PakExcise ne bilkul smooth kar diya. Bohat shukriya!
REV0330,service:route-permit-islamabad-ict,Route Permit Islamabad ICT,Noor Fatima,female,local,Pakistan,Pakistan,english-urdu-mix,4.8,Route permit ka masla tha kafi dino se. PakExcise ne ek hi dafa mein resolve kar diya.
REV0331,service:route-permit-islamabad-ict,Route Permit Islamabad ICT,Haroon Maqbool,male,overseas-pakistani,"Dubai, UAE",UAE,english,4.8,Route permit renewed from Dubai via PakExcise. Updates on WhatsApp throughout.
REV0332,service:route-permit-islamabad-ict,Route Permit Islamabad ICT,Majid Awan,male,overseas-pakistani,"Abu Dhabi, UAE",UAE,english-urdu-mix,4.8,WhatsApp pe update mila. Route permit time pe. Bohat acha experience tha.
REV0333,service:route-permit-islamabad-ict,Route Permit Islamabad ICT,Nadir Sohail,male,overseas-pakistani,"Sharjah, UAE",UAE,english,4.9,Route permit was expiring. PakExcise sorted it from Sharjah without any delay.
REV0334,service:route-permit-islamabad-ict,Route Permit Islamabad ICT,Fareeha Malik,female,overseas-pakistani,"Riyadh, Saudi Arabia",Saudi Arabia,english-urdu-mix,5.0,PakExcise ne waapis aane ki zaroorat khatam kar di. Route permit Riyadh se ho gayi!
REV0335,service:route-permit-islamabad-ict,Route Permit Islamabad ICT,Osama Rehman,male,overseas-pakistani,"Jeddah, Saudi Arabia",Saudi Arabia,english,4.6,No relatives involved. Route permit sorted from Jeddah by PakExcise. 5 stars.
REV0336,service:route-permit-islamabad-ict,Route Permit Islamabad ICT,Parvez Malik,male,overseas-pakistani,"Dammam, Saudi Arabia",Saudi Arabia,english-urdu-mix,4.7,Bahar se route permit mushkil tha. PakExcise ne asaan kar diya. Shukriya!
REV0337,service:route-permit-islamabad-ict,Route Permit Islamabad ICT,Raza Haider,male,overseas-pakistani,"London, UK",UK,english,5.0,"Fair charges, expert team. Route permit done from London without any issues."
REV0338,service:route-permit-islamabad-ict,Route Permit Islamabad ICT,Shahzad Gill,male,overseas-pakistani,"Manchester, UK",UK,english-urdu-mix,5.0,Rishtedaron ko nahi pakarna tha. PakExcise ne route permit khud kar di. Trusted.
REV0339,service:route-permit-islamabad-ict,Route Permit Islamabad ICT,Rida Sheikh,female,overseas-pakistani,"Birmingham, UK",UK,english,4.6,Best for overseas Pakistanis with commercial vehicles. Route permit from Birmingham.
REV0340,service:route-permit-islamabad-ict,Route Permit Islamabad ICT,Talib Hussain,male,overseas-pakistani,"New York, USA",USA,english-urdu-mix,4.8,Van ka route permit bahar se karna tha. PakExcise ne foran handle kiya. Wah!
REV0341,service:route-permit-islamabad-ict,Route Permit Islamabad ICT,Usman Farooq,male,overseas-pakistani,"Houston, USA",USA,english,4.8,Route permit for Pakistan vehicle sorted from Houston through PakExcise. Reliable and fast.
REV0342,service:route-permit-islamabad-ict,Route Permit Islamabad ICT,Wakeel Ahmad,male,overseas-pakistani,"Chicago, USA",USA,english-urdu-mix,4.9,WhatsApp pe update mila. Route permit time pe. Bohat acha experience tha.
REV0343,service:route-permit-islamabad-ict,Route Permit Islamabad ICT,Yaseen Abbasi,male,overseas-pakistani,"Kuwait City, Kuwait",Kuwait,english,4.7,Route permit renewed from Kuwait City via PakExcise. Updates on WhatsApp throughout.
REV0344,service:route-permit-islamabad-ict,Route Permit Islamabad ICT,Sadia Rahman,female,overseas-pakistani,"Istanbul, Turkey",Turkey,english-urdu-mix,4.9,PakExcise ne waapis aane ki zaroorat khatam kar di. Route permit Istanbul se ho gayi!
REV0345,service:route-permit-islamabad-ict,Route Permit Islamabad ICT,Zain ul Abideen,male,overseas-pakistani,"Ankara, Turkey",Turkey,english,5.0,Route permit was expiring. PakExcise sorted it from Ankara without any delay.
REV0346,service:route-permit-islamabad-ict,Route Permit Islamabad ICT,Arshad Hafeez,male,overseas-pakistani,"Doha, Qatar",Qatar,english-urdu-mix,4.8,Bahar se route permit mushkil tha. PakExcise ne asaan kar diya. Shukriya!
REV0347,service:route-permit-islamabad-ict,Route Permit Islamabad ICT,Bilal Zaidi,male,overseas-pakistani,"Singapore, Singapore",Singapore,english,4.6,No relatives involved. Route permit sorted from Singapore by PakExcise. 5 stars.
REV0348,service:route-permit-islamabad-ict,Route Permit Islamabad ICT,Dawood Elahi,male,overseas-pakistani,"Beijing, China",China,english-urdu-mix,4.9,Rishtedaron ko nahi pakarna tha. PakExcise ne route permit khud kar di. Trusted.
REV0349,service:route-permit-islamabad-ict,Route Permit Islamabad ICT,Aisha Pervaiz,female,overseas-pakistani,"Shanghai, China",China,english,4.5,"Fair charges, expert team. Route permit done from Shanghai without any issues."
REV0350,service:route-permit-islamabad-ict,Route Permit Islamabad ICT,Faizan Sheikh,male,overseas-pakistani,"Muscat, Oman",Oman,english-urdu-mix,5.0,Van ka route permit bahar se karna tha. PakExcise ne foran handle kiya. Wah!
REV0351,service:route-permit-new,New Route Permit,Qamar Abbas,male,local,Pakistan,Pakistan,pakistani-english,4.7,New route permit requirements were confusing. PakExcise knew exactly what was needed.
REV0352,service:route-permit-new,New Route Permit,Riaz Ahmad,male,local,Pakistan,Pakistan,pakistani-english,4.7,"Fresh route permit for school van sorted by PakExcise. Honest charges, timely delivery."
REV0353,service:route-permit-new,New Route Permit,Shaheen Dar,male,local,Pakistan,Pakistan,pakistani-english,4.6,Very smooth experience getting new route permit. PakExcise team is knowledgeable and professional.
REV0354,service:route-permit-new,New Route Permit,Tariq Waheed,male,local,Pakistan,Pakistan,english-urdu-mix,5.0,Khud try kiya tha lekin baar baar reject hota raha. PakExcise ne pehli baar mein kiya. Wah!
REV0355,service:route-permit-new,New Route Permit,Irum Mirza,female,local,Pakistan,Pakistan,english-urdu-mix,4.7,Naya route permit chahiye tha. PakExcise ne sab kuch guide kiya aur kar diya. Shukriya!
REV0356,service:route-permit-new,New Route Permit,Hamza Mirza,male,overseas-pakistani,"Dubai, UAE",UAE,english,4.6,Living in Dubai — needed new route permit. PakExcise handled it without me being there.
REV0357,service:route-permit-new,New Route Permit,Iftikhar Ghazi,male,overseas-pakistani,"Abu Dhabi, UAE",UAE,english-urdu-mix,5.0,Abu Dhabi mein hoon lekin naya route permit PakExcise ne karwa diya. Koi tension nahi.
REV0358,service:route-permit-new,New Route Permit,Javed Warraich,male,overseas-pakistani,"Sharjah, UAE",UAE,english,4.5,Couldn't return from Sharjah for route permit. PakExcise secured new permit. Life saver.
REV0359,service:route-permit-new,New Route Permit,Rukhsar Ahmed,female,overseas-pakistani,"Riyadh, Saudi Arabia",Saudi Arabia,english-urdu-mix,5.0,"Riyadh se contact kiya, naya route permit mil gayi. PakExcise really delivers."
REV0360,service:route-permit-new,New Route Permit,Kashif Noor,male,overseas-pakistani,"Jeddah, Saudi Arabia",Saudi Arabia,english,4.5,"From Jeddah, new route permit sorted in days through PakExcise. Highly recommended."
REV0361,service:route-permit-new,New Route Permit,Liyaqat Ali,male,overseas-pakistani,"Dammam, Saudi Arabia",Saudi Arabia,english-urdu-mix,5.0,Dammam mein 7 saal se hoon. PakExcise pe trust hai. Naya route permit bhi smooth raha.
REV0362,service:route-permit-new,New Route Permit,Mohsin Tariq,male,overseas-pakistani,"London, UK",UK,english,5.0,PakExcise saved me a trip from London. New route permit obtained. Very happy.
REV0363,service:route-permit-new,New Route Permit,Nadeem Aslam,male,overseas-pakistani,"Manchester, UK",UK,english-urdu-mix,5.0,Manchester se naya route permit remotely mila. Perfect for overseas Pakistanis.
REV0364,service:route-permit-new,New Route Permit,Zainab Hussain,female,overseas-pakistani,"Birmingham, UK",UK,english,4.5,From Birmingham to new route permit — PakExcise made it hassle-free.
REV0365,service:route-permit-new,New Route Permit,Omar Cheema,male,overseas-pakistani,"New York, USA",USA,english-urdu-mix,4.8,New York se naya route permit karwana tha. PakExcise ne kar diya. Bohat khush hoon!
REV0366,service:route-permit-new,New Route Permit,Pervaiz Sattar,male,overseas-pakistani,"Houston, USA",USA,english,4.9,Fresh route permit for Pakistan vehicle obtained from Houston through PakExcise. Great service.
REV0367,service:route-permit-new,New Route Permit,Qadeer Ahmad,male,overseas-pakistani,"Chicago, USA",USA,english-urdu-mix,5.0,Chicago mein hoon lekin naya route permit PakExcise ne karwa diya. Koi tension nahi.
REV0368,service:route-permit-new,New Route Permit,Rehan Butt,male,overseas-pakistani,"Kuwait City, Kuwait",Kuwait,english,4.8,Living in Kuwait City — needed new route permit. PakExcise handled it without me being there.
REV0369,service:route-permit-new,New Route Permit,Nadia Baig,female,overseas-pakistani,"Istanbul, Turkey",Turkey,english-urdu-mix,4.7,"Istanbul se contact kiya, naya route permit mil gayi. PakExcise really delivers."
REV0370,service:route-permit-new,New Route Permit,Sardar Imran,male,overseas-pakistani,"Ankara, Turkey",Turkey,english,4.7,Couldn't return from Ankara for route permit. PakExcise secured new permit. Life saver.
REV0371,service:route-permit-new,New Route Permit,Tahir Pirzada,male,overseas-pakistani,"Doha, Qatar",Qatar,english-urdu-mix,4.7,Doha mein 10 saal se hoon. PakExcise pe trust hai. Naya route permit bhi smooth raha.
REV0372,service:route-permit-new,New Route Permit,Usman Bhatti,male,overseas-pakistani,"Singapore, Singapore",Singapore,english,4.7,"From Singapore, new route permit sorted in days through PakExcise. Highly recommended."
REV0373,service:route-permit-new,New Route Permit,Waseem Zahid,male,overseas-pakistani,"Beijing, China",China,english-urdu-mix,5.0,Beijing se naya route permit remotely mila. Perfect for overseas Pakistanis.
REV0374,service:route-permit-new,New Route Permit,Kiran Bhatti,female,overseas-pakistani,"Shanghai, China",China,english,4.8,PakExcise saved me a trip from Shanghai. New route permit obtained. Very happy.
REV0375,service:route-permit-new,New Route Permit,Yasir Gulzar,male,overseas-pakistani,"Muscat, Oman",Oman,english-urdu-mix,4.5,Muscat se naya route permit karwana tha. PakExcise ne kar diya. Bohat khush hoon!
REV0376,service:route-permit-noc,Route Permit NOC,Usman Tariq,male,local,Pakistan,Pakistan,pakistani-english,4.8,Had confusion about NOC requirements. PakExcise cleared it and got NOC issued fast.
REV0377,service:route-permit-noc,Route Permit NOC,Bilal Akhtar,male,local,Pakistan,Pakistan,pakistani-english,4.6,Very smooth NOC process through PakExcise. Delivered on time as promised.
REV0378,service:route-permit-noc,Route Permit NOC,Kamran Shah,male,local,Pakistan,Pakistan,pakistani-english,4.6,Route permit NOC sorted by PakExcise without any confusion about requirements.
REV0379,service:route-permit-noc,Route Permit NOC,Adnan Raza,male,local,Pakistan,Pakistan,english-urdu-mix,4.7,Route permit NOC jaldi chahiye thi. PakExcise ne foran handle kiya. Wah!
REV0380,service:route-permit-noc,Route Permit NOC,Sobia Rehman,female,local,Pakistan,Pakistan,english-urdu-mix,4.8,NOC ka process pata nahi tha. PakExcise ne guide kiya aur karwa diya. Kamaal!
REV0381,service:route-permit-noc,Route Permit NOC,Zahoor Ahmed,male,overseas-pakistani,"Dubai, UAE",UAE,english,4.9,Route permit NOC done from Dubai by PakExcise. Updates on WhatsApp throughout.
REV0382,service:route-permit-noc,Route Permit NOC,Asad Minhas,male,overseas-pakistani,"Abu Dhabi, UAE",UAE,english-urdu-mix,5.0,WhatsApp pe sab update mila. NOC time pe aayi. Bohat acha experience tha.
REV0383,service:route-permit-noc,Route Permit NOC,Burhan Khalid,male,overseas-pakistani,"Sharjah, UAE",UAE,english,5.0,No relatives needed. Route permit NOC sorted from Sharjah by PakExcise.
REV0384,service:route-permit-noc,Route Permit NOC,Amber Hussain,female,overseas-pakistani,"Riyadh, Saudi Arabia",Saudi Arabia,english-urdu-mix,4.9,PakExcise ne mushkil process asaan kar di. NOC Riyadh se ho gayi!
REV0385,service:route-permit-noc,Route Permit NOC,Dilnawaz Rao,male,overseas-pakistani,"Jeddah, Saudi Arabia",Saudi Arabia,english,4.9,"Fair charges, reliable team. NOC done from Jeddah by PakExcise."
REV0386,service:route-permit-noc,Route Permit NOC,Farrukh Toor,male,overseas-pakistani,"Dammam, Saudi Arabia",Saudi Arabia,english-urdu-mix,4.9,Bahar se NOC tha. PakExcise ne asaan kar diya. Shukriya!
REV0387,service:route-permit-noc,Route Permit NOC,Ghazanfar Ali,male,overseas-pakistani,"London, UK",UK,english,4.8,Best team for permit NOC work. Sorted mine from London via PakExcise.
REV0388,service:route-permit-noc,Route Permit NOC,Habib Malik,male,overseas-pakistani,"Manchester, UK",UK,english-urdu-mix,5.0,NOC ka process confusing tha. Manchester se PakExcise ne foran guide kiya. Kamaal!
REV0389,service:route-permit-noc,Route Permit NOC,Bushra Tariq,female,overseas-pakistani,"Birmingham, UK",UK,english,4.5,Route permit NOC sorted from Birmingham through PakExcise. Knew exactly what was required.
REV0390,service:route-permit-noc,Route Permit NOC,Imran Gul,male,overseas-pakistani,"New York, USA",USA,english-urdu-mix,5.0,Rishtedaron ko nahi pakarna tha. PakExcise ne NOC khud karwai. Trusted.
REV0391,service:route-permit-noc,Route Permit NOC,Jamshed Khattak,male,overseas-pakistani,"Houston, USA",USA,english,4.8,NOC for route permit obtained from Houston via PakExcise. Professional and fast.
REV0392,service:route-permit-noc,Route Permit NOC,Kaleem Ullah,male,overseas-pakistani,"Chicago, USA",USA,english-urdu-mix,5.0,WhatsApp pe sab update mila. NOC time pe aayi. Bohat acha experience tha.
REV0393,service:route-permit-noc,Route Permit NOC,Umar Saeed,male,overseas-pakistani,"Kuwait City, Kuwait",Kuwait,english,5.0,Route permit NOC done from Kuwait City by PakExcise. Updates on WhatsApp throughout.
REV0394,service:route-permit-noc,Route Permit NOC,Dua Farooq,female,overseas-pakistani,"Istanbul, Turkey",Turkey,english-urdu-mix,5.0,PakExcise ne mushkil process asaan kar di. NOC Istanbul se ho gayi!
REV0395,service:route-permit-noc,Route Permit NOC,Babar Zaman,male,overseas-pakistani,"Ankara, Turkey",Turkey,english,4.6,No relatives needed. Route permit NOC sorted from Ankara by PakExcise.
REV0396,service:route-permit-noc,Route Permit NOC,Aamir Naseem,male,overseas-pakistani,"Doha, Qatar",Qatar,english-urdu-mix,4.9,Bahar se NOC tha. PakExcise ne asaan kar diya. Shukriya!
REV0397,service:route-permit-noc,Route Permit NOC,Talal Pervaiz,male,overseas-pakistani,"Singapore, Singapore",Singapore,english,5.0,"Fair charges, reliable team. NOC done from Singapore by PakExcise."
REV0398,service:route-permit-noc,Route Permit NOC,Saifullah Khan,male,overseas-pakistani,"Beijing, China",China,english-urdu-mix,5.0,NOC ka process confusing tha. Beijing se PakExcise ne foran guide kiya. Kamaal!
REV0399,service:route-permit-noc,Route Permit NOC,Esha Raza,female,overseas-pakistani,"Shanghai, China",China,english,4.8,Best team for permit NOC work. Sorted mine from Shanghai via PakExcise.
REV0400,service:route-permit-noc,Route Permit NOC,Danish Cheema,male,overseas-pakistani,"Muscat, Oman",Oman,english-urdu-mix,4.6,Rishtedaron ko nahi pakarna tha. PakExcise ne NOC khud karwai. Trusted.
REV0401,service:route-permit-punjab,Route Permit Punjab,Waqar Hussain,male,local,Pakistan,Pakistan,pakistani-english,4.7,Very professional team for route permit. Kept me updated throughout. Happy with the service.
REV0402,service:route-permit-punjab,Route Permit Punjab,Saad Mehmood,male,local,Pakistan,Pakistan,pakistani-english,4.6,Route permit renewal for my commercial van sorted by PakExcise. No unnecessary trips to office.
REV0403,service:route-permit-punjab,Route Permit Punjab,Aqeel Ahmad,male,local,Pakistan,Pakistan,pakistani-english,4.8,Had been struggling with route permit for weeks. PakExcise sorted it in days. Very impressed.
REV0404,service:route-permit-punjab,Route Permit Punjab,Zafar Iqbal,male,local,Pakistan,Pakistan,english-urdu-mix,5.0,Route permit ka chakkar tha. PakExcise pe chor diya aur woh kar diya jaldi. Trustworthy log hain.
REV0405,service:route-permit-punjab,Route Permit Punjab,Laiba Sheikh,female,local,Pakistan,Pakistan,english-urdu-mix,5.0,"Van ka route permit PakExcise se karwaya. Koi rejection nahi, koi delay nahi. Mast service."
REV0406,service:route-permit-punjab,Route Permit Punjab,Qasim Butt,male,overseas-pakistani,"Dubai, UAE",UAE,english,4.8,Trusted PakExcise from Dubai with route permit. Professional and on-time delivery.
REV0407,service:route-permit-punjab,Route Permit Punjab,Zubair Anwar,male,overseas-pakistani,"Abu Dhabi, UAE",UAE,english-urdu-mix,4.6,Abu Dhabi mein hoon lekin route permit PakExcise ne kar di. Koi tension nahi rahi.
REV0408,service:route-permit-punjab,Route Permit Punjab,Haroon Maqbool,male,overseas-pakistani,"Sharjah, UAE",UAE,english,5.0,"From Sharjah, commercial vehicle route permit sorted easily via PakExcise."
REV0409,service:route-permit-punjab,Route Permit Punjab,Fiza Shah,female,overseas-pakistani,"Riyadh, Saudi Arabia",Saudi Arabia,english-urdu-mix,4.8,"Riyadh se contact kiya, route permit ho gayi. PakExcise kamaal hai!"
REV0410,service:route-permit-punjab,Route Permit Punjab,Majid Awan,male,overseas-pakistani,"Jeddah, Saudi Arabia",Saudi Arabia,english,4.6,PakExcise saved me a trip from Jeddah. Route permit renewed. Excellent service.
REV0411,service:route-permit-punjab,Route Permit Punjab,Nadir Sohail,male,overseas-pakistani,"Dammam, Saudi Arabia",Saudi Arabia,english-urdu-mix,5.0,Dammam mein 7 saal se hoon. Route permit ka kaam PakExcise se karta hoon. Perfect.
REV0412,service:route-permit-punjab,Route Permit Punjab,Osama Rehman,male,overseas-pakistani,"London, UK",UK,english,4.6,Been using PakExcise from London for 8 years. Route permit always handled smoothly.
REV0413,service:route-permit-punjab,Route Permit Punjab,Parvez Malik,male,overseas-pakistani,"Manchester, UK",UK,english-urdu-mix,4.8,Manchester se route permit remotely ho gayi. Bilkul theek. Perfect for expats.
REV0414,service:route-permit-punjab,Route Permit Punjab,Huma Iqbal,female,overseas-pakistani,"Birmingham, UK",UK,english,5.0,Living in Birmingham — commercial vehicle route permit sorted by PakExcise. No hassle.
REV0415,service:route-permit-punjab,Route Permit Punjab,Raza Haider,male,overseas-pakistani,"New York, USA",USA,english-urdu-mix,5.0,New York se route permit karwana tha. PakExcise ne jaldi kar diya. Bohat acha!
REV0416,service:route-permit-punjab,Route Permit Punjab,Shahzad Gill,male,overseas-pakistani,"Houston, USA",USA,english,4.8,Couldn't return from Houston for route permit. PakExcise handled it completely remotely.
REV0417,service:route-permit-punjab,Route Permit Punjab,Talib Hussain,male,overseas-pakistani,"Chicago, USA",USA,english-urdu-mix,4.9,Chicago mein hoon lekin route permit PakExcise ne kar di. Koi tension nahi rahi.
REV0418,service:route-permit-punjab,Route Permit Punjab,Usman Farooq,male,overseas-pakistani,"Kuwait City, Kuwait",Kuwait,english,4.8,Trusted PakExcise from Kuwait City with route permit. Professional and on-time delivery.
REV0419,service:route-permit-punjab,Route Permit Punjab,Iqra Chaudhry,female,overseas-pakistani,"Istanbul, Turkey",Turkey,english-urdu-mix,5.0,"Istanbul se contact kiya, route permit ho gayi. PakExcise kamaal hai!"
REV0420,service:route-permit-punjab,Route Permit Punjab,Wakeel Ahmad,male,overseas-pakistani,"Ankara, Turkey",Turkey,english,4.6,"From Ankara, commercial vehicle route permit sorted easily via PakExcise."
REV0421,service:route-permit-punjab,Route Permit Punjab,Yaseen Abbasi,male,overseas-pakistani,"Doha, Qatar",Qatar,english-urdu-mix,4.6,Doha mein 10 saal se hoon. Route permit ka kaam PakExcise se karta hoon. Perfect.
REV0422,service:route-permit-punjab,Route Permit Punjab,Zain ul Abideen,male,overseas-pakistani,"Singapore, Singapore",Singapore,english,4.9,PakExcise saved me a trip from Singapore. Route permit renewed. Excellent service.
REV0423,service:route-permit-punjab,Route Permit Punjab,Arshad Hafeez,male,overseas-pakistani,"Beijing, China",China,english-urdu-mix,4.8,Beijing se route permit remotely ho gayi. Bilkul theek. Perfect for expats.
REV0424,service:route-permit-punjab,Route Permit Punjab,Javeria Ahmad,female,overseas-pakistani,"Shanghai, China",China,english,4.9,Been using PakExcise from Shanghai for 4 years. Route permit always handled smoothly.
REV0425,service:route-permit-punjab,Route Permit Punjab,Bilal Zaidi,male,overseas-pakistani,"Muscat, Oman",Oman,english-urdu-mix,4.6,Muscat se route permit karwana tha. PakExcise ne jaldi kar diya. Bohat acha!
REV0426,service:token-tax,Token Tax Payment,Noman Butt,male,local,Pakistan,Pakistan,pakistani-english,5.0,"Token tax done without leaving my house. No bank queue, no office visit. PakExcise is great."
REV0427,service:token-tax,Token Tax Payment,Rana Shahid,male,local,Pakistan,Pakistan,pakistani-english,5.0,Both my cars' token tax sorted in one go. PakExcise is fast and charges are very fair.
REV0428,service:token-tax,Token Tax Payment,Mudassar Ali,male,local,Pakistan,Pakistan,pakistani-english,4.5,Token tax was overdue. PakExcise calculated the exact fine and sorted everything together. Very helpful.
REV0429,service:token-tax,Token Tax Payment,Hamid Farooq,male,local,Pakistan,Pakistan,english-urdu-mix,5.0,Token tax ka masla tha kafi dino se. PakExcise ne ek call mein clear kar diya. Bahut shukriya.
REV0430,service:token-tax,Token Tax Payment,Mehwish Anwar,female,local,Pakistan,Pakistan,english-urdu-mix,4.8,Token tax late tha. PakExcise ne fine calculate karke sab handle kiya. Transparent aur fast.
REV0431,service:token-tax,Token Tax Payment,Dawood Elahi,male,overseas-pakistani,"Dubai, UAE",UAE,english,5.0,Token tax confirmation received in hours. PakExcise is the go-to for expats in Dubai.
REV0432,service:token-tax,Token Tax Payment,Faizan Sheikh,male,overseas-pakistani,"Abu Dhabi, UAE",UAE,english-urdu-mix,5.0,"WhatsApp pe instant reply, token tax time pe. PakExcise pe poora trust hai mera."
REV0433,service:token-tax,Token Tax Payment,Hamza Mirza,male,overseas-pakistani,"Sharjah, UAE",UAE,english,5.0,"Been paying token tax through PakExcise for 8 years from Sharjah. Always on time, always smooth."
REV0434,service:token-tax,Token Tax Payment,Lubna Pervaiz,female,overseas-pakistani,"Riyadh, Saudi Arabia",Saudi Arabia,english-urdu-mix,4.7,PakExcise ne har saal ka token tax ka jhanjhat khatam kar diya. Riyadh se easily manage hota hai.
REV0435,service:token-tax,Token Tax Payment,Iftikhar Ghazi,male,overseas-pakistani,"Jeddah, Saudi Arabia",Saudi Arabia,english,4.9,Trusted PakExcise with token tax from Jeddah. Zero issues. Will use every year.
REV0436,service:token-tax,Token Tax Payment,Javed Warraich,male,overseas-pakistani,"Dammam, Saudi Arabia",Saudi Arabia,english-urdu-mix,4.7,Token tax ka darr tha bahar se. PakExcise ne foran handle kiya. Kisi ko takleef nahi deni padi.
REV0437,service:token-tax,Token Tax Payment,Kashif Noor,male,overseas-pakistani,"London, UK",UK,english,4.7,Paid token tax from London through PakExcise. Got digital receipt same day. No relatives disturbed.
REV0438,service:token-tax,Token Tax Payment,Liyaqat Ali,male,overseas-pakistani,"Manchester, UK",UK,english-urdu-mix,4.8,Rishtedaron ko nahi pakarna tha token tax ke liye. PakExcise ne khud kar diya. Trustworthy!
REV0439,service:token-tax,Token Tax Payment,Misbah Karim,female,overseas-pakistani,"Birmingham, UK",UK,english,4.5,Living in Birmingham — couldn't manage Pakistan token tax alone. PakExcise made it so easy.
REV0440,service:token-tax,Token Tax Payment,Mohsin Tariq,male,overseas-pakistani,"New York, USA",USA,english-urdu-mix,5.0,Token tax overdue tha aur bahar se manage impossible lagta tha. PakExcise ne jaldi theek kiya.
REV0441,service:token-tax,Token Tax Payment,Nadeem Aslam,male,overseas-pakistani,"Houston, USA",USA,english,5.0,"From Houston, sorted token tax for two vehicles through PakExcise. Honest and affordable."
REV0442,service:token-tax,Token Tax Payment,Omar Cheema,male,overseas-pakistani,"Chicago, USA",USA,english-urdu-mix,4.9,"WhatsApp pe instant reply, token tax time pe. PakExcise pe poora trust hai mera."
REV0443,service:token-tax,Token Tax Payment,Pervaiz Sattar,male,overseas-pakistani,"Kuwait City, Kuwait",Kuwait,english,4.9,Token tax confirmation received in hours. PakExcise is the go-to for expats in Kuwait City.
REV0444,service:token-tax,Token Tax Payment,Nosheen Ali,female,overseas-pakistani,"Istanbul, Turkey",Turkey,english-urdu-mix,4.9,PakExcise ne har saal ka token tax ka jhanjhat khatam kar diya. Istanbul se easily manage hota hai.
REV0445,service:token-tax,Token Tax Payment,Qadeer Ahmad,male,overseas-pakistani,"Ankara, Turkey",Turkey,english,4.9,"Been paying token tax through PakExcise for 4 years from Ankara. Always on time, always smooth."
REV0446,service:token-tax,Token Tax Payment,Rehan Butt,male,overseas-pakistani,"Doha, Qatar",Qatar,english-urdu-mix,4.8,Token tax ka darr tha bahar se. PakExcise ne foran handle kiya. Kisi ko takleef nahi deni padi.
REV0447,service:token-tax,Token Tax Payment,Sardar Imran,male,overseas-pakistani,"Singapore, Singapore",Singapore,english,5.0,Trusted PakExcise with token tax from Singapore. Zero issues. Will use every year.
REV0448,service:token-tax,Token Tax Payment,Tahir Pirzada,male,overseas-pakistani,"Beijing, China",China,english-urdu-mix,4.7,Rishtedaron ko nahi pakarna tha token tax ke liye. PakExcise ne khud kar diya. Trustworthy!
REV0449,service:token-tax,Token Tax Payment,Sundas Khan,female,overseas-pakistani,"Shanghai, China",China,english,4.6,Paid token tax from Shanghai through PakExcise. Got digital receipt same day. No relatives disturbed.
REV0450,service:token-tax,Token Tax Payment,Usman Bhatti,male,overseas-pakistani,"Muscat, Oman",Oman,english-urdu-mix,4.9,Token tax overdue tha aur bahar se manage impossible lagta tha. PakExcise ne jaldi theek kiya.
REV0451,service:token-tax-all-provinces,Token Tax All Provinces,Khalil Chaudhry,male,local,Pakistan,Pakistan,pakistani-english,5.0,Wasn't sure which province's process to follow. PakExcise guided and sorted everything correctly.
REV0452,service:token-tax-all-provinces,Token Tax All Provinces,Asim Baig,male,local,Pakistan,Pakistan,pakistani-english,5.0,Multiple vehicles in different provinces — PakExcise handled all token tax in one go. Highly recommend.
REV0453,service:token-tax-all-provinces,Token Tax All Provinces,Farhan Siddiqui,male,local,Pakistan,Pakistan,pakistani-english,4.8,Token tax across provinces used to be a nightmare. PakExcise simplified it completely. Great service.
REV0454,service:token-tax-all-provinces,Token Tax All Provinces,Kashif Latif,male,local,Pakistan,Pakistan,english-urdu-mix,4.7,Token tax ka masla provinces ke hisaab se alag hota hai. PakExcise sab jaanta hai. Bohat acha.
REV0455,service:token-tax-all-provinces,Token Tax All Provinces,Fariha Butt,female,local,Pakistan,Pakistan,english-urdu-mix,4.6,Alag alag provinces ka token tax tha. PakExcise ne sab ek saath handle kar diya. Kamaal!
REV0456,service:token-tax-all-provinces,Token Tax All Provinces,Waseem Zahid,male,overseas-pakistani,"Dubai, UAE",UAE,english,5.0,"From Dubai, got Punjab and Sindh token tax done through PakExcise. Very smooth experience."
REV0457,service:token-tax-all-provinces,Token Tax All Provinces,Yasir Gulzar,male,overseas-pakistani,"Abu Dhabi, UAE",UAE,english-urdu-mix,4.9,Abu Dhabi mein hoon lekin do provinces ka token tax PakExcise se ho gaya. Koi tension nahi.
REV0458,service:token-tax-all-provinces,Token Tax All Provinces,Zahoor Ahmed,male,overseas-pakistani,"Sharjah, UAE",UAE,english,5.0,Token tax across provinces from Sharjah — PakExcise is the only team I trust. 5 stars.
REV0459,service:token-tax-all-provinces,Token Tax All Provinces,Fareeha Malik,female,overseas-pakistani,"Riyadh, Saudi Arabia",Saudi Arabia,english-urdu-mix,4.9,"Riyadh se contact kiya, sab provinces ka token tax ho gaya. PakExcise really delivers."
REV0460,service:token-tax-all-provinces,Token Tax All Provinces,Asad Minhas,male,overseas-pakistani,"Jeddah, Saudi Arabia",Saudi Arabia,english,4.6,Been relying on PakExcise from Jeddah for 6 years for token tax. Never disappointed.
REV0461,service:token-tax-all-provinces,Token Tax All Provinces,Burhan Khalid,male,overseas-pakistani,"Dammam, Saudi Arabia",Saudi Arabia,english-urdu-mix,5.0,Dammam mein 7 saal se hoon. PakExcise pe trust hai token tax ke liye. Hamesha theek hota hai.
REV0462,service:token-tax-all-provinces,Token Tax All Provinces,Dilnawaz Rao,male,overseas-pakistani,"London, UK",UK,english,4.8,Living in London with vehicles registered in Punjab and Sindh. PakExcise handled both. Reliable.
REV0463,service:token-tax-all-provinces,Token Tax All Provinces,Farrukh Toor,male,overseas-pakistani,"Manchester, UK",UK,english-urdu-mix,4.7,Manchester se multi-province token tax remotely ho gaya. Perfect service for overseas Pakistanis.
REV0464,service:token-tax-all-provinces,Token Tax All Provinces,Rida Sheikh,female,overseas-pakistani,"Birmingham, UK",UK,english,5.0,Didn't know which province's process applies. PakExcise guided me perfectly from Birmingham.
REV0465,service:token-tax-all-provinces,Token Tax All Provinces,Ghazanfar Ali,male,overseas-pakistani,"New York, USA",USA,english-urdu-mix,5.0,New York se alag alag provinces ka token tax tha. PakExcise ne sab kar diya. Bohat shukriya!
REV0466,service:token-tax-all-provinces,Token Tax All Provinces,Habib Malik,male,overseas-pakistani,"Houston, USA",USA,english,4.9,"Multiple province token tax done from Houston. Honest team, clear charges. Highly recommended."
REV0467,service:token-tax-all-provinces,Token Tax All Provinces,Imran Gul,male,overseas-pakistani,"Chicago, USA",USA,english-urdu-mix,4.9,Chicago mein hoon lekin do provinces ka token tax PakExcise se ho gaya. Koi tension nahi.
REV0468,service:token-tax-all-provinces,Token Tax All Provinces,Jamshed Khattak,male,overseas-pakistani,"Kuwait City, Kuwait",Kuwait,english,4.8,"From Kuwait City, got Punjab and Sindh token tax done through PakExcise. Very smooth experience."
REV0469,service:token-tax-all-provinces,Token Tax All Provinces,Sadia Rahman,female,overseas-pakistani,"Istanbul, Turkey",Turkey,english-urdu-mix,5.0,"Istanbul se contact kiya, sab provinces ka token tax ho gaya. PakExcise really delivers."
REV0470,service:token-tax-all-provinces,Token Tax All Provinces,Kaleem Ullah,male,overseas-pakistani,"Ankara, Turkey",Turkey,english,4.8,Token tax across provinces from Ankara — PakExcise is the only team I trust. 5 stars.
REV0471,service:token-tax-all-provinces,Token Tax All Provinces,Umar Saeed,male,overseas-pakistani,"Doha, Qatar",Qatar,english-urdu-mix,5.0,Doha mein 10 saal se hoon. PakExcise pe trust hai token tax ke liye. Hamesha theek hota hai.
REV0472,service:token-tax-all-provinces,Token Tax All Provinces,Babar Zaman,male,overseas-pakistani,"Singapore, Singapore",Singapore,english,4.7,Been relying on PakExcise from Singapore for 2 years for token tax. Never disappointed.
REV0473,service:token-tax-all-provinces,Token Tax All Provinces,Aamir Naseem,male,overseas-pakistani,"Beijing, China",China,english-urdu-mix,5.0,Beijing se multi-province token tax remotely ho gaya. Perfect service for overseas Pakistanis.
REV0474,service:token-tax-all-provinces,Token Tax All Provinces,Aisha Pervaiz,female,overseas-pakistani,"Shanghai, China",China,english,4.7,Living in Shanghai with vehicles registered in Punjab and Sindh. PakExcise handled both. Reliable.
REV0475,service:token-tax-all-provinces,Token Tax All Provinces,Talal Pervaiz,male,overseas-pakistani,"Muscat, Oman",Oman,english-urdu-mix,5.0,Muscat se alag alag provinces ka token tax tha. PakExcise ne sab kar diya. Bohat shukriya!
REV0476,service:token-tax-payment,Token Tax Payment,Arshad Malik,male,local,Pakistan,Pakistan,pakistani-english,4.9,Token tax was overdue. PakExcise calculated the exact fine and sorted everything together. Very helpful.
REV0477,service:token-tax-payment,Token Tax Payment,Tauseef Mirza,male,local,Pakistan,Pakistan,pakistani-english,4.7,Used PakExcise for token tax this year. Receipt received same day. Simple and reliable.
REV0478,service:token-tax-payment,Token Tax Payment,Imtiaz Khan,male,local,Pakistan,Pakistan,pakistani-english,5.0,No more standing in long bank lines. Token tax via PakExcise is easy and quick. Recommend.
REV0479,service:token-tax-payment,Token Tax Payment,Saleem Qureshi,male,local,Pakistan,Pakistan,english-urdu-mix,4.8,Token tax late tha. PakExcise ne fine calculate karke sab handle kiya. Transparent aur fast.
REV0480,service:token-tax-payment,Token Tax Payment,Amna Qureshi,female,local,Pakistan,Pakistan,english-urdu-mix,4.6,Token tax ka masla tha kafi dino se. PakExcise ne ek call mein clear kar diya. Bahut shukriya.
REV0481,service:token-tax-payment,Token Tax Payment,Saifullah Khan,male,overseas-pakistani,"Dubai, UAE",UAE,english,4.8,"Been paying token tax through PakExcise for 6 years from Dubai. Always on time, always smooth."
REV0482,service:token-tax-payment,Token Tax Payment,Danish Cheema,male,overseas-pakistani,"Abu Dhabi, UAE",UAE,english-urdu-mix,4.6,"WhatsApp pe instant reply, token tax time pe. PakExcise pe poora trust hai mera."
REV0483,service:token-tax-payment,Token Tax Payment,Qasim Butt,male,overseas-pakistani,"Sharjah, UAE",UAE,english,4.5,Trusted PakExcise with token tax from Sharjah. Zero issues. Will use every year.
REV0484,service:token-tax-payment,Token Tax Payment,Rukhsar Ahmed,female,overseas-pakistani,"Riyadh, Saudi Arabia",Saudi Arabia,english-urdu-mix,4.9,PakExcise ne har saal ka token tax ka jhanjhat khatam kar diya. Riyadh se easily manage hota hai.
REV0485,service:token-tax-payment,Token Tax Payment,Zubair Anwar,male,overseas-pakistani,"Jeddah, Saudi Arabia",Saudi Arabia,english,5.0,Paid token tax from Jeddah through PakExcise. Got digital receipt same day. No relatives disturbed.
REV0486,service:token-tax-payment,Token Tax Payment,Haroon Maqbool,male,overseas-pakistani,"Dammam, Saudi Arabia",Saudi Arabia,english-urdu-mix,5.0,Token tax ka darr tha bahar se. PakExcise ne foran handle kiya. Kisi ko takleef nahi deni padi.
REV0487,service:token-tax-payment,Token Tax Payment,Majid Awan,male,overseas-pakistani,"London, UK",UK,english,5.0,Living in London — couldn't manage Pakistan token tax alone. PakExcise made it so easy.
REV0488,service:token-tax-payment,Token Tax Payment,Nadir Sohail,male,overseas-pakistani,"Manchester, UK",UK,english-urdu-mix,4.7,Rishtedaron ko nahi pakarna tha token tax ke liye. PakExcise ne khud kar diya. Trustworthy!
REV0489,service:token-tax-payment,Token Tax Payment,Zainab Hussain,female,overseas-pakistani,"Birmingham, UK",UK,english,5.0,"From Birmingham, sorted token tax for two vehicles through PakExcise. Honest and affordable."
REV0490,service:token-tax-payment,Token Tax Payment,Osama Rehman,male,overseas-pakistani,"New York, USA",USA,english-urdu-mix,4.5,Token tax overdue tha aur bahar se manage impossible lagta tha. PakExcise ne jaldi theek kiya.
REV0491,service:token-tax-payment,Token Tax Payment,Parvez Malik,male,overseas-pakistani,"Houston, USA",USA,english,4.8,Token tax confirmation received in hours. PakExcise is the go-to for expats in Houston.
REV0492,service:token-tax-payment,Token Tax Payment,Raza Haider,male,overseas-pakistani,"Chicago, USA",USA,english-urdu-mix,4.9,"WhatsApp pe instant reply, token tax time pe. PakExcise pe poora trust hai mera."
REV0493,service:token-tax-payment,Token Tax Payment,Shahzad Gill,male,overseas-pakistani,"Kuwait City, Kuwait",Kuwait,english,4.8,"Been paying token tax through PakExcise for 2 years from Kuwait City. Always on time, always smooth."
REV0494,service:token-tax-payment,Token Tax Payment,Nadia Baig,female,overseas-pakistani,"Istanbul, Turkey",Turkey,english-urdu-mix,4.7,PakExcise ne har saal ka token tax ka jhanjhat khatam kar diya. Istanbul se easily manage hota hai.
REV0495,service:token-tax-payment,Token Tax Payment,Talib Hussain,male,overseas-pakistani,"Ankara, Turkey",Turkey,english,5.0,Trusted PakExcise with token tax from Ankara. Zero issues. Will use every year.
REV0496,service:token-tax-payment,Token Tax Payment,Usman Farooq,male,overseas-pakistani,"Doha, Qatar",Qatar,english-urdu-mix,4.8,Token tax ka darr tha bahar se. PakExcise ne foran handle kiya. Kisi ko takleef nahi deni padi.
REV0497,service:token-tax-payment,Token Tax Payment,Wakeel Ahmad,male,overseas-pakistani,"Singapore, Singapore",Singapore,english,4.8,Paid token tax from Singapore through PakExcise. Got digital receipt same day. No relatives disturbed.
REV0498,service:token-tax-payment,Token Tax Payment,Yaseen Abbasi,male,overseas-pakistani,"Beijing, China",China,english-urdu-mix,5.0,Rishtedaron ko nahi pakarna tha token tax ke liye. PakExcise ne khud kar diya. Trustworthy!
REV0499,service:token-tax-payment,Token Tax Payment,Kiran Bhatti,female,overseas-pakistani,"Shanghai, China",China,english,4.7,Living in Shanghai — couldn't manage Pakistan token tax alone. PakExcise made it so easy.
REV0500,service:token-tax-payment,Token Tax Payment,Zain ul Abideen,male,overseas-pakistani,"Muscat, Oman",Oman,english-urdu-mix,4.8,Token tax overdue tha aur bahar se manage impossible lagta tha. PakExcise ne jaldi theek kiya.
REV0501,service:vehicle-data-correction,Vehicle Data Correction,Basit Rehman,male,local,Pakistan,Pakistan,pakistani-english,4.7,Had an address error in registration. PakExcise guided and corrected it fast.
REV0502,service:vehicle-data-correction,Vehicle Data Correction,Danish Maqbool,male,local,Pakistan,Pakistan,pakistani-english,4.7,Data correction seemed complicated but PakExcise made it very straightforward.
REV0503,service:vehicle-data-correction,Vehicle Data Correction,Ejaz Gill,male,local,Pakistan,Pakistan,pakistani-english,4.8,Honest team. Corrected vehicle record data properly. No unnecessary delays.
REV0504,service:vehicle-data-correction,Vehicle Data Correction,Fahad Cheema,male,local,Pakistan,Pakistan,english-urdu-mix,5.0,Naam galat tha registration mein. PakExcise ne bilkul sahi karwa di. Bohat shukriya!
REV0505,service:vehicle-data-correction,Vehicle Data Correction,Sadia Butt,female,local,Pakistan,Pakistan,english-urdu-mix,5.0,CNIC number galat tha gaari mein. PakExcise ne correct kiya. Ab sab theek hai.
REV0506,service:vehicle-data-correction,Vehicle Data Correction,Arshad Hafeez,male,overseas-pakistani,"Dubai, UAE",UAE,english,5.0,PakExcise saved me a trip from Dubai. Vehicle record corrected. Excellent.
REV0507,service:vehicle-data-correction,Vehicle Data Correction,Bilal Zaidi,male,overseas-pakistani,"Abu Dhabi, UAE",UAE,english-urdu-mix,5.0,Abu Dhabi mein hoon lekin vehicle record PakExcise ne correct kar diya. Koi tension nahi.
REV0508,service:vehicle-data-correction,Vehicle Data Correction,Dawood Elahi,male,overseas-pakistani,"Sharjah, UAE",UAE,english,4.8,From Sharjah to corrected vehicle record — PakExcise made it completely easy.
REV0509,service:vehicle-data-correction,Vehicle Data Correction,Amber Hussain,female,overseas-pakistani,"Riyadh, Saudi Arabia",Saudi Arabia,english-urdu-mix,5.0,"Riyadh se contact kiya, data correction ho gayi. PakExcise delivers!"
REV0510,service:vehicle-data-correction,Vehicle Data Correction,Faizan Sheikh,male,overseas-pakistani,"Jeddah, Saudi Arabia",Saudi Arabia,english,4.9,Living in Jeddah — name error in vehicle record. PakExcise corrected it remotely.
REV0511,service:vehicle-data-correction,Vehicle Data Correction,Hamza Mirza,male,overseas-pakistani,"Dammam, Saudi Arabia",Saudi Arabia,english-urdu-mix,4.9,Dammam mein 7 saal se hoon. Record correction ka kaam PakExcise se kiya. Perfect.
REV0512,service:vehicle-data-correction,Vehicle Data Correction,Iftikhar Ghazi,male,overseas-pakistani,"London, UK",UK,english,4.7,Couldn't return from London for data correction. PakExcise handled it completely.
REV0513,service:vehicle-data-correction,Vehicle Data Correction,Javed Warraich,male,overseas-pakistani,"Manchester, UK",UK,english-urdu-mix,5.0,Manchester se data correction remotely ho gayi. Perfect service for overseas Pakistanis.
REV0514,service:vehicle-data-correction,Vehicle Data Correction,Bushra Tariq,female,overseas-pakistani,"Birmingham, UK",UK,english,4.7,Trusted PakExcise from Birmingham with data correction. Delivered on time. 5 stars.
REV0515,service:vehicle-data-correction,Vehicle Data Correction,Kashif Noor,male,overseas-pakistani,"New York, USA",USA,english-urdu-mix,4.9,New York se data correction karwani thi. PakExcise ne kar diya. Bohat shukriya!
REV0516,service:vehicle-data-correction,Vehicle Data Correction,Liyaqat Ali,male,overseas-pakistani,"Houston, USA",USA,english,5.0,"From Houston, vehicle data corrected via PakExcise. Zero issues. Recommend."
REV0517,service:vehicle-data-correction,Vehicle Data Correction,Mohsin Tariq,male,overseas-pakistani,"Chicago, USA",USA,english-urdu-mix,4.5,Chicago mein hoon lekin vehicle record PakExcise ne correct kar diya. Koi tension nahi.
REV0518,service:vehicle-data-correction,Vehicle Data Correction,Nadeem Aslam,male,overseas-pakistani,"Kuwait City, Kuwait",Kuwait,english,4.7,PakExcise saved me a trip from Kuwait City. Vehicle record corrected. Excellent.
REV0519,service:vehicle-data-correction,Vehicle Data Correction,Dua Farooq,female,overseas-pakistani,"Istanbul, Turkey",Turkey,english-urdu-mix,4.7,"Istanbul se contact kiya, data correction ho gayi. PakExcise delivers!"
REV0520,service:vehicle-data-correction,Vehicle Data Correction,Omar Cheema,male,overseas-pakistani,"Ankara, Turkey",Turkey,english,4.8,From Ankara to corrected vehicle record — PakExcise made it completely easy.
REV0521,service:vehicle-data-correction,Vehicle Data Correction,Pervaiz Sattar,male,overseas-pakistani,"Doha, Qatar",Qatar,english-urdu-mix,4.8,Doha mein 10 saal se hoon. Record correction ka kaam PakExcise se kiya. Perfect.
REV0522,service:vehicle-data-correction,Vehicle Data Correction,Qadeer Ahmad,male,overseas-pakistani,"Singapore, Singapore",Singapore,english,4.5,Living in Singapore — name error in vehicle record. PakExcise corrected it remotely.
REV0523,service:vehicle-data-correction,Vehicle Data Correction,Rehan Butt,male,overseas-pakistani,"Beijing, China",China,english-urdu-mix,4.7,Beijing se data correction remotely ho gayi. Perfect service for overseas Pakistanis.
REV0524,service:vehicle-data-correction,Vehicle Data Correction,Esha Raza,female,overseas-pakistani,"Shanghai, China",China,english,4.8,Couldn't return from Shanghai for data correction. PakExcise handled it completely.
REV0525,service:vehicle-data-correction,Vehicle Data Correction,Sardar Imran,male,overseas-pakistani,"Muscat, Oman",Oman,english-urdu-mix,5.0,Muscat se data correction karwani thi. PakExcise ne kar diya. Bohat shukriya!
REV0526,service:vehicle-inspection,Vehicle Inspection,Ghulam Haider,male,local,Pakistan,Pakistan,pakistani-english,4.8,Very professional. Told me what inspector checks before I went. Car passed easily.
REV0527,service:vehicle-inspection,Vehicle Inspection,Haseeb Nawaz,male,local,Pakistan,Pakistan,pakistani-english,4.7,Quick and honest guidance. Vehicle inspection done properly through PakExcise.
REV0528,service:vehicle-inspection,Vehicle Inspection,Irshad Pasha,male,local,Pakistan,Pakistan,pakistani-english,4.8,Vehicle inspection done through PakExcise. They told me what to fix beforehand — car passed first attempt.
REV0529,service:vehicle-inspection,Vehicle Inspection,Jalal ud Din,male,local,Pakistan,Pakistan,english-urdu-mix,4.9,Inspection ke documents aur appointment sab PakExcise ne handle kiya. Mujhe sirf jana tha.
REV0530,service:vehicle-inspection,Vehicle Inspection,Hina Malik,female,local,Pakistan,Pakistan,english-urdu-mix,4.5,Inspection ka process confusing tha. PakExcise ne sab clear kar diya. Kamaal service!
REV0531,service:vehicle-inspection,Vehicle Inspection,Tahir Pirzada,male,overseas-pakistani,"Dubai, UAE",UAE,english,4.9,Best for overseas Pakistanis. Vehicle inspection from Dubai sorted by PakExcise.
REV0532,service:vehicle-inspection,Vehicle Inspection,Usman Bhatti,male,overseas-pakistani,"Abu Dhabi, UAE",UAE,english-urdu-mix,4.9,WhatsApp pe sab update mila. Inspection time pe ho gayi. Bohat acha experience.
REV0533,service:vehicle-inspection,Vehicle Inspection,Waseem Zahid,male,overseas-pakistani,"Sharjah, UAE",UAE,english,4.9,Vehicle inspection managed from Sharjah via PakExcise. All confirmations on WhatsApp.
REV0534,service:vehicle-inspection,Vehicle Inspection,Fiza Shah,female,overseas-pakistani,"Riyadh, Saudi Arabia",Saudi Arabia,english-urdu-mix,4.8,PakExcise ne inspection ki mushkil khatam kar di. Riyadh se ho gaya. Shukriya!
REV0535,service:vehicle-inspection,Vehicle Inspection,Yasir Gulzar,male,overseas-pakistani,"Jeddah, Saudi Arabia",Saudi Arabia,english,4.6,"From Jeddah, vehicle inspection arranged via PakExcise. Car passed first attempt."
REV0536,service:vehicle-inspection,Vehicle Inspection,Zahoor Ahmed,male,overseas-pakistani,"Dammam, Saudi Arabia",Saudi Arabia,english-urdu-mix,5.0,Bahar se inspection mushkil tha. PakExcise ne asaan kar diya. Kamaal!
REV0537,service:vehicle-inspection,Vehicle Inspection,Asad Minhas,male,overseas-pakistani,"London, UK",UK,english,5.0,Vehicle inspection sorted from London. PakExcise guided on what to prepare. Smooth.
REV0538,service:vehicle-inspection,Vehicle Inspection,Burhan Khalid,male,overseas-pakistani,"Manchester, UK",UK,english-urdu-mix,4.9,Inspection fail ho gayi thi. Manchester se PakExcise ne sahi guide kiya aur pass ho gayi.
REV0539,service:vehicle-inspection,Vehicle Inspection,Huma Iqbal,female,overseas-pakistani,"Birmingham, UK",UK,english,4.7,No relatives needed. Inspection sorted from Birmingham by PakExcise. Professional.
REV0540,service:vehicle-inspection,Vehicle Inspection,Dilnawaz Rao,male,overseas-pakistani,"New York, USA",USA,english-urdu-mix,4.9,Rishtedaron ko nahi pakarna tha. PakExcise ne inspection khud karwai. Trusted.
REV0541,service:vehicle-inspection,Vehicle Inspection,Farrukh Toor,male,overseas-pakistani,"Houston, USA",USA,english,4.9,"Fair charges, expert team. Vehicle inspection from Houston via PakExcise."
REV0542,service:vehicle-inspection,Vehicle Inspection,Ghazanfar Ali,male,overseas-pakistani,"Chicago, USA",USA,english-urdu-mix,4.9,WhatsApp pe sab update mila. Inspection time pe ho gayi. Bohat acha experience.
REV0543,service:vehicle-inspection,Vehicle Inspection,Habib Malik,male,overseas-pakistani,"Kuwait City, Kuwait",Kuwait,english,4.5,Best for overseas Pakistanis. Vehicle inspection from Kuwait City sorted by PakExcise.
REV0544,service:vehicle-inspection,Vehicle Inspection,Iqra Chaudhry,female,overseas-pakistani,"Istanbul, Turkey",Turkey,english-urdu-mix,5.0,PakExcise ne inspection ki mushkil khatam kar di. Istanbul se ho gaya. Shukriya!
REV0545,service:vehicle-inspection,Vehicle Inspection,Imran Gul,male,overseas-pakistani,"Ankara, Turkey",Turkey,english,5.0,Vehicle inspection managed from Ankara via PakExcise. All confirmations on WhatsApp.
REV0546,service:vehicle-inspection,Vehicle Inspection,Jamshed Khattak,male,overseas-pakistani,"Doha, Qatar",Qatar,english-urdu-mix,4.8,Bahar se inspection mushkil tha. PakExcise ne asaan kar diya. Kamaal!
REV0547,service:vehicle-inspection,Vehicle Inspection,Kaleem Ullah,male,overseas-pakistani,"Singapore, Singapore",Singapore,english,4.9,"From Singapore, vehicle inspection arranged via PakExcise. Car passed first attempt."
REV0548,service:vehicle-inspection,Vehicle Inspection,Umar Saeed,male,overseas-pakistani,"Beijing, China",China,english-urdu-mix,4.7,Inspection fail ho gayi thi. Beijing se PakExcise ne sahi guide kiya aur pass ho gayi.
REV0549,service:vehicle-inspection,Vehicle Inspection,Javeria Ahmad,female,overseas-pakistani,"Shanghai, China",China,english,5.0,Vehicle inspection sorted from Shanghai. PakExcise guided on what to prepare. Smooth.
REV0550,service:vehicle-inspection,Vehicle Inspection,Babar Zaman,male,overseas-pakistani,"Muscat, Oman",Oman,english-urdu-mix,4.5,Rishtedaron ko nahi pakarna tha. PakExcise ne inspection khud karwai. Trusted.
REV0551,service:vehicle-inspection-islamabad-ict,Vehicle Inspection Islamabad ICT,Khawar Anwar,male,local,Pakistan,Pakistan,pakistani-english,4.6,Quick and honest guidance. Vehicle inspection done properly through PakExcise.
REV0552,service:vehicle-inspection-islamabad-ict,Vehicle Inspection Islamabad ICT,Luqman Satti,male,local,Pakistan,Pakistan,pakistani-english,5.0,Vehicle inspection done through PakExcise. They told me what to fix beforehand — car passed first attempt.
REV0553,service:vehicle-inspection-islamabad-ict,Vehicle Inspection Islamabad ICT,Muneer Waheed,male,local,Pakistan,Pakistan,pakistani-english,4.7,PakExcise guided me on inspection documents and appointment. Very smooth experience.
REV0554,service:vehicle-inspection-islamabad-ict,Vehicle Inspection Islamabad ICT,Naseer Hameed,male,local,Pakistan,Pakistan,english-urdu-mix,4.6,Pehle inspection fail ho gayi thi wrong documents se. PakExcise ne sahi guide kiya. Passed!
REV0555,service:vehicle-inspection-islamabad-ict,Vehicle Inspection Islamabad ICT,Uzma Farooq,female,local,Pakistan,Pakistan,english-urdu-mix,4.5,Vehicle inspection PakExcise se karwai. Pehli dafa pass ho gayi. Bohat shukriya!
REV0556,service:vehicle-inspection-islamabad-ict,Vehicle Inspection Islamabad ICT,Aamir Naseem,male,overseas-pakistani,"Dubai, UAE",UAE,english,4.9,From Dubai to cleared inspection — PakExcise made it completely easy.
REV0557,service:vehicle-inspection-islamabad-ict,Vehicle Inspection Islamabad ICT,Talal Pervaiz,male,overseas-pakistani,"Abu Dhabi, UAE",UAE,english-urdu-mix,5.0,Abu Dhabi mein hoon lekin vehicle inspection PakExcise ne karwa di. Koi tension nahi.
REV0558,service:vehicle-inspection-islamabad-ict,Vehicle Inspection Islamabad ICT,Saifullah Khan,male,overseas-pakistani,"Sharjah, UAE",UAE,english,4.9,Living in Sharjah — vehicle inspection in Pakistan sorted by PakExcise remotely.
REV0559,service:vehicle-inspection-islamabad-ict,Vehicle Inspection Islamabad ICT,Lubna Pervaiz,female,overseas-pakistani,"Riyadh, Saudi Arabia",Saudi Arabia,english-urdu-mix,5.0,"Riyadh se contact kiya, inspection ho gayi. PakExcise really delivers!"
REV0560,service:vehicle-inspection-islamabad-ict,Vehicle Inspection Islamabad ICT,Danish Cheema,male,overseas-pakistani,"Jeddah, Saudi Arabia",Saudi Arabia,english,4.9,Couldn't return from Jeddah for inspection. PakExcise arranged and handled it.
REV0561,service:vehicle-inspection-islamabad-ict,Vehicle Inspection Islamabad ICT,Qasim Butt,male,overseas-pakistani,"Dammam, Saudi Arabia",Saudi Arabia,english-urdu-mix,5.0,Dammam mein 7 saal se hoon. Vehicle inspection ka kaam PakExcise se karta hoon.
REV0562,service:vehicle-inspection-islamabad-ict,Vehicle Inspection Islamabad ICT,Zubair Anwar,male,overseas-pakistani,"London, UK",UK,english,4.9,Trusted PakExcise from London with vehicle inspection. Delivered on time. 5 stars.
REV0563,service:vehicle-inspection-islamabad-ict,Vehicle Inspection Islamabad ICT,Haroon Maqbool,male,overseas-pakistani,"Manchester, UK",UK,english-urdu-mix,4.6,Manchester se vehicle inspection remotely ho gayi. Perfect service for expats.
REV0564,service:vehicle-inspection-islamabad-ict,Vehicle Inspection Islamabad ICT,Misbah Karim,female,overseas-pakistani,"Birmingham, UK",UK,english,4.8,"From Birmingham, vehicle inspection done through PakExcise. Zero issues. Recommend."
REV0565,service:vehicle-inspection-islamabad-ict,Vehicle Inspection Islamabad ICT,Majid Awan,male,overseas-pakistani,"New York, USA",USA,english-urdu-mix,4.8,New York se vehicle inspection karwani thi. PakExcise ne handle kiya. Bohat shukriya!
REV0566,service:vehicle-inspection-islamabad-ict,Vehicle Inspection Islamabad ICT,Nadir Sohail,male,overseas-pakistani,"Houston, USA",USA,english,4.8,PakExcise saved me a trip from Houston. Vehicle inspection cleared. Excellent.
REV0567,service:vehicle-inspection-islamabad-ict,Vehicle Inspection Islamabad ICT,Osama Rehman,male,overseas-pakistani,"Chicago, USA",USA,english-urdu-mix,4.7,Chicago mein hoon lekin vehicle inspection PakExcise ne karwa di. Koi tension nahi.
REV0568,service:vehicle-inspection-islamabad-ict,Vehicle Inspection Islamabad ICT,Parvez Malik,male,overseas-pakistani,"Kuwait City, Kuwait",Kuwait,english,4.6,From Kuwait City to cleared inspection — PakExcise made it completely easy.
REV0569,service:vehicle-inspection-islamabad-ict,Vehicle Inspection Islamabad ICT,Nosheen Ali,female,overseas-pakistani,"Istanbul, Turkey",Turkey,english-urdu-mix,5.0,"Istanbul se contact kiya, inspection ho gayi. PakExcise really delivers!"
REV0570,service:vehicle-inspection-islamabad-ict,Vehicle Inspection Islamabad ICT,Raza Haider,male,overseas-pakistani,"Ankara, Turkey",Turkey,english,4.5,Living in Ankara — vehicle inspection in Pakistan sorted by PakExcise remotely.
REV0571,service:vehicle-inspection-islamabad-ict,Vehicle Inspection Islamabad ICT,Shahzad Gill,male,overseas-pakistani,"Doha, Qatar",Qatar,english-urdu-mix,4.9,Doha mein 10 saal se hoon. Vehicle inspection ka kaam PakExcise se karta hoon.
REV0572,service:vehicle-inspection-islamabad-ict,Vehicle Inspection Islamabad ICT,Talib Hussain,male,overseas-pakistani,"Singapore, Singapore",Singapore,english,4.9,Couldn't return from Singapore for inspection. PakExcise arranged and handled it.
REV0573,service:vehicle-inspection-islamabad-ict,Vehicle Inspection Islamabad ICT,Usman Farooq,male,overseas-pakistani,"Beijing, China",China,english-urdu-mix,4.8,Beijing se vehicle inspection remotely ho gayi. Perfect service for expats.
REV0574,service:vehicle-inspection-islamabad-ict,Vehicle Inspection Islamabad ICT,Sundas Khan,female,overseas-pakistani,"Shanghai, China",China,english,4.7,Trusted PakExcise from Shanghai with vehicle inspection. Delivered on time. 5 stars.
REV0575,service:vehicle-inspection-islamabad-ict,Vehicle Inspection Islamabad ICT,Wakeel Ahmad,male,overseas-pakistani,"Muscat, Oman",Oman,english-urdu-mix,4.8,Muscat se vehicle inspection karwani thi. PakExcise ne handle kiya. Bohat shukriya!
REV0576,service:vehicle-inspection-punjab,Vehicle Inspection Punjab,Owais Ashraf,male,local,Pakistan,Pakistan,pakistani-english,4.8,Vehicle inspection done through PakExcise. They told me what to fix beforehand — car passed first attempt.
REV0577,service:vehicle-inspection-punjab,Vehicle Inspection Punjab,Pervez Rashid,male,local,Pakistan,Pakistan,pakistani-english,4.7,PakExcise guided me on inspection documents and appointment. Very smooth experience.
REV0578,service:vehicle-inspection-punjab,Vehicle Inspection Punjab,Qaisar Jamil,male,local,Pakistan,Pakistan,pakistani-english,4.8,Had failed inspection before due to wrong documents. PakExcise prepared me correctly this time.
REV0579,service:vehicle-inspection-punjab,Vehicle Inspection Punjab,Ramzan Sohail,male,local,Pakistan,Pakistan,english-urdu-mix,5.0,Inspection ka process confusing tha. PakExcise ne sab clear kar diya. Kamaal service!
REV0580,service:vehicle-inspection-punjab,Vehicle Inspection Punjab,Madiha Raza,female,local,Pakistan,Pakistan,english-urdu-mix,4.5,Inspection ke documents aur appointment sab PakExcise ne handle kiya. Mujhe sirf jana tha.
REV0581,service:vehicle-inspection-punjab,Vehicle Inspection Punjab,Yaseen Abbasi,male,overseas-pakistani,"Dubai, UAE",UAE,english,4.7,Vehicle inspection managed from Dubai via PakExcise. All confirmations on WhatsApp.
REV0582,service:vehicle-inspection-punjab,Vehicle Inspection Punjab,Zain ul Abideen,male,overseas-pakistani,"Abu Dhabi, UAE",UAE,english-urdu-mix,4.5,WhatsApp pe sab update mila. Inspection time pe ho gayi. Bohat acha experience.
REV0583,service:vehicle-inspection-punjab,Vehicle Inspection Punjab,Arshad Hafeez,male,overseas-pakistani,"Sharjah, UAE",UAE,english,4.8,"From Sharjah, vehicle inspection arranged via PakExcise. Car passed first attempt."
REV0584,service:vehicle-inspection-punjab,Vehicle Inspection Punjab,Fareeha Malik,female,overseas-pakistani,"Riyadh, Saudi Arabia",Saudi Arabia,english-urdu-mix,4.9,PakExcise ne inspection ki mushkil khatam kar di. Riyadh se ho gaya. Shukriya!
REV0585,service:vehicle-inspection-punjab,Vehicle Inspection Punjab,Bilal Zaidi,male,overseas-pakistani,"Jeddah, Saudi Arabia",Saudi Arabia,english,5.0,Vehicle inspection sorted from Jeddah. PakExcise guided on what to prepare. Smooth.
REV0586,service:vehicle-inspection-punjab,Vehicle Inspection Punjab,Dawood Elahi,male,overseas-pakistani,"Dammam, Saudi Arabia",Saudi Arabia,english-urdu-mix,4.6,Bahar se inspection mushkil tha. PakExcise ne asaan kar diya. Kamaal!
REV0587,service:vehicle-inspection-punjab,Vehicle Inspection Punjab,Faizan Sheikh,male,overseas-pakistani,"London, UK",UK,english,5.0,No relatives needed. Inspection sorted from London by PakExcise. Professional.
REV0588,service:vehicle-inspection-punjab,Vehicle Inspection Punjab,Hamza Mirza,male,overseas-pakistani,"Manchester, UK",UK,english-urdu-mix,5.0,Inspection fail ho gayi thi. Manchester se PakExcise ne sahi guide kiya aur pass ho gayi.
REV0589,service:vehicle-inspection-punjab,Vehicle Inspection Punjab,Rida Sheikh,female,overseas-pakistani,"Birmingham, UK",UK,english,4.8,"Fair charges, expert team. Vehicle inspection from Birmingham via PakExcise."
REV0590,service:vehicle-inspection-punjab,Vehicle Inspection Punjab,Iftikhar Ghazi,male,overseas-pakistani,"New York, USA",USA,english-urdu-mix,4.9,Rishtedaron ko nahi pakarna tha. PakExcise ne inspection khud karwai. Trusted.
REV0591,service:vehicle-inspection-punjab,Vehicle Inspection Punjab,Javed Warraich,male,overseas-pakistani,"Houston, USA",USA,english,4.8,Best for overseas Pakistanis. Vehicle inspection from Houston sorted by PakExcise.
REV0592,service:vehicle-inspection-punjab,Vehicle Inspection Punjab,Kashif Noor,male,overseas-pakistani,"Chicago, USA",USA,english-urdu-mix,4.6,WhatsApp pe sab update mila. Inspection time pe ho gayi. Bohat acha experience.
REV0593,service:vehicle-inspection-punjab,Vehicle Inspection Punjab,Liyaqat Ali,male,overseas-pakistani,"Kuwait City, Kuwait",Kuwait,english,4.8,Vehicle inspection managed from Kuwait City via PakExcise. All confirmations on WhatsApp.
REV0594,service:vehicle-inspection-punjab,Vehicle Inspection Punjab,Sadia Rahman,female,overseas-pakistani,"Istanbul, Turkey",Turkey,english-urdu-mix,4.9,PakExcise ne inspection ki mushkil khatam kar di. Istanbul se ho gaya. Shukriya!
REV0595,service:vehicle-inspection-punjab,Vehicle Inspection Punjab,Mohsin Tariq,male,overseas-pakistani,"Ankara, Turkey",Turkey,english,4.5,"From Ankara, vehicle inspection arranged via PakExcise. Car passed first attempt."
REV0596,service:vehicle-inspection-punjab,Vehicle Inspection Punjab,Nadeem Aslam,male,overseas-pakistani,"Doha, Qatar",Qatar,english-urdu-mix,4.9,Bahar se inspection mushkil tha. PakExcise ne asaan kar diya. Kamaal!
REV0597,service:vehicle-inspection-punjab,Vehicle Inspection Punjab,Omar Cheema,male,overseas-pakistani,"Singapore, Singapore",Singapore,english,4.9,Vehicle inspection sorted from Singapore. PakExcise guided on what to prepare. Smooth.
REV0598,service:vehicle-inspection-punjab,Vehicle Inspection Punjab,Pervaiz Sattar,male,overseas-pakistani,"Beijing, China",China,english-urdu-mix,4.9,Inspection fail ho gayi thi. Beijing se PakExcise ne sahi guide kiya aur pass ho gayi.
REV0599,service:vehicle-inspection-punjab,Vehicle Inspection Punjab,Aisha Pervaiz,female,overseas-pakistani,"Shanghai, China",China,english,5.0,No relatives needed. Inspection sorted from Shanghai by PakExcise. Professional.
REV0600,service:vehicle-inspection-punjab,Vehicle Inspection Punjab,Qadeer Ahmad,male,overseas-pakistani,"Muscat, Oman",Oman,english-urdu-mix,5.0,Rishtedaron ko nahi pakarna tha. PakExcise ne inspection khud karwai. Trusted.
REV0601,service:vehicle-passing-fitness,Vehicle Passing / Fitness,Sajjad Asghar,male,local,Pakistan,Pakistan,pakistani-english,4.9,"Commercial vehicle passing done by PakExcise. Very smooth process, certificate on time."
REV0602,service:vehicle-passing-fitness,Vehicle Passing / Fitness,Tufail Warraich,male,local,Pakistan,Pakistan,pakistani-english,4.8,Vehicle fitness was overdue. PakExcise calculated fine and handled certificate together.
REV0603,service:vehicle-passing-fitness,Vehicle Passing / Fitness,Umair Hayat,male,local,Pakistan,Pakistan,pakistani-english,4.7,Passed vehicle fitness first attempt with PakExcise guidance. Their preparation tips were valuable.
REV0604,service:vehicle-passing-fitness,Vehicle Passing / Fitness,Wasiq Chishti,male,local,Pakistan,Pakistan,english-urdu-mix,5.0,Fitness certificate PakExcise se karwai. Pehli dafa pass ho gayi. Shukriya!
REV0605,service:vehicle-passing-fitness,Vehicle Passing / Fitness,Kiran Iqbal,female,local,Pakistan,Pakistan,english-urdu-mix,5.0,Passing process confusing tha. PakExcise ne bilkul clear kar diya. Kamaal service!
REV0606,service:vehicle-passing-fitness,Vehicle Passing / Fitness,Rehan Butt,male,overseas-pakistani,"Dubai, UAE",UAE,english,4.5,Living in Dubai — commercial vehicle fitness managed by PakExcise. Reliable.
REV0607,service:vehicle-passing-fitness,Vehicle Passing / Fitness,Sardar Imran,male,overseas-pakistani,"Abu Dhabi, UAE",UAE,english-urdu-mix,4.9,Abu Dhabi mein hoon lekin fitness certificate PakExcise ne karwa di. Koi tension nahi.
REV0608,service:vehicle-passing-fitness,Vehicle Passing / Fitness,Tahir Pirzada,male,overseas-pakistani,"Sharjah, UAE",UAE,english,5.0,Couldn't return from Sharjah for fitness certificate. PakExcise sorted it out.
REV0609,service:vehicle-passing-fitness,Vehicle Passing / Fitness,Rukhsar Ahmed,female,overseas-pakistani,"Riyadh, Saudi Arabia",Saudi Arabia,english-urdu-mix,4.7,"Riyadh se contact kiya, fitness certificate ho gayi. PakExcise delivers!"
REV0610,service:vehicle-passing-fitness,Vehicle Passing / Fitness,Usman Bhatti,male,overseas-pakistani,"Jeddah, Saudi Arabia",Saudi Arabia,english,4.8,Trusted PakExcise from Jeddah with vehicle fitness. Delivered as promised. 5 stars.
REV0611,service:vehicle-passing-fitness,Vehicle Passing / Fitness,Waseem Zahid,male,overseas-pakistani,"Dammam, Saudi Arabia",Saudi Arabia,english-urdu-mix,5.0,Dammam mein 7 saal se hoon. Fitness certificate ka kaam PakExcise se karta hoon.
REV0612,service:vehicle-passing-fitness,Vehicle Passing / Fitness,Yasir Gulzar,male,overseas-pakistani,"London, UK",UK,english,4.9,"From London, vehicle passing done through PakExcise. Zero issues. Recommend."
REV0613,service:vehicle-passing-fitness,Vehicle Passing / Fitness,Zahoor Ahmed,male,overseas-pakistani,"Manchester, UK",UK,english-urdu-mix,4.9,Manchester se fitness certificate remotely mili. Perfect service for overseas Pakistanis.
REV0614,service:vehicle-passing-fitness,Vehicle Passing / Fitness,Zainab Hussain,female,overseas-pakistani,"Birmingham, UK",UK,english,4.9,PakExcise saved me a trip from Birmingham. Vehicle fitness cleared. Great service.
REV0615,service:vehicle-passing-fitness,Vehicle Passing / Fitness,Asad Minhas,male,overseas-pakistani,"New York, USA",USA,english-urdu-mix,4.9,New York se fitness certificate karwani thi. PakExcise ne kar diya. Bohat shukriya!
REV0616,service:vehicle-passing-fitness,Vehicle Passing / Fitness,Burhan Khalid,male,overseas-pakistani,"Houston, USA",USA,english,4.5,From Houston to completed fitness certificate — PakExcise made it seamless.
REV0617,service:vehicle-passing-fitness,Vehicle Passing / Fitness,Dilnawaz Rao,male,overseas-pakistani,"Chicago, USA",USA,english-urdu-mix,4.8,Chicago mein hoon lekin fitness certificate PakExcise ne karwa di. Koi tension nahi.
REV0618,service:vehicle-passing-fitness,Vehicle Passing / Fitness,Farrukh Toor,male,overseas-pakistani,"Kuwait City, Kuwait",Kuwait,english,4.7,Living in Kuwait City — commercial vehicle fitness managed by PakExcise. Reliable.
REV0619,service:vehicle-passing-fitness,Vehicle Passing / Fitness,Nadia Baig,female,overseas-pakistani,"Istanbul, Turkey",Turkey,english-urdu-mix,4.7,"Istanbul se contact kiya, fitness certificate ho gayi. PakExcise delivers!"
REV0620,service:vehicle-passing-fitness,Vehicle Passing / Fitness,Ghazanfar Ali,male,overseas-pakistani,"Ankara, Turkey",Turkey,english,5.0,Couldn't return from Ankara for fitness certificate. PakExcise sorted it out.
REV0621,service:vehicle-passing-fitness,Vehicle Passing / Fitness,Habib Malik,male,overseas-pakistani,"Doha, Qatar",Qatar,english-urdu-mix,4.6,Doha mein 10 saal se hoon. Fitness certificate ka kaam PakExcise se karta hoon.
REV0622,service:vehicle-passing-fitness,Vehicle Passing / Fitness,Imran Gul,male,overseas-pakistani,"Singapore, Singapore",Singapore,english,4.9,Trusted PakExcise from Singapore with vehicle fitness. Delivered as promised. 5 stars.
REV0623,service:vehicle-passing-fitness,Vehicle Passing / Fitness,Jamshed Khattak,male,overseas-pakistani,"Beijing, China",China,english-urdu-mix,4.9,Beijing se fitness certificate remotely mili. Perfect service for overseas Pakistanis.
REV0624,service:vehicle-passing-fitness,Vehicle Passing / Fitness,Kiran Bhatti,female,overseas-pakistani,"Shanghai, China",China,english,4.7,"From Shanghai, vehicle passing done through PakExcise. Zero issues. Recommend."
REV0625,service:vehicle-passing-fitness,Vehicle Passing / Fitness,Kaleem Ullah,male,overseas-pakistani,"Muscat, Oman",Oman,english-urdu-mix,4.8,Muscat se fitness certificate karwani thi. PakExcise ne kar diya. Bohat shukriya!
REV0626,service:vehicle-passing-fitness-islamabad-ict,Vehicle Passing / Fitness Islamabad ICT,Yousuf Pirzada,male,local,Pakistan,Pakistan,pakistani-english,4.8,Vehicle fitness was overdue. PakExcise calculated fine and handled certificate together.
REV0627,service:vehicle-passing-fitness-islamabad-ict,Vehicle Passing / Fitness Islamabad ICT,Zaheer Babar,male,local,Pakistan,Pakistan,pakistani-english,4.7,Passed vehicle fitness first attempt with PakExcise guidance. Their preparation tips were valuable.
REV0628,service:vehicle-passing-fitness-islamabad-ict,Vehicle Passing / Fitness Islamabad ICT,Amir Jatt,male,local,Pakistan,Pakistan,pakistani-english,5.0,"Fitness certificate process made simple by PakExcise. Clear requirements, fair charges."
REV0629,service:vehicle-passing-fitness-islamabad-ict,Vehicle Passing / Fitness Islamabad ICT,Baqar Rizvi,male,local,Pakistan,Pakistan,english-urdu-mix,4.7,Vehicle fitness overdue tha. PakExcise ne fine aur certificate dono ek saath handle kiya. Perfect.
REV0630,service:vehicle-passing-fitness-islamabad-ict,Vehicle Passing / Fitness Islamabad ICT,Nadia Shah,female,local,Pakistan,Pakistan,english-urdu-mix,4.5,Commercial vehicle ki fitness PakExcise ne karwai. Koi rejection nahi. Bohat acha!
REV0631,service:vehicle-passing-fitness-islamabad-ict,Vehicle Passing / Fitness Islamabad ICT,Umar Saeed,male,overseas-pakistani,"Dubai, UAE",UAE,english,4.7,"From Dubai, vehicle passing arranged through PakExcise. Got certificate on time."
REV0632,service:vehicle-passing-fitness-islamabad-ict,Vehicle Passing / Fitness Islamabad ICT,Babar Zaman,male,overseas-pakistani,"Abu Dhabi, UAE",UAE,english-urdu-mix,4.6,WhatsApp pe sab update mila. Fitness certificate time pe aayi. Bohat acha.
REV0633,service:vehicle-passing-fitness-islamabad-ict,Vehicle Passing / Fitness Islamabad ICT,Aamir Naseem,male,overseas-pakistani,"Sharjah, UAE",UAE,english,4.7,Vehicle fitness from Sharjah — PakExcise guided and handled everything. Excellent.
REV0634,service:vehicle-passing-fitness-islamabad-ict,Vehicle Passing / Fitness Islamabad ICT,Amber Hussain,female,overseas-pakistani,"Riyadh, Saudi Arabia",Saudi Arabia,english-urdu-mix,4.8,PakExcise ne fitness ki tension khatam kar di. Certificate Riyadh se ho gayi!
REV0635,service:vehicle-passing-fitness-islamabad-ict,Vehicle Passing / Fitness Islamabad ICT,Talal Pervaiz,male,overseas-pakistani,"Jeddah, Saudi Arabia",Saudi Arabia,english,4.5,No relatives needed. Fitness certificate sorted from Jeddah by PakExcise.
REV0636,service:vehicle-passing-fitness-islamabad-ict,Vehicle Passing / Fitness Islamabad ICT,Saifullah Khan,male,overseas-pakistani,"Dammam, Saudi Arabia",Saudi Arabia,english-urdu-mix,5.0,Bahar se vehicle fitness mushkil tha. PakExcise ne asaan kar diya. Kamaal!
REV0637,service:vehicle-passing-fitness-islamabad-ict,Vehicle Passing / Fitness Islamabad ICT,Danish Cheema,male,overseas-pakistani,"London, UK",UK,english,4.7,"Fair charges, professional team. Fitness certificate from London via PakExcise."
REV0638,service:vehicle-passing-fitness-islamabad-ict,Vehicle Passing / Fitness Islamabad ICT,Qasim Butt,male,overseas-pakistani,"Manchester, UK",UK,english-urdu-mix,4.9,Fitness overdue tha. Manchester se PakExcise ne fine calculate karke sab handle kiya.
REV0639,service:vehicle-passing-fitness-islamabad-ict,Vehicle Passing / Fitness Islamabad ICT,Bushra Tariq,female,overseas-pakistani,"Birmingham, UK",UK,english,4.7,Best for overseas Pakistanis. Fitness certificate from Birmingham via PakExcise.
REV0640,service:vehicle-passing-fitness-islamabad-ict,Vehicle Passing / Fitness Islamabad ICT,Zubair Anwar,male,overseas-pakistani,"New York, USA",USA,english-urdu-mix,4.9,Rishtedaron ko nahi pakarna tha. PakExcise ne fitness khud karwai. Trusted.
REV0641,service:vehicle-passing-fitness-islamabad-ict,Vehicle Passing / Fitness Islamabad ICT,Haroon Maqbool,male,overseas-pakistani,"Houston, USA",USA,english,5.0,Vehicle fitness certificate sorted from Houston via PakExcise. Very smooth process.
REV0642,service:vehicle-passing-fitness-islamabad-ict,Vehicle Passing / Fitness Islamabad ICT,Majid Awan,male,overseas-pakistani,"Chicago, USA",USA,english-urdu-mix,4.5,WhatsApp pe sab update mila. Fitness certificate time pe aayi. Bohat acha.
REV0643,service:vehicle-passing-fitness-islamabad-ict,Vehicle Passing / Fitness Islamabad ICT,Nadir Sohail,male,overseas-pakistani,"Kuwait City, Kuwait",Kuwait,english,5.0,"From Kuwait City, vehicle passing arranged through PakExcise. Got certificate on time."
REV0644,service:vehicle-passing-fitness-islamabad-ict,Vehicle Passing / Fitness Islamabad ICT,Dua Farooq,female,overseas-pakistani,"Istanbul, Turkey",Turkey,english-urdu-mix,4.8,PakExcise ne fitness ki tension khatam kar di. Certificate Istanbul se ho gayi!
REV0645,service:vehicle-passing-fitness-islamabad-ict,Vehicle Passing / Fitness Islamabad ICT,Osama Rehman,male,overseas-pakistani,"Ankara, Turkey",Turkey,english,4.9,Vehicle fitness from Ankara — PakExcise guided and handled everything. Excellent.
REV0646,service:vehicle-passing-fitness-islamabad-ict,Vehicle Passing / Fitness Islamabad ICT,Parvez Malik,male,overseas-pakistani,"Doha, Qatar",Qatar,english-urdu-mix,4.6,Bahar se vehicle fitness mushkil tha. PakExcise ne asaan kar diya. Kamaal!
REV0647,service:vehicle-passing-fitness-islamabad-ict,Vehicle Passing / Fitness Islamabad ICT,Raza Haider,male,overseas-pakistani,"Singapore, Singapore",Singapore,english,4.9,No relatives needed. Fitness certificate sorted from Singapore by PakExcise.
REV0648,service:vehicle-passing-fitness-islamabad-ict,Vehicle Passing / Fitness Islamabad ICT,Shahzad Gill,male,overseas-pakistani,"Beijing, China",China,english-urdu-mix,5.0,Fitness overdue tha. Beijing se PakExcise ne fine calculate karke sab handle kiya.
REV0649,service:vehicle-passing-fitness-islamabad-ict,Vehicle Passing / Fitness Islamabad ICT,Esha Raza,female,overseas-pakistani,"Shanghai, China",China,english,4.9,"Fair charges, professional team. Fitness certificate from Shanghai via PakExcise."
REV0650,service:vehicle-passing-fitness-islamabad-ict,Vehicle Passing / Fitness Islamabad ICT,Talib Hussain,male,overseas-pakistani,"Muscat, Oman",Oman,english-urdu-mix,4.6,Rishtedaron ko nahi pakarna tha. PakExcise ne fitness khud karwai. Trusted.
REV0651,service:vehicle-transfer,Vehicle Transfer,Daniyal Abbasi,male,local,Pakistan,Pakistan,pakistani-english,4.7,Second-hand Honda City transfer ho gayi bina kisi office visit ke. PakExcise team is genuinely helpful.
REV0652,service:vehicle-transfer,Vehicle Transfer,Ehsan Burki,male,local,Pakistan,Pakistan,pakistani-english,4.7,Tried doing vehicle transfer myself — got stuck. Contacted PakExcise and they cleared everything quickly.
REV0653,service:vehicle-transfer,Vehicle Transfer,Feroze Syed,male,local,Pakistan,Pakistan,pakistani-english,4.9,"Very transparent. They told me exact fee upfront, no surprises. Transfer done on time. Five stars."
REV0654,service:vehicle-transfer,Vehicle Transfer,Ghulam Rasool,male,local,Pakistan,Pakistan,english-urdu-mix,4.8,Gaari ka transfer PakExcise se karwaya — sab kuch theek hua. Koi hidden charge nahi. Shukriya!
REV0655,service:vehicle-transfer,Vehicle Transfer,Rabia Hussain,female,local,Pakistan,Pakistan,english-urdu-mix,4.9,Vehicle transfer mein bahut darr tha. PakExcise ne bohat asaan kar diya. Ek dum satisfied hoon!
REV0656,service:vehicle-transfer,Vehicle Transfer,Usman Farooq,male,overseas-pakistani,"Dubai, UAE",UAE,english,4.6,No need to fly back to Pakistan for transfer. PakExcise sorted it while I was in Dubai. Brilliant.
REV0657,service:vehicle-transfer,Vehicle Transfer,Wakeel Ahmad,male,overseas-pakistani,"Abu Dhabi, UAE",UAE,english-urdu-mix,4.9,"Abu Dhabi mein hoon, gaari ka transfer tha Pakistan mein. PakExcise ne handle kar diya. Kisi ko takleef nahi deni padi."
REV0658,service:vehicle-transfer,Vehicle Transfer,Yaseen Abbasi,male,overseas-pakistani,"Sharjah, UAE",UAE,english,5.0,Couldn't take leave from work in Sharjah. PakExcise handled my vehicle transfer. Fast and professional.
REV0659,service:vehicle-transfer,Vehicle Transfer,Fiza Shah,female,overseas-pakistani,"Riyadh, Saudi Arabia",Saudi Arabia,english-urdu-mix,4.6,"Riyadh se contact kiya, transfer ho gaya. Itna simple. PakExcise ko zaroor try karo overseas Pakistanis!"
REV0660,service:vehicle-transfer,Vehicle Transfer,Zain ul Abideen,male,overseas-pakistani,"Jeddah, Saudi Arabia",Saudi Arabia,english,4.8,Honest and responsive team. Transfer completed in days from Jeddah. No hidden charges at all.
REV0661,service:vehicle-transfer,Vehicle Transfer,Arshad Hafeez,male,overseas-pakistani,"Dammam, Saudi Arabia",Saudi Arabia,english-urdu-mix,4.7,Dammam mein 7 saal se hoon. Vehicle transfer ke liye PakExcise best option hai. Highly recommend.
REV0662,service:vehicle-transfer,Vehicle Transfer,Bilal Zaidi,male,overseas-pakistani,"London, UK",UK,english,5.0,My vehicle transfer was completed on time. PakExcise communicated every step while I was in London.
REV0663,service:vehicle-transfer,Vehicle Transfer,Dawood Elahi,male,overseas-pakistani,"Manchester, UK",UK,english-urdu-mix,4.8,Manchester se gaari ka transfer remotely ho gaya. Bilkul theek. Perfect service for overseas Pakistanis.
REV0664,service:vehicle-transfer,Vehicle Transfer,Huma Iqbal,female,overseas-pakistani,"Birmingham, UK",UK,english,4.8,From Birmingham to completed transfer — PakExcise made it seamless. Strongly recommend to overseas Pakistanis.
REV0665,service:vehicle-transfer,Vehicle Transfer,Faizan Sheikh,male,overseas-pakistani,"New York, USA",USA,english-urdu-mix,4.7,New York se vehicle transfer karna mushkil tha. PakExcise ne bohat asaan kar diya. Shukriya!
REV0666,service:vehicle-transfer,Vehicle Transfer,Hamza Mirza,male,overseas-pakistani,"Houston, USA",USA,english,4.8,Living in Houston and had to transfer car ownership in Pakistan. PakExcise made it completely hassle-free.
REV0667,service:vehicle-transfer,Vehicle Transfer,Iftikhar Ghazi,male,overseas-pakistani,"Chicago, USA",USA,english-urdu-mix,4.7,"Chicago mein hoon, gaari ka transfer tha Pakistan mein. PakExcise ne handle kar diya. Kisi ko takleef nahi deni padi."
REV0668,service:vehicle-transfer,Vehicle Transfer,Javed Warraich,male,overseas-pakistani,"Kuwait City, Kuwait",Kuwait,english,4.9,No need to fly back to Pakistan for transfer. PakExcise sorted it while I was in Kuwait City. Brilliant.
REV0669,service:vehicle-transfer,Vehicle Transfer,Iqra Chaudhry,female,overseas-pakistani,"Istanbul, Turkey",Turkey,english-urdu-mix,5.0,"Istanbul se contact kiya, transfer ho gaya. Itna simple. PakExcise ko zaroor try karo overseas Pakistanis!"
REV0670,service:vehicle-transfer,Vehicle Transfer,Kashif Noor,male,overseas-pakistani,"Ankara, Turkey",Turkey,english,4.7,Couldn't take leave from work in Ankara. PakExcise handled my vehicle transfer. Fast and professional.
REV0671,service:vehicle-transfer,Vehicle Transfer,Liyaqat Ali,male,overseas-pakistani,"Doha, Qatar",Qatar,english-urdu-mix,4.8,Doha mein 10 saal se hoon. Vehicle transfer ke liye PakExcise best option hai. Highly recommend.
REV0672,service:vehicle-transfer,Vehicle Transfer,Mohsin Tariq,male,overseas-pakistani,"Singapore, Singapore",Singapore,english,4.9,Honest and responsive team. Transfer completed in days from Singapore. No hidden charges at all.
REV0673,service:vehicle-transfer,Vehicle Transfer,Nadeem Aslam,male,overseas-pakistani,"Beijing, China",China,english-urdu-mix,4.5,Beijing se gaari ka transfer remotely ho gaya. Bilkul theek. Perfect service for overseas Pakistanis.
REV0674,service:vehicle-transfer,Vehicle Transfer,Javeria Ahmad,female,overseas-pakistani,"Shanghai, China",China,english,4.6,My vehicle transfer was completed on time. PakExcise communicated every step while I was in Shanghai.
REV0675,service:vehicle-transfer,Vehicle Transfer,Omar Cheema,male,overseas-pakistani,"Muscat, Oman",Oman,english-urdu-mix,5.0,Muscat se vehicle transfer karna mushkil tha. PakExcise ne bohat asaan kar diya. Shukriya!
REV0676,service:vehicle-transfer-islamabad-ict,Vehicle Transfer Islamabad ICT,Habib ur Rehman,male,local,Pakistan,Pakistan,pakistani-english,4.8,Had no idea about ICT transfer process. PakExcise guided me step by step. Smooth and easy.
REV0677,service:vehicle-transfer-islamabad-ict,Vehicle Transfer Islamabad ICT,Idrees Anwar,male,local,Pakistan,Pakistan,pakistani-english,4.7,"Islamabad vehicle transfer sorted in days. No agent markup, no drama. Fair and fast."
REV0678,service:vehicle-transfer-islamabad-ict,Vehicle Transfer Islamabad ICT,Jamshed Baloch,male,local,Pakistan,Pakistan,pakistani-english,5.0,Vehicle transfer in Islamabad ICT done through PakExcise without a single office visit. Very impressed.
REV0679,service:vehicle-transfer-islamabad-ict,Vehicle Transfer Islamabad ICT,Khalid Laghari,male,local,Pakistan,Pakistan,english-urdu-mix,5.0,ICT excise transfer ruka hua tha. PakExcise ne jaldi resolve kiya. Trusted aur reliable log hain.
REV0680,service:vehicle-transfer-islamabad-ict,Vehicle Transfer Islamabad ICT,Anum Tariq,female,local,Pakistan,Pakistan,english-urdu-mix,5.0,ICT transfer mushkil lagta tha — PakExcise ne foran samjha ke kar diya. Bohat shukriya.
REV0681,service:vehicle-transfer-islamabad-ict,Vehicle Transfer Islamabad ICT,Pervaiz Sattar,male,overseas-pakistani,"Dubai, UAE",UAE,english,4.6,Islamabad ICT transfer completed in days. PakExcise is fully reliable for expats in Dubai.
REV0682,service:vehicle-transfer-islamabad-ict,Vehicle Transfer Islamabad ICT,Qadeer Ahmad,male,overseas-pakistani,"Abu Dhabi, UAE",UAE,english-urdu-mix,4.9,WhatsApp pe sab update mila. ICT vehicle transfer time pe ho gayi. Bohat acha tha.
REV0683,service:vehicle-transfer-islamabad-ict,Vehicle Transfer Islamabad ICT,Rehan Butt,male,overseas-pakistani,"Sharjah, UAE",UAE,english,5.0,From Sharjah to completed ICT transfer — PakExcise made it seamless. Highly recommend.
REV0684,service:vehicle-transfer-islamabad-ict,Vehicle Transfer Islamabad ICT,Lubna Pervaiz,female,overseas-pakistani,"Riyadh, Saudi Arabia",Saudi Arabia,english-urdu-mix,4.9,PakExcise ne Pakistan aane ki zaroorat khatam kar di. ICT transfer Riyadh se ho gaya. Zabardast!
REV0685,service:vehicle-transfer-islamabad-ict,Vehicle Transfer Islamabad ICT,Sardar Imran,male,overseas-pakistani,"Jeddah, Saudi Arabia",Saudi Arabia,english,4.9,ICT transfer was pending for months. PakExcise resolved it from Jeddah quickly.
REV0686,service:vehicle-transfer-islamabad-ict,Vehicle Transfer Islamabad ICT,Tahir Pirzada,male,overseas-pakistani,"Dammam, Saudi Arabia",Saudi Arabia,english-urdu-mix,4.7,Bahar se ICT transfer impossible lagti thi. PakExcise ne asaan kar diya. Bohat shukr guzaar hoon.
REV0687,service:vehicle-transfer-islamabad-ict,Vehicle Transfer Islamabad ICT,Usman Bhatti,male,overseas-pakistani,"London, UK",UK,english,5.0,"Professional team, good communication. ICT transfer done from London without issues."
REV0688,service:vehicle-transfer-islamabad-ict,Vehicle Transfer Islamabad ICT,Waseem Zahid,male,overseas-pakistani,"Manchester, UK",UK,english-urdu-mix,4.6,Rishtedaron ko nahi pakarna tha. PakExcise ne ICT transfer khud kar diya. Bilkul reliable.
REV0689,service:vehicle-transfer-islamabad-ict,Vehicle Transfer Islamabad ICT,Misbah Karim,female,overseas-pakistani,"Birmingham, UK",UK,english,5.0,Islamabad ICT vehicle transfer sorted from Birmingham. PakExcise knows the ICT excise process well.
REV0690,service:vehicle-transfer-islamabad-ict,Vehicle Transfer Islamabad ICT,Yasir Gulzar,male,overseas-pakistani,"New York, USA",USA,english-urdu-mix,4.7,Agents se pahle bahut takleef hui thi. PakExcise ne Islamabad transfer sahi kiya. Ab inhi pe trust.
REV0691,service:vehicle-transfer-islamabad-ict,Vehicle Transfer Islamabad ICT,Zahoor Ahmed,male,overseas-pakistani,"Houston, USA",USA,english,4.8,ICT car transfer managed from Houston via PakExcise. Got updates on WhatsApp. Very smooth.
REV0692,service:vehicle-transfer-islamabad-ict,Vehicle Transfer Islamabad ICT,Asad Minhas,male,overseas-pakistani,"Chicago, USA",USA,english-urdu-mix,4.8,WhatsApp pe sab update mila. ICT vehicle transfer time pe ho gayi. Bohat acha tha.
REV0693,service:vehicle-transfer-islamabad-ict,Vehicle Transfer Islamabad ICT,Burhan Khalid,male,overseas-pakistani,"Kuwait City, Kuwait",Kuwait,english,4.8,Islamabad ICT transfer completed in days. PakExcise is fully reliable for expats in Kuwait City.
REV0694,service:vehicle-transfer-islamabad-ict,Vehicle Transfer Islamabad ICT,Nosheen Ali,female,overseas-pakistani,"Istanbul, Turkey",Turkey,english-urdu-mix,4.6,PakExcise ne Pakistan aane ki zaroorat khatam kar di. ICT transfer Istanbul se ho gaya. Zabardast!
REV0695,service:vehicle-transfer-islamabad-ict,Vehicle Transfer Islamabad ICT,Dilnawaz Rao,male,overseas-pakistani,"Ankara, Turkey",Turkey,english,4.9,From Ankara to completed ICT transfer — PakExcise made it seamless. Highly recommend.
REV0696,service:vehicle-transfer-islamabad-ict,Vehicle Transfer Islamabad ICT,Farrukh Toor,male,overseas-pakistani,"Doha, Qatar",Qatar,english-urdu-mix,5.0,Bahar se ICT transfer impossible lagti thi. PakExcise ne asaan kar diya. Bohat shukr guzaar hoon.
REV0697,service:vehicle-transfer-islamabad-ict,Vehicle Transfer Islamabad ICT,Ghazanfar Ali,male,overseas-pakistani,"Singapore, Singapore",Singapore,english,5.0,ICT transfer was pending for months. PakExcise resolved it from Singapore quickly.
REV0698,service:vehicle-transfer-islamabad-ict,Vehicle Transfer Islamabad ICT,Habib Malik,male,overseas-pakistani,"Beijing, China",China,english-urdu-mix,5.0,Rishtedaron ko nahi pakarna tha. PakExcise ne ICT transfer khud kar diya. Bilkul reliable.
REV0699,service:vehicle-transfer-islamabad-ict,Vehicle Transfer Islamabad ICT,Sundas Khan,female,overseas-pakistani,"Shanghai, China",China,english,5.0,"Professional team, good communication. ICT transfer done from Shanghai without issues."
REV0700,service:vehicle-transfer-islamabad-ict,Vehicle Transfer Islamabad ICT,Imran Gul,male,overseas-pakistani,"Muscat, Oman",Oman,english-urdu-mix,4.7,Agents se pahle bahut takleef hui thi. PakExcise ne Islamabad transfer sahi kiya. Ab inhi pe trust.
REV0701,service:vehicle-transfer-punjab,Vehicle Transfer Punjab,Mahmood Gul,male,local,Pakistan,Pakistan,pakistani-english,4.7,Vehicle transfer Punjab se smoothly ho gaya. Team ne WhatsApp pe sab update diya. Very professional.
REV0702,service:vehicle-transfer-punjab,Vehicle Transfer Punjab,Naveed Sattar,male,local,Pakistan,Pakistan,pakistani-english,5.0,Vehicle transfer in Punjab sorted by PakExcise without any office visit. Very smooth experience.
REV0703,service:vehicle-transfer-punjab,Vehicle Transfer Punjab,Obaid Chishti,male,local,Pakistan,Pakistan,pakistani-english,4.6,Had to transfer a bike from Lahore to Faisalabad. PakExcise handled all the Punjab excise paperwork. Recommended.
REV0704,service:vehicle-transfer-punjab,Vehicle Transfer Punjab,Pervaiz Akhtar,male,local,Pakistan,Pakistan,english-urdu-mix,5.0,Punjab mein vehicle transfer ka masla tha. PakExcise ne bilkul aasaan kar diya. Bohat khush hoon!
REV0705,service:vehicle-transfer-punjab,Vehicle Transfer Punjab,Saima Chaudhry,female,local,Pakistan,Pakistan,english-urdu-mix,4.8,"Punjab ka transfer PakExcise se karwaya. Koi line nahi, koi chakkar nahi. Sab WhatsApp pe hua."
REV0706,service:vehicle-transfer-punjab,Vehicle Transfer Punjab,Jamshed Khattak,male,overseas-pakistani,"Dubai, UAE",UAE,english,5.0,Reliable team for Punjab vehicle work. Transfer done from Dubai with zero headache. 5 stars.
REV0707,service:vehicle-transfer-punjab,Vehicle Transfer Punjab,Kaleem Ullah,male,overseas-pakistani,"Abu Dhabi, UAE",UAE,english-urdu-mix,4.5,Bahar se Punjab transfer impossible lagti thi. PakExcise ne asaan kar diya. Bohat shukr guzaar hoon.
REV0708,service:vehicle-transfer-punjab,Vehicle Transfer Punjab,Umar Saeed,male,overseas-pakistani,"Sharjah, UAE",UAE,english,4.9,"From Sharjah I handled Punjab vehicle transfer through PakExcise. Smooth, fast, professional."
REV0709,service:vehicle-transfer-punjab,Vehicle Transfer Punjab,Fareeha Malik,female,overseas-pakistani,"Riyadh, Saudi Arabia",Saudi Arabia,english-urdu-mix,5.0,Riyadh mein hoon lekin Punjab gaari transfer PakExcise ne kar di. Koi tension nahi. Shukriya!
REV0710,service:vehicle-transfer-punjab,Vehicle Transfer Punjab,Babar Zaman,male,overseas-pakistani,"Jeddah, Saudi Arabia",Saudi Arabia,english,5.0,Been using PakExcise from Jeddah for Punjab vehicle matters. Always delivers. Fully trusted.
REV0711,service:vehicle-transfer-punjab,Vehicle Transfer Punjab,Aamir Naseem,male,overseas-pakistani,"Dammam, Saudi Arabia",Saudi Arabia,english-urdu-mix,5.0,Dammam se Punjab ka kaam aaj kal PakExcise se karta hoon. Time aur paise dono bachte hain.
REV0712,service:vehicle-transfer-punjab,Vehicle Transfer Punjab,Talal Pervaiz,male,overseas-pakistani,"London, UK",UK,english,4.8,Transfer stuck for weeks before I found PakExcise. Sorted from London in no time. Great service.
REV0713,service:vehicle-transfer-punjab,Vehicle Transfer Punjab,Saifullah Khan,male,overseas-pakistani,"Manchester, UK",UK,english-urdu-mix,4.8,"Manchester se contact kiya, Punjab transfer ho gaya. PakExcise really delivers. Recommend everyone."
REV0714,service:vehicle-transfer-punjab,Vehicle Transfer Punjab,Rida Sheikh,female,overseas-pakistani,"Birmingham, UK",UK,english,5.0,Living in Birmingham — needed Punjab vehicle transfer done. PakExcise handled it completely remotely.
REV0715,service:vehicle-transfer-punjab,Vehicle Transfer Punjab,Danish Cheema,male,overseas-pakistani,"New York, USA",USA,english-urdu-mix,4.9,New York se Punjab vehicle transfer karna tha. PakExcise ne bilkul smooth kar diya. Shukriya!
REV0716,service:vehicle-transfer-punjab,Vehicle Transfer Punjab,Qasim Butt,male,overseas-pakistani,"Houston, USA",USA,english,4.7,Couldn't come back from Houston for Punjab transfer. PakExcise did it without me. Highly recommended.
REV0717,service:vehicle-transfer-punjab,Vehicle Transfer Punjab,Zubair Anwar,male,overseas-pakistani,"Chicago, USA",USA,english-urdu-mix,4.8,Bahar se Punjab transfer impossible lagti thi. PakExcise ne asaan kar diya. Bohat shukr guzaar hoon.
REV0718,service:vehicle-transfer-punjab,Vehicle Transfer Punjab,Haroon Maqbool,male,overseas-pakistani,"Kuwait City, Kuwait",Kuwait,english,4.8,Reliable team for Punjab vehicle work. Transfer done from Kuwait City with zero headache. 5 stars.
REV0719,service:vehicle-transfer-punjab,Vehicle Transfer Punjab,Sadia Rahman,female,overseas-pakistani,"Istanbul, Turkey",Turkey,english-urdu-mix,5.0,Istanbul mein hoon lekin Punjab gaari transfer PakExcise ne kar di. Koi tension nahi. Shukriya!
REV0720,service:vehicle-transfer-punjab,Vehicle Transfer Punjab,Majid Awan,male,overseas-pakistani,"Ankara, Turkey",Turkey,english,4.7,"From Ankara I handled Punjab vehicle transfer through PakExcise. Smooth, fast, professional."
REV0721,service:vehicle-transfer-punjab,Vehicle Transfer Punjab,Nadir Sohail,male,overseas-pakistani,"Doha, Qatar",Qatar,english-urdu-mix,5.0,Doha se Punjab ka kaam aaj kal PakExcise se karta hoon. Time aur paise dono bachte hain.
REV0722,service:vehicle-transfer-punjab,Vehicle Transfer Punjab,Osama Rehman,male,overseas-pakistani,"Singapore, Singapore",Singapore,english,4.8,Been using PakExcise from Singapore for Punjab vehicle matters. Always delivers. Fully trusted.
REV0723,service:vehicle-transfer-punjab,Vehicle Transfer Punjab,Parvez Malik,male,overseas-pakistani,"Beijing, China",China,english-urdu-mix,4.6,"Beijing se contact kiya, Punjab transfer ho gaya. PakExcise really delivers. Recommend everyone."
REV0724,service:vehicle-transfer-punjab,Vehicle Transfer Punjab,Aisha Pervaiz,female,overseas-pakistani,"Shanghai, China",China,english,5.0,Transfer stuck for weeks before I found PakExcise. Sorted from Shanghai in no time. Great service.
REV0725,service:vehicle-transfer-punjab,Vehicle Transfer Punjab,Raza Haider,male,overseas-pakistani,"Muscat, Oman",Oman,english-urdu-mix,4.7,Muscat se Punjab vehicle transfer karna tha. PakExcise ne bilkul smooth kar diya. Shukriya!
