pageKey,metaTitle,metaDescription,h1,focusKeywords,canonicalUrl,ogTitle,ogDescription,ogImage,twitterCard,robotsIndex,robotsFollow,linkedEntity,updatedAt
about,About PakExcise – Private Excise Facilitation in Pakistan,"PakExcise is a private facilitation platform helping people across Pakistan with vehicle transfer, token tax, registration, licenses and e-challan support.",About PakExcise — Who We Are & How We Help,"about PakExcise, excise facilitation Pakistan, vehicle services company Pakistan, private facilitation service",https://pakexcise.com/about,About PakExcise – Private Excise Facilitation in Pakistan,"PakExcise is a private facilitation platform helping people across Pakistan with vehicle transfer, token tax, registration, licenses and e-challan support.",,summary_large_image,true,true,static,2026-06-30T23:26:07.351Z
agent-register,Agent Registration – Join PakExcise Today,"Register as a PakExcise agent in minutes. Serve customers in your area with vehicle, tax and license facilitation and grow your monthly income.",Register as a PakExcise Agent,"agent registration PakExcise, register as agent Pakistan, excise agent signup",https://pakexcise.com/agent-register,Agent Registration – Join PakExcise Today,"Register as a PakExcise agent in minutes. Serve customers in your area with vehicle, tax and license facilitation and grow your monthly income.",,summary_large_image,true,true,static,2026-06-10T22:13:11.137Z
agents,Agent Program – Partner & Earn with PakExcise,"Join the PakExcise agent program. Help customers in your city with vehicle and excise services, and earn on every completed request. Apply today.",Become a PakExcise Agent — Partner & Earn,"PakExcise agent program, become an agent Pakistan, earn with excise services, franchise excise services",https://pakexcise.com/agents,Agent Program – Partner & Earn with PakExcise,"Join the PakExcise agent program. Help customers in your city with vehicle and excise services, and earn on every completed request. Apply today.",,summary_large_image,true,true,static,2026-06-10T22:13:10.575Z
blog,"Blog – Vehicle, Tax & License Tips for Pakistan | PakExcise","Tips, updates and how-tos on vehicle transfer, token tax, registration, licensing and e-challan in Pakistan — fresh from the PakExcise team.",PakExcise Blog,"vehicle blog Pakistan, token tax updates, excise news Pakistan, vehicle registration tips",https://pakexcise.com/blog,"Blog – Vehicle, Tax & License Tips for Pakistan | PakExcise","Tips, updates and how-tos on vehicle transfer, token tax, registration, licensing and e-challan in Pakistan — fresh from the PakExcise team.",,summary_large_image,true,true,static,2026-06-07T22:05:01.262Z
blog:pakexcise-vehicle-token-tax-license-services-pakistan,"PakExcise – Vehicle, Token Tax & License Services in Pakistan","PakExcise helps people across Pakistan with vehicle transfer, token tax, registration, license renewal, route permits and data correction. See how it works.","PakExcise: Vehicle, Token Tax and License Services Made Easier in Pakistan","PakExcise, vehicle transfer Pakistan, token tax Pakistan, vehicle registration Pakistan, driving license renewal Pakistan, learner license Pakistan, excise services Pakistan",https://pakexcise.com/blog/pakexcise-vehicle-token-tax-license-services-pakistan,"PakExcise – Vehicle, Token Tax & License Services in Pakistan","Private facilitation support for vehicle transfer, token tax, registration, license renewal, and related services in Pakistan.",/api/blog/images/pakexcise-vehicle-token-tax-license-services-pakistan-1783641446355.webp,summary_large_image,true,true,blog:pakexcise-vehicle-token-tax-license-services-pakistan,2026-07-10T23:21:33.138Z
city:ajk:bagh,Bagh Excise Services – Token Tax & Transfer | PakExcise,"Need token tax, vehicle transfer, registration or e-challan help in Bagh? PakExcise offers private facilitation with simple online support. Start today.","Excise & Vehicle Services in Bagh, AJK","token tax Bagh, vehicle transfer Bagh, excise services Bagh, vehicle registration Bagh, e-challan Bagh",https://pakexcise.com/regions/ajk/bagh,Bagh Excise Services – Token Tax & Transfer | PakExcise,"Need token tax, vehicle transfer, registration or e-challan help in Bagh? PakExcise offers private facilitation with simple online support. Start today.",,summary_large_image,true,true,city:ajk:bagh,2026-07-09T22:31:49.862Z
city:ajk:bhimber,Bhimber Excise Services – Token Tax & Transfer | PakExcise,"PakExcise offers private facilitation for token tax, vehicle transfer and excise services in Bhimber, AJK. Skip the confusion — get guided help online.","Token Tax, Vehicle Transfer & Excise Help in Bhimber","token tax Bhimber, vehicle transfer Bhimber, excise services Bhimber, vehicle registration Bhimber, e-challan Bhimber",https://pakexcise.com/regions/ajk/bhimber,Bhimber Excise Services – Token Tax & Transfer | PakExcise,"PakExcise offers private facilitation for token tax, vehicle transfer and excise services in Bhimber, AJK. Skip the confusion — get guided help online.",,summary_large_image,true,true,city:ajk:bhimber,2026-07-09T22:31:50.227Z
city:ajk:haveli,Haveli Excise Services – Token Tax & Transfer | PakExcise,"Get guided support for vehicle transfer, token tax payment and excise services in Haveli. Private facilitation by PakExcise — request help online today.","Haveli — Vehicle, Tax & License Facilitation","token tax Haveli, vehicle transfer Haveli, excise services Haveli, vehicle registration Haveli, e-challan Haveli",https://pakexcise.com/regions/ajk/haveli,Haveli Excise Services – Token Tax & Transfer | PakExcise,"Get guided support for vehicle transfer, token tax payment and excise services in Haveli. Private facilitation by PakExcise — request help online today.",,summary_large_image,true,true,city:ajk:haveli,2026-07-09T22:31:50.593Z
city:ajk:kotli,Kotli Excise Services – Token Tax & Transfer | PakExcise,"From token tax to vehicle transfer, PakExcise helps residents of Kotli, AJK handle excise processes with private, step-by-step facilitation online.","Excise & Vehicle Services in Kotli, AJK","token tax Kotli, vehicle transfer Kotli, excise services Kotli, vehicle registration Kotli, e-challan Kotli",https://pakexcise.com/regions/ajk/kotli,Kotli Excise Services – Token Tax & Transfer | PakExcise,"From token tax to vehicle transfer, PakExcise helps residents of Kotli, AJK handle excise processes with private, step-by-step facilitation online.",,summary_large_image,true,true,city:ajk:kotli,2026-07-09T22:31:49.129Z
city:ajk:mirpur,Mirpur Excise Services – Token Tax & Transfer | PakExcise,"Need token tax, vehicle transfer, registration or e-challan help in Mirpur? PakExcise offers private facilitation with simple online support. Start today.","Token Tax, Vehicle Transfer & Excise Help in Mirpur","token tax Mirpur, vehicle transfer Mirpur, excise services Mirpur, vehicle registration Mirpur, e-challan Mirpur",https://pakexcise.com/regions/ajk/mirpur,Mirpur Excise Services – Token Tax & Transfer | PakExcise,"Need token tax, vehicle transfer, registration or e-challan help in Mirpur? PakExcise offers private facilitation with simple online support. Start today.",,summary_large_image,true,true,city:ajk:mirpur,2026-07-09T22:31:48.763Z
city:ajk:muzaffarabad,Muzaffarabad Excise & Vehicle Services Online | PakExcise,"PakExcise offers private facilitation for token tax, vehicle transfer and excise services in Muzaffarabad, AJK. Skip the confusion — get guided help online.","Muzaffarabad — Vehicle, Tax & License Facilitation","token tax Muzaffarabad, vehicle transfer Muzaffarabad, excise services Muzaffarabad, vehicle registration Muzaffarabad, e-challan Muzaffarabad",https://pakexcise.com/regions/ajk/muzaffarabad,Muzaffarabad Excise & Vehicle Services Online | PakExcise,"PakExcise offers private facilitation for token tax, vehicle transfer and excise services in Muzaffarabad, AJK. Skip the confusion — get guided help online.",,summary_large_image,true,true,city:ajk:muzaffarabad,2026-07-09T22:31:48.397Z
city:ajk:neelum,Neelum Excise Services – Token Tax & Transfer | PakExcise,"Get guided support for vehicle transfer, token tax payment and excise services in Neelum. Private facilitation by PakExcise — request help online today.","Excise & Vehicle Services in Neelum, AJK","token tax Neelum, vehicle transfer Neelum, excise services Neelum, vehicle registration Neelum, e-challan Neelum",https://pakexcise.com/regions/ajk/neelum,Neelum Excise Services – Token Tax & Transfer | PakExcise,"Get guided support for vehicle transfer, token tax payment and excise services in Neelum. Private facilitation by PakExcise — request help online today.",,summary_large_image,true,true,city:ajk:neelum,2026-07-09T22:31:50.959Z
city:ajk:poonch,Poonch Excise Services – Token Tax & Transfer | PakExcise,"From token tax to vehicle transfer, PakExcise helps residents of Poonch, AJK handle excise processes with private, step-by-step facilitation online.","Token Tax, Vehicle Transfer & Excise Help in Poonch","token tax Poonch, vehicle transfer Poonch, excise services Poonch, vehicle registration Poonch, e-challan Poonch",https://pakexcise.com/regions/ajk/poonch,Poonch Excise Services – Token Tax & Transfer | PakExcise,"From token tax to vehicle transfer, PakExcise helps residents of Poonch, AJK handle excise processes with private, step-by-step facilitation online.",,summary_large_image,true,true,city:ajk:poonch,2026-07-09T22:31:51.692Z
city:ajk:rawalakot,Rawalakot Excise Services – Token Tax & Transfer | PakExcise,"Need token tax, vehicle transfer, registration or e-challan help in Rawalakot? PakExcise offers private facilitation with simple online support. Start today.","Rawalakot — Vehicle, Tax & License Facilitation","token tax Rawalakot, vehicle transfer Rawalakot, excise services Rawalakot, vehicle registration Rawalakot, e-challan Rawalakot",https://pakexcise.com/regions/ajk/rawalakot,Rawalakot Excise Services – Token Tax & Transfer | PakExcise,"Need token tax, vehicle transfer, registration or e-challan help in Rawalakot? PakExcise offers private facilitation with simple online support. Start today.",,summary_large_image,true,true,city:ajk:rawalakot,2026-07-09T22:31:49.496Z
city:ajk:sudhanoti,Sudhanoti Excise Services – Token Tax & Transfer | PakExcise,"PakExcise offers private facilitation for token tax, vehicle transfer and excise services in Sudhanoti, AJK. Skip the confusion — get guided help online.","Excise & Vehicle Services in Sudhanoti, AJK","token tax Sudhanoti, vehicle transfer Sudhanoti, excise services Sudhanoti, vehicle registration Sudhanoti, e-challan Sudhanoti",https://pakexcise.com/regions/ajk/sudhanoti,Sudhanoti Excise Services – Token Tax & Transfer | PakExcise,"PakExcise offers private facilitation for token tax, vehicle transfer and excise services in Sudhanoti, AJK. Skip the confusion — get guided help online.",,summary_large_image,true,true,city:ajk:sudhanoti,2026-07-09T22:31:51.325Z
city:azad-kashmir:muzaffarabad,Muzaffarabad Excise & Vehicle Services Online | PakExcise,"Get guided support for vehicle transfer, token tax payment and excise services in Muzaffarabad. Private facilitation by PakExcise — request help online today.","Token Tax, Vehicle Transfer & Excise Help in Muzaffarabad","token tax Muzaffarabad, vehicle transfer Muzaffarabad, excise services Muzaffarabad, vehicle registration Muzaffarabad, e-challan Muzaffarabad",https://pakexcise.com/regions/ajk/muzaffarabad,Muzaffarabad Excise & Vehicle Services Online | PakExcise,"Get guided support for vehicle transfer, token tax payment and excise services in Muzaffarabad. Private facilitation by PakExcise — request help online today.",,summary_large_image,true,true,city:azad-kashmir:muzaffarabad,2026-06-10T22:12:43.104Z
city:balochistan:awaran,Awaran Excise Services – Token Tax & Transfer | PakExcise,"From token tax to vehicle transfer, PakExcise helps residents of Awaran, Balochistan handle excise processes with private, step-by-step facilitation online.","Awaran — Vehicle, Tax & License Facilitation","token tax Awaran, vehicle transfer Awaran, excise services Awaran, vehicle registration Awaran, e-challan Awaran",https://pakexcise.com/regions/balochistan/awaran,Awaran Excise Services – Token Tax & Transfer | PakExcise,"From token tax to vehicle transfer, PakExcise helps residents of Awaran, Balochistan handle excise processes with private, step-by-step facilitation online.",,summary_large_image,true,true,city:balochistan:awaran,2026-07-09T22:31:46.754Z
city:balochistan:barkhan,Barkhan Excise Services – Token Tax & Transfer | PakExcise,"Need token tax, vehicle transfer, registration or e-challan help in Barkhan? PakExcise offers private facilitation with simple online support. Start today.","Excise & Vehicle Services in Barkhan, Balochistan","token tax Barkhan, vehicle transfer Barkhan, excise services Barkhan, vehicle registration Barkhan, e-challan Barkhan",https://pakexcise.com/regions/balochistan/barkhan,Barkhan Excise Services – Token Tax & Transfer | PakExcise,"Need token tax, vehicle transfer, registration or e-challan help in Barkhan? PakExcise offers private facilitation with simple online support. Start today.",,summary_large_image,true,true,city:balochistan:barkhan,2026-07-09T22:31:47.121Z
city:balochistan:chaman,Chaman Excise Services – Token Tax & Transfer | PakExcise,"PakExcise offers private facilitation for token tax, vehicle transfer and excise services in Chaman, Balochistan. Skip the confusion — get guided help online.","Token Tax, Vehicle Transfer & Excise Help in Chaman","token tax Chaman, vehicle transfer Chaman, excise services Chaman, vehicle registration Chaman, e-challan Chaman",https://pakexcise.com/regions/balochistan/chaman,Chaman Excise Services – Token Tax & Transfer | PakExcise,"PakExcise offers private facilitation for token tax, vehicle transfer and excise services in Chaman, Balochistan. Skip the confusion — get guided help online.",,summary_large_image,true,true,city:balochistan:chaman,2026-07-09T22:31:41.258Z
city:balochistan:dera-murad-jamali,Dera Murad Jamali Excise & Vehicle Services | PakExcise,"Get guided support for vehicle transfer, token tax payment and excise services in Dera Murad Jamali. Private facilitation by PakExcise — request help online...","Dera Murad Jamali — Vehicle, Tax & License Facilitation","token tax Dera Murad Jamali, vehicle transfer Dera Murad Jamali, excise services Dera Murad Jamali, vehicle registration Dera Murad Jamali, e-challan Dera Murad Jamali",https://pakexcise.com/regions/balochistan/dera-murad-jamali,Dera Murad Jamali Excise & Vehicle Services | PakExcise,"Get guided support for vehicle transfer, token tax payment and excise services in Dera Murad Jamali. Private facilitation by PakExcise — request help online...",,summary_large_image,true,true,city:balochistan:dera-murad-jamali,2026-07-09T22:31:42.725Z
city:balochistan:gwadar,Gwadar Excise Services – Token Tax & Transfer | PakExcise,"From token tax to vehicle transfer, PakExcise helps residents of Gwadar, Balochistan handle excise processes with private, step-by-step facilitation online.","Excise & Vehicle Services in Gwadar, Balochistan","token tax Gwadar, vehicle transfer Gwadar, excise services Gwadar, vehicle registration Gwadar, e-challan Gwadar",https://pakexcise.com/regions/balochistan/gwadar,Gwadar Excise Services – Token Tax & Transfer | PakExcise,"From token tax to vehicle transfer, PakExcise helps residents of Gwadar, Balochistan handle excise processes with private, step-by-step facilitation online.",,summary_large_image,true,true,city:balochistan:gwadar,2026-07-09T22:31:40.160Z
city:balochistan:harnai,Harnai Excise Services – Token Tax & Transfer | PakExcise,"Need token tax, vehicle transfer, registration or e-challan help in Harnai? PakExcise offers private facilitation with simple online support. Start today.","Token Tax, Vehicle Transfer & Excise Help in Harnai","token tax Harnai, vehicle transfer Harnai, excise services Harnai, vehicle registration Harnai, e-challan Harnai",https://pakexcise.com/regions/balochistan/harnai,Harnai Excise Services – Token Tax & Transfer | PakExcise,"Need token tax, vehicle transfer, registration or e-challan help in Harnai? PakExcise offers private facilitation with simple online support. Start today.",,summary_large_image,true,true,city:balochistan:harnai,2026-07-09T22:31:48.033Z
city:balochistan:jaffarabad,Jaffarabad Excise & Vehicle Services Online | PakExcise,"Get guided support for vehicle transfer, token tax payment and excise services in Jaffarabad. Private facilitation by PakExcise — request help online today.","Jaffarabad — Vehicle, Tax & License Facilitation","token tax Jaffarabad, vehicle transfer Jaffarabad, excise services Jaffarabad, vehicle registration Jaffarabad, e-challan Jaffarabad",https://pakexcise.com/regions/balochistan/jaffarabad,Jaffarabad Excise & Vehicle Services Online | PakExcise,"Get guided support for vehicle transfer, token tax payment and excise services in Jaffarabad. Private facilitation by PakExcise — request help online today.",,summary_large_image,true,true,city:balochistan:jaffarabad,2026-07-09T22:31:46.389Z
city:balochistan:kalat,Kalat Excise Services – Token Tax & Transfer | PakExcise,"Get guided support for vehicle transfer, token tax payment and excise services in Kalat. Private facilitation by PakExcise — request help online today.","Excise & Vehicle Services in Kalat, Balochistan","token tax Kalat, vehicle transfer Kalat, excise services Kalat, vehicle registration Kalat, e-challan Kalat",https://pakexcise.com/regions/balochistan/kalat,Kalat Excise Services – Token Tax & Transfer | PakExcise,"Get guided support for vehicle transfer, token tax payment and excise services in Kalat. Private facilitation by PakExcise — request help online today.",,summary_large_image,true,true,city:balochistan:kalat,2026-07-09T22:31:43.822Z
city:balochistan:khuzdar,Khuzdar Excise Services – Token Tax & Transfer | PakExcise,"From token tax to vehicle transfer, PakExcise helps residents of Khuzdar, Balochistan handle excise processes with private, step-by-step facilitation online.","Token Tax, Vehicle Transfer & Excise Help in Khuzdar","token tax Khuzdar, vehicle transfer Khuzdar, excise services Khuzdar, vehicle registration Khuzdar, e-challan Khuzdar",https://pakexcise.com/regions/balochistan/khuzdar,Khuzdar Excise Services – Token Tax & Transfer | PakExcise,"From token tax to vehicle transfer, PakExcise helps residents of Khuzdar, Balochistan handle excise processes with private, step-by-step facilitation online.",,summary_large_image,true,true,city:balochistan:khuzdar,2026-07-09T22:31:40.526Z
city:balochistan:killa-abdullah,Killa Abdullah Excise & Vehicle Services Online | PakExcise,"Get guided support for vehicle transfer, token tax payment and excise services in Killa Abdullah. Private facilitation by PakExcise — request help online today.","Killa Abdullah — Vehicle, Tax & License Facilitation","token tax Killa Abdullah, vehicle transfer Killa Abdullah, excise services Killa Abdullah, vehicle registration Killa Abdullah, e-challan Killa Abdullah",https://pakexcise.com/regions/balochistan/killa-abdullah,Killa Abdullah Excise & Vehicle Services Online | PakExcise,"Get guided support for vehicle transfer, token tax payment and excise services in Killa Abdullah. Private facilitation by PakExcise — request help online today.",,summary_large_image,true,true,city:balochistan:killa-abdullah,2026-07-09T22:31:44.555Z
city:balochistan:killa-saifullah,Killa Saifullah Excise & Vehicle Services Online | PakExcise,"PakExcise offers private facilitation for token tax, vehicle transfer and excise services in Killa Saifullah, Balochistan. Skip the confusion — get guided...","Excise & Vehicle Services in Killa Saifullah, Balochistan","token tax Killa Saifullah, vehicle transfer Killa Saifullah, excise services Killa Saifullah, vehicle registration Killa Saifullah, e-challan Killa Saifullah",https://pakexcise.com/regions/balochistan/killa-saifullah,Killa Saifullah Excise & Vehicle Services Online | PakExcise,"PakExcise offers private facilitation for token tax, vehicle transfer and excise services in Killa Saifullah, Balochistan. Skip the confusion — get guided...",,summary_large_image,true,true,city:balochistan:killa-saifullah,2026-07-09T22:31:44.924Z
city:balochistan:lasbela,Lasbela Excise Services – Token Tax & Transfer | PakExcise,"Get guided support for vehicle transfer, token tax payment and excise services in Lasbela. Private facilitation by PakExcise — request help online today.","Token Tax, Vehicle Transfer & Excise Help in Lasbela","token tax Lasbela, vehicle transfer Lasbela, excise services Lasbela, vehicle registration Lasbela, e-challan Lasbela",https://pakexcise.com/regions/balochistan/lasbela,Lasbela Excise Services – Token Tax & Transfer | PakExcise,"Get guided support for vehicle transfer, token tax payment and excise services in Lasbela. Private facilitation by PakExcise — request help online today.",,summary_large_image,true,true,city:balochistan:lasbela,2026-07-09T22:31:45.291Z
city:balochistan:loralai,Loralai Excise Services – Token Tax & Transfer | PakExcise,"From token tax to vehicle transfer, PakExcise helps residents of Loralai, Balochistan handle excise processes with private, step-by-step facilitation online.","Loralai — Vehicle, Tax & License Facilitation","token tax Loralai, vehicle transfer Loralai, excise services Loralai, vehicle registration Loralai, e-challan Loralai",https://pakexcise.com/regions/balochistan/loralai,Loralai Excise Services – Token Tax & Transfer | PakExcise,"From token tax to vehicle transfer, PakExcise helps residents of Loralai, Balochistan handle excise processes with private, step-by-step facilitation online.",,summary_large_image,true,true,city:balochistan:loralai,2026-07-09T22:31:42.359Z
city:balochistan:mastung,Mastung Excise Services – Token Tax & Transfer | PakExcise,"Need token tax, vehicle transfer, registration or e-challan help in Mastung? PakExcise offers private facilitation with simple online support. Start today.","Excise & Vehicle Services in Mastung, Balochistan","token tax Mastung, vehicle transfer Mastung, excise services Mastung, vehicle registration Mastung, e-challan Mastung",https://pakexcise.com/regions/balochistan/mastung,Mastung Excise Services – Token Tax & Transfer | PakExcise,"Need token tax, vehicle transfer, registration or e-challan help in Mastung? PakExcise offers private facilitation with simple online support. Start today.",,summary_large_image,true,true,city:balochistan:mastung,2026-07-09T22:31:43.456Z
city:balochistan:musakhel,Musakhel Excise Services – Token Tax & Transfer | PakExcise,"PakExcise offers private facilitation for token tax, vehicle transfer and excise services in Musakhel, Balochistan. Skip the confusion — get guided help online.","Token Tax, Vehicle Transfer & Excise Help in Musakhel","token tax Musakhel, vehicle transfer Musakhel, excise services Musakhel, vehicle registration Musakhel, e-challan Musakhel",https://pakexcise.com/regions/balochistan/musakhel,Musakhel Excise Services – Token Tax & Transfer | PakExcise,"PakExcise offers private facilitation for token tax, vehicle transfer and excise services in Musakhel, Balochistan. Skip the confusion — get guided help online.",,summary_large_image,true,true,city:balochistan:musakhel,2026-07-09T22:31:47.486Z
city:balochistan:naseerabad,Naseerabad Excise & Vehicle Services Online | PakExcise,"Get guided support for vehicle transfer, token tax payment and excise services in Naseerabad. Private facilitation by PakExcise — request help online today.","Naseerabad — Vehicle, Tax & License Facilitation","token tax Naseerabad, vehicle transfer Naseerabad, excise services Naseerabad, vehicle registration Naseerabad, e-challan Naseerabad",https://pakexcise.com/regions/balochistan/naseerabad,Naseerabad Excise & Vehicle Services Online | PakExcise,"Get guided support for vehicle transfer, token tax payment and excise services in Naseerabad. Private facilitation by PakExcise — request help online today.",,summary_large_image,true,true,city:balochistan:naseerabad,2026-07-09T22:31:43.089Z
city:balochistan:nushki,Nushki Excise Services – Token Tax & Transfer | PakExcise,"From token tax to vehicle transfer, PakExcise helps residents of Nushki, Balochistan handle excise processes with private, step-by-step facilitation online.","Excise & Vehicle Services in Nushki, Balochistan","token tax Nushki, vehicle transfer Nushki, excise services Nushki, vehicle registration Nushki, e-challan Nushki",https://pakexcise.com/regions/balochistan/nushki,Nushki Excise Services – Token Tax & Transfer | PakExcise,"From token tax to vehicle transfer, PakExcise helps residents of Nushki, Balochistan handle excise processes with private, step-by-step facilitation online.",,summary_large_image,true,true,city:balochistan:nushki,2026-07-09T22:31:46.023Z
city:balochistan:panjgur,Panjgur Excise Services – Token Tax & Transfer | PakExcise,"Need token tax, vehicle transfer, registration or e-challan help in Panjgur? PakExcise offers private facilitation with simple online support. Start today.","Token Tax, Vehicle Transfer & Excise Help in Panjgur","token tax Panjgur, vehicle transfer Panjgur, excise services Panjgur, vehicle registration Panjgur, e-challan Panjgur",https://pakexcise.com/regions/balochistan/panjgur,Panjgur Excise Services – Token Tax & Transfer | PakExcise,"Need token tax, vehicle transfer, registration or e-challan help in Panjgur? PakExcise offers private facilitation with simple online support. Start today.",,summary_large_image,true,true,city:balochistan:panjgur,2026-07-09T22:31:45.657Z
city:balochistan:pishin,Pishin Excise Services – Token Tax & Transfer | PakExcise,"PakExcise offers private facilitation for token tax, vehicle transfer and excise services in Pishin, Balochistan. Skip the confusion — get guided help online.","Pishin — Vehicle, Tax & License Facilitation","token tax Pishin, vehicle transfer Pishin, excise services Pishin, vehicle registration Pishin, e-challan Pishin",https://pakexcise.com/regions/balochistan/pishin,Pishin Excise Services – Token Tax & Transfer | PakExcise,"PakExcise offers private facilitation for token tax, vehicle transfer and excise services in Pishin, Balochistan. Skip the confusion — get guided help online.",,summary_large_image,true,true,city:balochistan:pishin,2026-07-09T22:31:44.189Z
city:balochistan:quetta,Quetta Excise Services – Token Tax & Transfer | PakExcise,"Get guided support for vehicle transfer, token tax payment and excise services in Quetta. Private facilitation by PakExcise — request help online today.","Excise & Vehicle Services in Quetta, Balochistan","token tax Quetta, vehicle transfer Quetta, excise services Quetta, vehicle registration Quetta, e-challan Quetta",https://pakexcise.com/regions/balochistan/quetta,Quetta Excise Services – Token Tax & Transfer | PakExcise,"Get guided support for vehicle transfer, token tax payment and excise services in Quetta. Private facilitation by PakExcise — request help online today.",,summary_large_image,true,true,city:balochistan:quetta,2026-07-09T22:31:39.794Z
city:balochistan:sibi,Sibi Excise Services – Token Tax & Transfer | PakExcise,"From token tax to vehicle transfer, PakExcise helps residents of Sibi, Balochistan handle excise processes with private, step-by-step facilitation online.","Token Tax, Vehicle Transfer & Excise Help in Sibi","token tax Sibi, vehicle transfer Sibi, excise services Sibi, vehicle registration Sibi, e-challan Sibi",https://pakexcise.com/regions/balochistan/sibi,Sibi Excise Services – Token Tax & Transfer | PakExcise,"From token tax to vehicle transfer, PakExcise helps residents of Sibi, Balochistan handle excise processes with private, step-by-step facilitation online.",,summary_large_image,true,true,city:balochistan:sibi,2026-07-09T22:31:41.623Z
city:balochistan:turbat,Turbat Excise Services – Token Tax & Transfer | PakExcise,"Need token tax, vehicle transfer, registration or e-challan help in Turbat? PakExcise offers private facilitation with simple online support. Start today.","Turbat — Vehicle, Tax & License Facilitation","token tax Turbat, vehicle transfer Turbat, excise services Turbat, vehicle registration Turbat, e-challan Turbat",https://pakexcise.com/regions/balochistan/turbat,Turbat Excise Services – Token Tax & Transfer | PakExcise,"Need token tax, vehicle transfer, registration or e-challan help in Turbat? PakExcise offers private facilitation with simple online support. Start today.",,summary_large_image,true,true,city:balochistan:turbat,2026-07-09T22:31:40.891Z
city:balochistan:zhob,Zhob Excise Services – Token Tax & Transfer | PakExcise,"PakExcise offers private facilitation for token tax, vehicle transfer and excise services in Zhob, Balochistan. Skip the confusion — get guided help online.","Excise & Vehicle Services in Zhob, Balochistan","token tax Zhob, vehicle transfer Zhob, excise services Zhob, vehicle registration Zhob, e-challan Zhob",https://pakexcise.com/regions/balochistan/zhob,Zhob Excise Services – Token Tax & Transfer | PakExcise,"PakExcise offers private facilitation for token tax, vehicle transfer and excise services in Zhob, Balochistan. Skip the confusion — get guided help online.",,summary_large_image,true,true,city:balochistan:zhob,2026-07-09T22:31:41.992Z
city:gilgit-baltistan:astore,Astore Excise Services – Token Tax & Transfer | PakExcise,"Get guided support for vehicle transfer, token tax payment and excise services in Astore. Private facilitation by PakExcise — request help online today.","Token Tax, Vehicle Transfer & Excise Help in Astore","token tax Astore, vehicle transfer Astore, excise services Astore, vehicle registration Astore, e-challan Astore",https://pakexcise.com/regions/gilgit-baltistan/astore,Astore Excise Services – Token Tax & Transfer | PakExcise,"Get guided support for vehicle transfer, token tax payment and excise services in Astore. Private facilitation by PakExcise — request help online today.",,summary_large_image,true,true,city:gilgit-baltistan:astore,2026-07-09T22:31:53.522Z
city:gilgit-baltistan:diamer,Diamer Excise Services – Token Tax & Transfer | PakExcise,"Need token tax, vehicle transfer, registration or e-challan help in Diamer? PakExcise offers private facilitation with simple online support. Start today.","Diamer — Vehicle, Tax & License Facilitation","token tax Diamer, vehicle transfer Diamer, excise services Diamer, vehicle registration Diamer, e-challan Diamer",https://pakexcise.com/regions/gilgit-baltistan/diamer,Diamer Excise Services – Token Tax & Transfer | PakExcise,"Need token tax, vehicle transfer, registration or e-challan help in Diamer? PakExcise offers private facilitation with simple online support. Start today.",,summary_large_image,true,true,city:gilgit-baltistan:diamer,2026-07-09T22:31:53.887Z
city:gilgit-baltistan:ghanche,Ghanche Excise Services – Token Tax & Transfer | PakExcise,"Need token tax, vehicle transfer, registration or e-challan help in Ghanche? PakExcise offers private facilitation with simple online support. Start today.","Excise & Vehicle Services in Ghanche, Gilgit-Baltistan","token tax Ghanche, vehicle transfer Ghanche, excise services Ghanche, vehicle registration Ghanche, e-challan Ghanche",https://pakexcise.com/regions/gilgit-baltistan/ghanche,Ghanche Excise Services – Token Tax & Transfer | PakExcise,"Need token tax, vehicle transfer, registration or e-challan help in Ghanche? PakExcise offers private facilitation with simple online support. Start today.",,summary_large_image,true,true,city:gilgit-baltistan:ghanche,2026-07-09T22:31:54.253Z
city:gilgit-baltistan:ghizer,Ghizer Excise Services – Token Tax & Transfer | PakExcise,"Get guided support for vehicle transfer, token tax payment and excise services in Ghizer. Private facilitation by PakExcise — request help online today.","Token Tax, Vehicle Transfer & Excise Help in Ghizer","token tax Ghizer, vehicle transfer Ghizer, excise services Ghizer, vehicle registration Ghizer, e-challan Ghizer",https://pakexcise.com/regions/gilgit-baltistan/ghizer,Ghizer Excise Services – Token Tax & Transfer | PakExcise,"Get guided support for vehicle transfer, token tax payment and excise services in Ghizer. Private facilitation by PakExcise — request help online today.",,summary_large_image,true,true,city:gilgit-baltistan:ghizer,2026-07-09T22:31:53.155Z
city:gilgit-baltistan:gilgit,Gilgit Excise Services – Token Tax & Transfer | PakExcise,"Get guided support for vehicle transfer, token tax payment and excise services in Gilgit. Private facilitation by PakExcise — request help online today.","Gilgit — Vehicle, Tax & License Facilitation","token tax Gilgit, vehicle transfer Gilgit, excise services Gilgit, vehicle registration Gilgit, e-challan Gilgit",https://pakexcise.com/regions/gilgit-baltistan/gilgit,Gilgit Excise Services – Token Tax & Transfer | PakExcise,"Get guided support for vehicle transfer, token tax payment and excise services in Gilgit. Private facilitation by PakExcise — request help online today.",,summary_large_image,true,true,city:gilgit-baltistan:gilgit,2026-07-09T22:31:52.058Z
city:gilgit-baltistan:hunza,Hunza Excise Services – Token Tax & Transfer | PakExcise,"From token tax to vehicle transfer, PakExcise helps residents of Hunza, Gilgit-Baltistan handle excise processes with private, step-by-step facilitation online.","Excise & Vehicle Services in Hunza, Gilgit-Baltistan","token tax Hunza, vehicle transfer Hunza, excise services Hunza, vehicle registration Hunza, e-challan Hunza",https://pakexcise.com/regions/gilgit-baltistan/hunza,Hunza Excise Services – Token Tax & Transfer | PakExcise,"From token tax to vehicle transfer, PakExcise helps residents of Hunza, Gilgit-Baltistan handle excise processes with private, step-by-step facilitation online.",,summary_large_image,true,true,city:gilgit-baltistan:hunza,2026-07-09T22:31:52.790Z
city:gilgit-baltistan:kharmang,Kharmang Excise Services – Token Tax & Transfer | PakExcise,"Need token tax, vehicle transfer, registration or e-challan help in Kharmang? PakExcise offers private facilitation with simple online support. Start today.","Token Tax, Vehicle Transfer & Excise Help in Kharmang","token tax Kharmang, vehicle transfer Kharmang, excise services Kharmang, vehicle registration Kharmang, e-challan Kharmang",https://pakexcise.com/regions/gilgit-baltistan/kharmang,Kharmang Excise Services – Token Tax & Transfer | PakExcise,"Need token tax, vehicle transfer, registration or e-challan help in Kharmang? PakExcise offers private facilitation with simple online support. Start today.",,summary_large_image,true,true,city:gilgit-baltistan:kharmang,2026-07-09T22:31:54.984Z
city:gilgit-baltistan:nagar,Nagar Excise Services – Token Tax & Transfer | PakExcise,"Get guided support for vehicle transfer, token tax payment and excise services in Nagar. Private facilitation by PakExcise — request help online today.","Nagar — Vehicle, Tax & License Facilitation","token tax Nagar, vehicle transfer Nagar, excise services Nagar, vehicle registration Nagar, e-challan Nagar",https://pakexcise.com/regions/gilgit-baltistan/nagar,Nagar Excise Services – Token Tax & Transfer | PakExcise,"Get guided support for vehicle transfer, token tax payment and excise services in Nagar. Private facilitation by PakExcise — request help online today.",,summary_large_image,true,true,city:gilgit-baltistan:nagar,2026-07-09T22:31:55.351Z
city:gilgit-baltistan:shigar,Shigar Excise Services – Token Tax & Transfer | PakExcise,"Get guided support for vehicle transfer, token tax payment and excise services in Shigar. Private facilitation by PakExcise — request help online today.","Excise & Vehicle Services in Shigar, Gilgit-Baltistan","token tax Shigar, vehicle transfer Shigar, excise services Shigar, vehicle registration Shigar, e-challan Shigar",https://pakexcise.com/regions/gilgit-baltistan/shigar,Shigar Excise Services – Token Tax & Transfer | PakExcise,"Get guided support for vehicle transfer, token tax payment and excise services in Shigar. Private facilitation by PakExcise — request help online today.",,summary_large_image,true,true,city:gilgit-baltistan:shigar,2026-07-09T22:31:54.619Z
city:gilgit-baltistan:skardu,Skardu Excise Services – Token Tax & Transfer | PakExcise,"Need token tax, vehicle transfer, registration or e-challan help in Skardu? PakExcise offers private facilitation with simple online support. Start today.","Token Tax, Vehicle Transfer & Excise Help in Skardu","token tax Skardu, vehicle transfer Skardu, excise services Skardu, vehicle registration Skardu, e-challan Skardu",https://pakexcise.com/regions/gilgit-baltistan/skardu,Skardu Excise Services – Token Tax & Transfer | PakExcise,"Need token tax, vehicle transfer, registration or e-challan help in Skardu? PakExcise offers private facilitation with simple online support. Start today.",,summary_large_image,true,true,city:gilgit-baltistan:skardu,2026-07-09T22:31:52.425Z
city:islamabad-ict:islamabad,Islamabad Excise Services – Token Tax & Transfer | PakExcise,"Need token tax, vehicle transfer, registration or e-challan help in Islamabad? PakExcise offers private facilitation with simple online support. Start today.","Islamabad — Vehicle, Tax & License Facilitation","token tax Islamabad, vehicle transfer Islamabad, excise services Islamabad, vehicle registration Islamabad, e-challan Islamabad",https://pakexcise.com/regions/islamabad/islamabad,Islamabad Excise Services – Token Tax & Transfer | PakExcise,"Need token tax, vehicle transfer, registration or e-challan help in Islamabad? PakExcise offers private facilitation with simple online support. Start today.",,summary_large_image,true,true,city:islamabad-ict:islamabad,2026-06-10T22:12:42.637Z
city:islamabad:islamabad,Islamabad Excise Services – Token Tax & Transfer | PakExcise,"PakExcise offers private facilitation for token tax, vehicle transfer and excise services in Islamabad, Islamabad. Skip the confusion — get guided help online.","Excise & Vehicle Services in Islamabad, Islamabad","token tax Islamabad, vehicle transfer Islamabad, excise services Islamabad, vehicle registration Islamabad, e-challan Islamabad",https://pakexcise.com/regions/islamabad/islamabad,Islamabad Excise Services – Token Tax & Transfer | PakExcise,"PakExcise offers private facilitation for token tax, vehicle transfer and excise services in Islamabad, Islamabad. Skip the confusion — get guided help online.",,summary_large_image,true,true,city:islamabad:islamabad,2026-07-09T22:31:22.767Z
city:khyber-pakhtunkhwa:abbottabad,Abbottabad Excise & Vehicle Services Online | PakExcise,"Get guided support for vehicle transfer, token tax payment and excise services in Abbottabad. Private facilitation by PakExcise — request help online today.","Token Tax, Vehicle Transfer & Excise Help in Abbottabad","token tax Abbottabad, vehicle transfer Abbottabad, excise services Abbottabad, vehicle registration Abbottabad, e-challan Abbottabad",https://pakexcise.com/regions/kpk/abbottabad,Abbottabad Excise & Vehicle Services Online | PakExcise,"Get guided support for vehicle transfer, token tax payment and excise services in Abbottabad. Private facilitation by PakExcise — request help online today.",,summary_large_image,true,true,city:khyber-pakhtunkhwa:abbottabad,2026-06-10T22:12:42.042Z
city:khyber-pakhtunkhwa:peshawar,Peshawar Excise Services – Token Tax & Transfer | PakExcise,"From token tax to vehicle transfer, PakExcise helps residents of Peshawar, KPK handle excise processes with private, step-by-step facilitation online.","Peshawar — Vehicle, Tax & License Facilitation","token tax Peshawar, vehicle transfer Peshawar, excise services Peshawar, vehicle registration Peshawar, e-challan Peshawar",https://pakexcise.com/regions/kpk/peshawar,Peshawar Excise Services – Token Tax & Transfer | PakExcise,"From token tax to vehicle transfer, PakExcise helps residents of Peshawar, KPK handle excise processes with private, step-by-step facilitation online.",,summary_large_image,true,true,city:khyber-pakhtunkhwa:peshawar,2026-06-10T22:12:41.781Z
city:kpk:abbottabad,Abbottabad Excise & Vehicle Services Online | PakExcise,"Need token tax, vehicle transfer, registration or e-challan help in Abbottabad? PakExcise offers private facilitation with simple online support. Start today.","Excise & Vehicle Services in Abbottabad, KPK","token tax Abbottabad, vehicle transfer Abbottabad, excise services Abbottabad, vehicle registration Abbottabad, e-challan Abbottabad",https://pakexcise.com/regions/kpk/abbottabad,Abbottabad Excise & Vehicle Services Online | PakExcise,"Need token tax, vehicle transfer, registration or e-challan help in Abbottabad? PakExcise offers private facilitation with simple online support. Start today.",,summary_large_image,true,true,city:kpk:abbottabad,2026-07-09T22:31:32.294Z
city:kpk:bannu,Bannu Excise Services – Token Tax & Transfer | PakExcise,"PakExcise offers private facilitation for token tax, vehicle transfer and excise services in Bannu, KPK. Skip the confusion — get guided help online.","Token Tax, Vehicle Transfer & Excise Help in Bannu","token tax Bannu, vehicle transfer Bannu, excise services Bannu, vehicle registration Bannu, e-challan Bannu",https://pakexcise.com/regions/kpk/bannu,Bannu Excise Services – Token Tax & Transfer | PakExcise,"PakExcise offers private facilitation for token tax, vehicle transfer and excise services in Bannu, KPK. Skip the confusion — get guided help online.",,summary_large_image,true,true,city:kpk:bannu,2026-07-09T22:31:33.571Z
city:kpk:battagram,Battagram Excise Services – Token Tax & Transfer | PakExcise,"Get guided support for vehicle transfer, token tax payment and excise services in Battagram. Private facilitation by PakExcise — request help online today.","Battagram — Vehicle, Tax & License Facilitation","token tax Battagram, vehicle transfer Battagram, excise services Battagram, vehicle registration Battagram, e-challan Battagram",https://pakexcise.com/regions/kpk/battagram,Battagram Excise Services – Token Tax & Transfer | PakExcise,"Get guided support for vehicle transfer, token tax payment and excise services in Battagram. Private facilitation by PakExcise — request help online today.",,summary_large_image,true,true,city:kpk:battagram,2026-07-09T22:31:38.331Z
city:kpk:buner,Buner Excise Services – Token Tax & Transfer | PakExcise,"From token tax to vehicle transfer, PakExcise helps residents of Buner, KPK handle excise processes with private, step-by-step facilitation online.","Excise & Vehicle Services in Buner, KPK","token tax Buner, vehicle transfer Buner, excise services Buner, vehicle registration Buner, e-challan Buner",https://pakexcise.com/regions/kpk/buner,Buner Excise Services – Token Tax & Transfer | PakExcise,"From token tax to vehicle transfer, PakExcise helps residents of Buner, KPK handle excise processes with private, step-by-step facilitation online.",,summary_large_image,true,true,city:kpk:buner,2026-07-09T22:31:39.062Z
city:kpk:charsadda,Charsadda Excise Services – Token Tax & Transfer | PakExcise,"Need token tax, vehicle transfer, registration or e-challan help in Charsadda? PakExcise offers private facilitation with simple online support. Start today.","Token Tax, Vehicle Transfer & Excise Help in Charsadda","token tax Charsadda, vehicle transfer Charsadda, excise services Charsadda, vehicle registration Charsadda, e-challan Charsadda",https://pakexcise.com/regions/kpk/charsadda,Charsadda Excise Services – Token Tax & Transfer | PakExcise,"Need token tax, vehicle transfer, registration or e-challan help in Charsadda? PakExcise offers private facilitation with simple online support. Start today.",,summary_large_image,true,true,city:kpk:charsadda,2026-07-09T22:31:34.670Z
city:kpk:chitral,Chitral Excise Services – Token Tax & Transfer | PakExcise,"PakExcise offers private facilitation for token tax, vehicle transfer and excise services in Chitral, KPK. Skip the confusion — get guided help online.","Chitral — Vehicle, Tax & License Facilitation","token tax Chitral, vehicle transfer Chitral, excise services Chitral, vehicle registration Chitral, e-challan Chitral",https://pakexcise.com/regions/kpk/chitral,Chitral Excise Services – Token Tax & Transfer | PakExcise,"PakExcise offers private facilitation for token tax, vehicle transfer and excise services in Chitral, KPK. Skip the confusion — get guided help online.",,summary_large_image,true,true,city:kpk:chitral,2026-07-09T22:31:35.768Z
city:kpk:dera-ismail-khan,Dera Ismail Khan Excise & Vehicle Services | PakExcise,"From token tax to vehicle transfer, PakExcise helps residents of Dera Ismail Khan, KPK handle excise processes with private, step-by-step facilitation online.","Excise & Vehicle Services in Dera Ismail Khan, KPK","token tax Dera Ismail Khan, vehicle transfer Dera Ismail Khan, excise services Dera Ismail Khan, vehicle registration Dera Ismail Khan, e-challan Dera Ismail Khan",https://pakexcise.com/regions/kpk/dera-ismail-khan,Dera Ismail Khan Excise & Vehicle Services | PakExcise,"From token tax to vehicle transfer, PakExcise helps residents of Dera Ismail Khan, KPK handle excise processes with private, step-by-step facilitation online.",,summary_large_image,true,true,city:kpk:dera-ismail-khan,2026-07-09T22:31:33.937Z
city:kpk:dir,Dir Excise Services – Token Tax & Transfer | PakExcise,"From token tax to vehicle transfer, PakExcise helps residents of Dir, KPK handle excise processes with private, step-by-step facilitation online.","Token Tax, Vehicle Transfer & Excise Help in Dir","token tax Dir, vehicle transfer Dir, excise services Dir, vehicle registration Dir, e-challan Dir",https://pakexcise.com/regions/kpk/dir,Dir Excise Services – Token Tax & Transfer | PakExcise,"From token tax to vehicle transfer, PakExcise helps residents of Dir, KPK handle excise processes with private, step-by-step facilitation online.",,summary_large_image,true,true,city:kpk:dir,2026-07-09T22:31:36.134Z
city:kpk:hangu,Hangu Excise Services – Token Tax & Transfer | PakExcise,"Need token tax, vehicle transfer, registration or e-challan help in Hangu? PakExcise offers private facilitation with simple online support. Start today.","Hangu — Vehicle, Tax & License Facilitation","token tax Hangu, vehicle transfer Hangu, excise services Hangu, vehicle registration Hangu, e-challan Hangu",https://pakexcise.com/regions/kpk/hangu,Hangu Excise Services – Token Tax & Transfer | PakExcise,"Need token tax, vehicle transfer, registration or e-challan help in Hangu? PakExcise offers private facilitation with simple online support. Start today.",,summary_large_image,true,true,city:kpk:hangu,2026-07-09T22:31:37.597Z
city:kpk:haripur,Haripur Excise Services – Token Tax & Transfer | PakExcise,"PakExcise offers private facilitation for token tax, vehicle transfer and excise services in Haripur, KPK. Skip the confusion — get guided help online.","Excise & Vehicle Services in Haripur, KPK","token tax Haripur, vehicle transfer Haripur, excise services Haripur, vehicle registration Haripur, e-challan Haripur",https://pakexcise.com/regions/kpk/haripur,Haripur Excise Services – Token Tax & Transfer | PakExcise,"PakExcise offers private facilitation for token tax, vehicle transfer and excise services in Haripur, KPK. Skip the confusion — get guided help online.",,summary_large_image,true,true,city:kpk:haripur,2026-07-09T22:31:35.035Z
city:kpk:karak,Karak Excise Services – Token Tax & Transfer | PakExcise,"Get guided support for vehicle transfer, token tax payment and excise services in Karak. Private facilitation by PakExcise — request help online today.","Token Tax, Vehicle Transfer & Excise Help in Karak","token tax Karak, vehicle transfer Karak, excise services Karak, vehicle registration Karak, e-challan Karak",https://pakexcise.com/regions/kpk/karak,Karak Excise Services – Token Tax & Transfer | PakExcise,"Get guided support for vehicle transfer, token tax payment and excise services in Karak. Private facilitation by PakExcise — request help online today.",,summary_large_image,true,true,city:kpk:karak,2026-07-09T22:31:37.232Z
city:kpk:kohat,Kohat Excise Services – Token Tax & Transfer | PakExcise,"From token tax to vehicle transfer, PakExcise helps residents of Kohat, KPK handle excise processes with private, step-by-step facilitation online.","Kohat — Vehicle, Tax & License Facilitation","token tax Kohat, vehicle transfer Kohat, excise services Kohat, vehicle registration Kohat, e-challan Kohat",https://pakexcise.com/regions/kpk/kohat,Kohat Excise Services – Token Tax & Transfer | PakExcise,"From token tax to vehicle transfer, PakExcise helps residents of Kohat, KPK handle excise processes with private, step-by-step facilitation online.",,summary_large_image,true,true,city:kpk:kohat,2026-07-09T22:31:33.206Z
city:kpk:kohistan,Kohistan Excise Services – Token Tax & Transfer | PakExcise,"Need token tax, vehicle transfer, registration or e-challan help in Kohistan? PakExcise offers private facilitation with simple online support. Start today.","Excise & Vehicle Services in Kohistan, KPK","token tax Kohistan, vehicle transfer Kohistan, excise services Kohistan, vehicle registration Kohistan, e-challan Kohistan",https://pakexcise.com/regions/kpk/kohistan,Kohistan Excise Services – Token Tax & Transfer | PakExcise,"Need token tax, vehicle transfer, registration or e-challan help in Kohistan? PakExcise offers private facilitation with simple online support. Start today.",,summary_large_image,true,true,city:kpk:kohistan,2026-07-09T22:31:39.428Z
city:kpk:lakki-marwat,Lakki Marwat Excise & Vehicle Services Online | PakExcise,"PakExcise offers private facilitation for token tax, vehicle transfer and excise services in Lakki Marwat, KPK. Skip the confusion — get guided help online.","Token Tax, Vehicle Transfer & Excise Help in Lakki Marwat","token tax Lakki Marwat, vehicle transfer Lakki Marwat, excise services Lakki Marwat, vehicle registration Lakki Marwat, e-challan Lakki Marwat",https://pakexcise.com/regions/kpk/lakki-marwat,Lakki Marwat Excise & Vehicle Services Online | PakExcise,"PakExcise offers private facilitation for token tax, vehicle transfer and excise services in Lakki Marwat, KPK. Skip the confusion — get guided help online.",,summary_large_image,true,true,city:kpk:lakki-marwat,2026-07-09T22:31:36.866Z
city:kpk:malakand,Malakand Excise Services – Token Tax & Transfer | PakExcise,"Get guided support for vehicle transfer, token tax payment and excise services in Malakand. Private facilitation by PakExcise — request help online today.","Malakand — Vehicle, Tax & License Facilitation","token tax Malakand, vehicle transfer Malakand, excise services Malakand, vehicle registration Malakand, e-challan Malakand",https://pakexcise.com/regions/kpk/malakand,Malakand Excise Services – Token Tax & Transfer | PakExcise,"Get guided support for vehicle transfer, token tax payment and excise services in Malakand. Private facilitation by PakExcise — request help online today.",,summary_large_image,true,true,city:kpk:malakand,2026-07-09T22:31:36.500Z
city:kpk:mansehra,Mansehra Excise Services – Token Tax & Transfer | PakExcise,"From token tax to vehicle transfer, PakExcise helps residents of Mansehra, KPK handle excise processes with private, step-by-step facilitation online.","Excise & Vehicle Services in Mansehra, KPK","token tax Mansehra, vehicle transfer Mansehra, excise services Mansehra, vehicle registration Mansehra, e-challan Mansehra",https://pakexcise.com/regions/kpk/mansehra,Mansehra Excise Services – Token Tax & Transfer | PakExcise,"From token tax to vehicle transfer, PakExcise helps residents of Mansehra, KPK handle excise processes with private, step-by-step facilitation online.",,summary_large_image,true,true,city:kpk:mansehra,2026-07-09T22:31:32.839Z
city:kpk:mardan,Mardan Excise Services – Token Tax & Transfer | PakExcise,"Need token tax, vehicle transfer, registration or e-challan help in Mardan? PakExcise offers private facilitation with simple online support. Start today.","Token Tax, Vehicle Transfer & Excise Help in Mardan","token tax Mardan, vehicle transfer Mardan, excise services Mardan, vehicle registration Mardan, e-challan Mardan",https://pakexcise.com/regions/kpk/mardan,Mardan Excise Services – Token Tax & Transfer | PakExcise,"Need token tax, vehicle transfer, registration or e-challan help in Mardan? PakExcise offers private facilitation with simple online support. Start today.",,summary_large_image,true,true,city:kpk:mardan,2026-07-09T22:31:31.561Z
city:kpk:nowshera,Nowshera Excise Services – Token Tax & Transfer | PakExcise,"PakExcise offers private facilitation for token tax, vehicle transfer and excise services in Nowshera, KPK. Skip the confusion — get guided help online.","Nowshera — Vehicle, Tax & License Facilitation","token tax Nowshera, vehicle transfer Nowshera, excise services Nowshera, vehicle registration Nowshera, e-challan Nowshera",https://pakexcise.com/regions/kpk/nowshera,Nowshera Excise Services – Token Tax & Transfer | PakExcise,"PakExcise offers private facilitation for token tax, vehicle transfer and excise services in Nowshera, KPK. Skip the confusion — get guided help online.",,summary_large_image,true,true,city:kpk:nowshera,2026-07-09T22:31:34.304Z
city:kpk:peshawar,Peshawar Excise Services – Token Tax & Transfer | PakExcise,"Get guided support for vehicle transfer, token tax payment and excise services in Peshawar. Private facilitation by PakExcise — request help online today.","Excise & Vehicle Services in Peshawar, KPK","token tax Peshawar, vehicle transfer Peshawar, excise services Peshawar, vehicle registration Peshawar, e-challan Peshawar",https://pakexcise.com/regions/kpk/peshawar,Peshawar Excise Services – Token Tax & Transfer | PakExcise,"Get guided support for vehicle transfer, token tax payment and excise services in Peshawar. Private facilitation by PakExcise — request help online today.",,summary_large_image,true,true,city:kpk:peshawar,2026-07-09T22:31:31.196Z
city:kpk:shangla,Shangla Excise Services – Token Tax & Transfer | PakExcise,"From token tax to vehicle transfer, PakExcise helps residents of Shangla, KPK handle excise processes with private, step-by-step facilitation online.","Token Tax, Vehicle Transfer & Excise Help in Shangla","token tax Shangla, vehicle transfer Shangla, excise services Shangla, vehicle registration Shangla, e-challan Shangla",https://pakexcise.com/regions/kpk/shangla,Shangla Excise Services – Token Tax & Transfer | PakExcise,"From token tax to vehicle transfer, PakExcise helps residents of Shangla, KPK handle excise processes with private, step-by-step facilitation online.",,summary_large_image,true,true,city:kpk:shangla,2026-07-09T22:31:38.695Z
city:kpk:swabi,Swabi Excise Services – Token Tax & Transfer | PakExcise,"Need token tax, vehicle transfer, registration or e-challan help in Swabi? PakExcise offers private facilitation with simple online support. Start today.","Swabi — Vehicle, Tax & License Facilitation","token tax Swabi, vehicle transfer Swabi, excise services Swabi, vehicle registration Swabi, e-challan Swabi",https://pakexcise.com/regions/kpk/swabi,Swabi Excise Services – Token Tax & Transfer | PakExcise,"Need token tax, vehicle transfer, registration or e-challan help in Swabi? PakExcise offers private facilitation with simple online support. Start today.",,summary_large_image,true,true,city:kpk:swabi,2026-07-09T22:31:35.400Z
city:kpk:swat,Swat Excise Services – Token Tax & Transfer | PakExcise,"PakExcise offers private facilitation for token tax, vehicle transfer and excise services in Swat, KPK. Skip the confusion — get guided help online.","Excise & Vehicle Services in Swat, KPK","token tax Swat, vehicle transfer Swat, excise services Swat, vehicle registration Swat, e-challan Swat",https://pakexcise.com/regions/kpk/swat,Swat Excise Services – Token Tax & Transfer | PakExcise,"PakExcise offers private facilitation for token tax, vehicle transfer and excise services in Swat, KPK. Skip the confusion — get guided help online.",,summary_large_image,true,true,city:kpk:swat,2026-07-09T22:31:31.927Z
city:kpk:tank,Tank Excise Services – Token Tax & Transfer | PakExcise,"Get guided support for vehicle transfer, token tax payment and excise services in Tank. Private facilitation by PakExcise — request help online today.","Token Tax, Vehicle Transfer & Excise Help in Tank","token tax Tank, vehicle transfer Tank, excise services Tank, vehicle registration Tank, e-challan Tank",https://pakexcise.com/regions/kpk/tank,Tank Excise Services – Token Tax & Transfer | PakExcise,"Get guided support for vehicle transfer, token tax payment and excise services in Tank. Private facilitation by PakExcise — request help online today.",,summary_large_image,true,true,city:kpk:tank,2026-07-09T22:31:37.963Z
city:punjab:attock,Attock Excise Services – Token Tax & Transfer | PakExcise,"From token tax to vehicle transfer, PakExcise helps residents of Attock, Punjab handle excise processes with private, step-by-step facilitation online.","Attock — Vehicle, Tax & License Facilitation","token tax Attock, vehicle transfer Attock, excise services Attock, vehicle registration Attock, e-challan Attock",https://pakexcise.com/regions/punjab/attock,Attock Excise Services – Token Tax & Transfer | PakExcise,"From token tax to vehicle transfer, PakExcise helps residents of Attock, Punjab handle excise processes with private, step-by-step facilitation online.",,summary_large_image,true,true,city:punjab:attock,2026-07-09T22:31:18.371Z
city:punjab:bahawalpur,Bahawalpur Excise & Vehicle Services Online | PakExcise,"Need token tax, vehicle transfer, registration or e-challan help in Bahawalpur? PakExcise offers private facilitation with simple online support. Start today.","Excise & Vehicle Services in Bahawalpur, Punjab","token tax Bahawalpur, vehicle transfer Bahawalpur, excise services Bahawalpur, vehicle registration Bahawalpur, e-challan Bahawalpur",https://pakexcise.com/regions/punjab/bahawalpur,Bahawalpur Excise & Vehicle Services Online | PakExcise,"Need token tax, vehicle transfer, registration or e-challan help in Bahawalpur? PakExcise offers private facilitation with simple online support. Start today.",,summary_large_image,true,true,city:punjab:bahawalpur,2026-07-09T22:31:11.966Z
city:punjab:bhakkar,Bhakkar Excise Services – Token Tax & Transfer | PakExcise,"PakExcise offers private facilitation for token tax, vehicle transfer and excise services in Bhakkar, Punjab. Skip the confusion — get guided help online.","Token Tax, Vehicle Transfer & Excise Help in Bhakkar","token tax Bhakkar, vehicle transfer Bhakkar, excise services Bhakkar, vehicle registration Bhakkar, e-challan Bhakkar",https://pakexcise.com/regions/punjab/bhakkar,Bhakkar Excise Services – Token Tax & Transfer | PakExcise,"PakExcise offers private facilitation for token tax, vehicle transfer and excise services in Bhakkar, Punjab. Skip the confusion — get guided help online.",,summary_large_image,true,true,city:punjab:bhakkar,2026-07-09T22:31:22.035Z
city:punjab:chakwal,Chakwal Excise Services – Token Tax & Transfer | PakExcise,"Get guided support for vehicle transfer, token tax payment and excise services in Chakwal. Private facilitation by PakExcise — request help online today.","Chakwal — Vehicle, Tax & License Facilitation","token tax Chakwal, vehicle transfer Chakwal, excise services Chakwal, vehicle registration Chakwal, e-challan Chakwal",https://pakexcise.com/regions/punjab/chakwal,Chakwal Excise Services – Token Tax & Transfer | PakExcise,"Get guided support for vehicle transfer, token tax payment and excise services in Chakwal. Private facilitation by PakExcise — request help online today.",,summary_large_image,true,true,city:punjab:chakwal,2026-07-09T22:31:19.103Z
city:punjab:chiniot,Chiniot Excise Services – Token Tax & Transfer | PakExcise,"From token tax to vehicle transfer, PakExcise helps residents of Chiniot, Punjab handle excise processes with private, step-by-step facilitation online.","Excise & Vehicle Services in Chiniot, Punjab","token tax Chiniot, vehicle transfer Chiniot, excise services Chiniot, vehicle registration Chiniot, e-challan Chiniot",https://pakexcise.com/regions/punjab/chiniot,Chiniot Excise Services – Token Tax & Transfer | PakExcise,"From token tax to vehicle transfer, PakExcise helps residents of Chiniot, Punjab handle excise processes with private, step-by-step facilitation online.",,summary_large_image,true,true,city:punjab:chiniot,2026-07-09T22:31:15.628Z
city:punjab:dera-ghazi-khan,Dera Ghazi Khan Excise & Vehicle Services Online | PakExcise,"From token tax to vehicle transfer, PakExcise helps residents of Dera Ghazi Khan, Punjab handle excise processes with private, step-by-step facilitation online.","Token Tax, Vehicle Transfer & Excise Help in Dera Ghazi Khan","token tax Dera Ghazi Khan, vehicle transfer Dera Ghazi Khan, excise services Dera Ghazi Khan, vehicle registration Dera Ghazi Khan, e-challan Dera Ghazi Khan",https://pakexcise.com/regions/punjab/dera-ghazi-khan,Dera Ghazi Khan Excise & Vehicle Services Online | PakExcise,"From token tax to vehicle transfer, PakExcise helps residents of Dera Ghazi Khan, Punjab handle excise processes with private, step-by-step facilitation online.",,summary_large_image,true,true,city:punjab:dera-ghazi-khan,2026-07-09T22:31:13.431Z
city:punjab:faisalabad,Faisalabad Excise & Vehicle Services Online | PakExcise,"PakExcise offers private facilitation for token tax, vehicle transfer and excise services in Faisalabad, Punjab. Skip the confusion — get guided help online.","Faisalabad — Vehicle, Tax & License Facilitation","token tax Faisalabad, vehicle transfer Faisalabad, excise services Faisalabad, vehicle registration Faisalabad, e-challan Faisalabad",https://pakexcise.com/regions/punjab/faisalabad,Faisalabad Excise & Vehicle Services Online | PakExcise,"PakExcise offers private facilitation for token tax, vehicle transfer and excise services in Faisalabad, Punjab. Skip the confusion — get guided help online.",,summary_large_image,true,true,city:punjab:faisalabad,2026-07-09T22:31:10.131Z
city:punjab:gujranwala,Gujranwala Excise & Vehicle Services Online | PakExcise,"Get guided support for vehicle transfer, token tax payment and excise services in Gujranwala. Private facilitation by PakExcise — request help online today.","Excise & Vehicle Services in Gujranwala, Punjab","token tax Gujranwala, vehicle transfer Gujranwala, excise services Gujranwala, vehicle registration Gujranwala, e-challan Gujranwala",https://pakexcise.com/regions/punjab/gujranwala,Gujranwala Excise & Vehicle Services Online | PakExcise,"Get guided support for vehicle transfer, token tax payment and excise services in Gujranwala. Private facilitation by PakExcise — request help online today.",,summary_large_image,true,true,city:punjab:gujranwala,2026-07-09T22:31:10.866Z
city:punjab:gujrat,Gujrat Excise Services – Token Tax & Transfer | PakExcise,"From token tax to vehicle transfer, PakExcise helps residents of Gujrat, Punjab handle excise processes with private, step-by-step facilitation online.","Token Tax, Vehicle Transfer & Excise Help in Gujrat","token tax Gujrat, vehicle transfer Gujrat, excise services Gujrat, vehicle registration Gujrat, e-challan Gujrat",https://pakexcise.com/regions/punjab/gujrat,Gujrat Excise Services – Token Tax & Transfer | PakExcise,"From token tax to vehicle transfer, PakExcise helps residents of Gujrat, Punjab handle excise processes with private, step-by-step facilitation online.",,summary_large_image,true,true,city:punjab:gujrat,2026-07-09T22:31:13.797Z
city:punjab:hafizabad,Hafizabad Excise Services – Token Tax & Transfer | PakExcise,"Need token tax, vehicle transfer, registration or e-challan help in Hafizabad? PakExcise offers private facilitation with simple online support. Start today.","Hafizabad — Vehicle, Tax & License Facilitation","token tax Hafizabad, vehicle transfer Hafizabad, excise services Hafizabad, vehicle registration Hafizabad, e-challan Hafizabad",https://pakexcise.com/regions/punjab/hafizabad,Hafizabad Excise Services – Token Tax & Transfer | PakExcise,"Need token tax, vehicle transfer, registration or e-challan help in Hafizabad? PakExcise offers private facilitation with simple online support. Start today.",,summary_large_image,true,true,city:punjab:hafizabad,2026-07-09T22:31:16.360Z
city:punjab:jhang,Jhang Excise Services – Token Tax & Transfer | PakExcise,"PakExcise offers private facilitation for token tax, vehicle transfer and excise services in Jhang, Punjab. Skip the confusion — get guided help online.","Excise & Vehicle Services in Jhang, Punjab","token tax Jhang, vehicle transfer Jhang, excise services Jhang, vehicle registration Jhang, e-challan Jhang",https://pakexcise.com/regions/punjab/jhang,Jhang Excise Services – Token Tax & Transfer | PakExcise,"PakExcise offers private facilitation for token tax, vehicle transfer and excise services in Jhang, Punjab. Skip the confusion — get guided help online.",,summary_large_image,true,true,city:punjab:jhang,2026-07-09T22:31:13.063Z
city:punjab:jhelum,Jhelum Excise Services – Token Tax & Transfer | PakExcise,"Get guided support for vehicle transfer, token tax payment and excise services in Jhelum. Private facilitation by PakExcise — request help online today.","Token Tax, Vehicle Transfer & Excise Help in Jhelum","token tax Jhelum, vehicle transfer Jhelum, excise services Jhelum, vehicle registration Jhelum, e-challan Jhelum",https://pakexcise.com/regions/punjab/jhelum,Jhelum Excise Services – Token Tax & Transfer | PakExcise,"Get guided support for vehicle transfer, token tax payment and excise services in Jhelum. Private facilitation by PakExcise — request help online today.",,summary_large_image,true,true,city:punjab:jhelum,2026-07-09T22:31:18.737Z
city:punjab:kamoke,Kamoke Excise Services – Token Tax & Transfer | PakExcise,"From token tax to vehicle transfer, PakExcise helps residents of Kamoke, Punjab handle excise processes with private, step-by-step facilitation online.","Kamoke — Vehicle, Tax & License Facilitation","token tax Kamoke, vehicle transfer Kamoke, excise services Kamoke, vehicle registration Kamoke, e-challan Kamoke",https://pakexcise.com/regions/punjab/kamoke,Kamoke Excise Services – Token Tax & Transfer | PakExcise,"From token tax to vehicle transfer, PakExcise helps residents of Kamoke, Punjab handle excise processes with private, step-by-step facilitation online.",,summary_large_image,true,true,city:punjab:kamoke,2026-07-09T22:31:15.995Z
city:punjab:kasur,Kasur Excise Services – Token Tax & Transfer | PakExcise,"Need token tax, vehicle transfer, registration or e-challan help in Kasur? PakExcise offers private facilitation with simple online support. Start today.","Excise & Vehicle Services in Kasur, Punjab","token tax Kasur, vehicle transfer Kasur, excise services Kasur, vehicle registration Kasur, e-challan Kasur",https://pakexcise.com/regions/punjab/kasur,Kasur Excise Services – Token Tax & Transfer | PakExcise,"Need token tax, vehicle transfer, registration or e-challan help in Kasur? PakExcise offers private facilitation with simple online support. Start today.",,summary_large_image,true,true,city:punjab:kasur,2026-07-09T22:31:15.261Z
city:punjab:khanewal,Khanewal Excise Services – Token Tax & Transfer | PakExcise,"PakExcise offers private facilitation for token tax, vehicle transfer and excise services in Khanewal, Punjab. Skip the confusion — get guided help online.","Token Tax, Vehicle Transfer & Excise Help in Khanewal","token tax Khanewal, vehicle transfer Khanewal, excise services Khanewal, vehicle registration Khanewal, e-challan Khanewal",https://pakexcise.com/regions/punjab/khanewal,Khanewal Excise Services – Token Tax & Transfer | PakExcise,"PakExcise offers private facilitation for token tax, vehicle transfer and excise services in Khanewal, Punjab. Skip the confusion — get guided help online.",,summary_large_image,true,true,city:punjab:khanewal,2026-07-09T22:31:16.727Z
city:punjab:khushab,Khushab Excise Services – Token Tax & Transfer | PakExcise,"Get guided support for vehicle transfer, token tax payment and excise services in Khushab. Private facilitation by PakExcise — request help online today.","Khushab — Vehicle, Tax & License Facilitation","token tax Khushab, vehicle transfer Khushab, excise services Khushab, vehicle registration Khushab, e-challan Khushab",https://pakexcise.com/regions/punjab/khushab,Khushab Excise Services – Token Tax & Transfer | PakExcise,"Get guided support for vehicle transfer, token tax payment and excise services in Khushab. Private facilitation by PakExcise — request help online today.",,summary_large_image,true,true,city:punjab:khushab,2026-07-09T22:31:17.639Z
city:punjab:lahore,Lahore Excise Services – Token Tax & Transfer | PakExcise,"From token tax to vehicle transfer, PakExcise helps residents of Lahore, Punjab handle excise processes with private, step-by-step facilitation online.","Excise & Vehicle Services in Lahore, Punjab","token tax Lahore, vehicle transfer Lahore, excise services Lahore, vehicle registration Lahore, e-challan Lahore",https://pakexcise.com/regions/punjab/lahore,Lahore Excise Services – Token Tax & Transfer | PakExcise,"From token tax to vehicle transfer, PakExcise helps residents of Lahore, Punjab handle excise processes with private, step-by-step facilitation online.",,summary_large_image,true,true,city:punjab:lahore,2026-07-09T22:31:09.215Z
city:punjab:layyah,Layyah Excise Services – Token Tax & Transfer | PakExcise,"Need token tax, vehicle transfer, registration or e-challan help in Layyah? PakExcise offers private facilitation with simple online support. Start today.","Token Tax, Vehicle Transfer & Excise Help in Layyah","token tax Layyah, vehicle transfer Layyah, excise services Layyah, vehicle registration Layyah, e-challan Layyah",https://pakexcise.com/regions/punjab/layyah,Layyah Excise Services – Token Tax & Transfer | PakExcise,"Need token tax, vehicle transfer, registration or e-challan help in Layyah? PakExcise offers private facilitation with simple online support. Start today.",,summary_large_image,true,true,city:punjab:layyah,2026-07-09T22:31:21.669Z
city:punjab:lodhran,Lodhran Excise Services – Token Tax & Transfer | PakExcise,"PakExcise offers private facilitation for token tax, vehicle transfer and excise services in Lodhran, Punjab. Skip the confusion — get guided help online.","Lodhran — Vehicle, Tax & License Facilitation","token tax Lodhran, vehicle transfer Lodhran, excise services Lodhran, vehicle registration Lodhran, e-challan Lodhran",https://pakexcise.com/regions/punjab/lodhran,Lodhran Excise Services – Token Tax & Transfer | PakExcise,"PakExcise offers private facilitation for token tax, vehicle transfer and excise services in Lodhran, Punjab. Skip the confusion — get guided help online.",,summary_large_image,true,true,city:punjab:lodhran,2026-07-09T22:31:20.204Z
city:punjab:mandi-bahauddin,Mandi Bahauddin Excise & Vehicle Services Online | PakExcise,"From token tax to vehicle transfer, PakExcise helps residents of Mandi Bahauddin, Punjab handle excise processes with private, step-by-step facilitation online.","Excise & Vehicle Services in Mandi Bahauddin, Punjab","token tax Mandi Bahauddin, vehicle transfer Mandi Bahauddin, excise services Mandi Bahauddin, vehicle registration Mandi Bahauddin, e-challan Mandi Bahauddin",https://pakexcise.com/regions/punjab/mandi-bahauddin,Mandi Bahauddin Excise & Vehicle Services Online | PakExcise,"From token tax to vehicle transfer, PakExcise helps residents of Mandi Bahauddin, Punjab handle excise processes with private, step-by-step facilitation online.",,summary_large_image,true,true,city:punjab:mandi-bahauddin,2026-07-09T22:31:21.303Z
city:punjab:mianwali,Mianwali Excise Services – Token Tax & Transfer | PakExcise,"From token tax to vehicle transfer, PakExcise helps residents of Mianwali, Punjab handle excise processes with private, step-by-step facilitation online.","Token Tax, Vehicle Transfer & Excise Help in Mianwali","token tax Mianwali, vehicle transfer Mianwali, excise services Mianwali, vehicle registration Mianwali, e-challan Mianwali",https://pakexcise.com/regions/punjab/mianwali,Mianwali Excise Services – Token Tax & Transfer | PakExcise,"From token tax to vehicle transfer, PakExcise helps residents of Mianwali, Punjab handle excise processes with private, step-by-step facilitation online.",,summary_large_image,true,true,city:punjab:mianwali,2026-07-09T22:31:18.005Z
city:punjab:multan,Multan Excise Services – Token Tax & Transfer | PakExcise,"Need token tax, vehicle transfer, registration or e-challan help in Multan? PakExcise offers private facilitation with simple online support. Start today.","Multan — Vehicle, Tax & License Facilitation","token tax Multan, vehicle transfer Multan, excise services Multan, vehicle registration Multan, e-challan Multan",https://pakexcise.com/regions/punjab/multan,Multan Excise Services – Token Tax & Transfer | PakExcise,"Need token tax, vehicle transfer, registration or e-challan help in Multan? PakExcise offers private facilitation with simple online support. Start today.",,summary_large_image,true,true,city:punjab:multan,2026-07-09T22:31:10.498Z
city:punjab:muzaffargarh,Muzaffargarh Excise & Vehicle Services Online | PakExcise,"PakExcise offers private facilitation for token tax, vehicle transfer and excise services in Muzaffargarh, Punjab. Skip the confusion — get guided help online.","Excise & Vehicle Services in Muzaffargarh, Punjab","token tax Muzaffargarh, vehicle transfer Muzaffargarh, excise services Muzaffargarh, vehicle registration Muzaffargarh, e-challan Muzaffargarh",https://pakexcise.com/regions/punjab/muzaffargarh,Muzaffargarh Excise & Vehicle Services Online | PakExcise,"PakExcise offers private facilitation for token tax, vehicle transfer and excise services in Muzaffargarh, Punjab. Skip the confusion — get guided help online.",,summary_large_image,true,true,city:punjab:muzaffargarh,2026-07-09T22:31:17.092Z
city:punjab:narowal,Narowal Excise Services – Token Tax & Transfer | PakExcise,"Get guided support for vehicle transfer, token tax payment and excise services in Narowal. Private facilitation by PakExcise — request help online today.","Token Tax, Vehicle Transfer & Excise Help in Narowal","token tax Narowal, vehicle transfer Narowal, excise services Narowal, vehicle registration Narowal, e-challan Narowal",https://pakexcise.com/regions/punjab/narowal,Narowal Excise Services – Token Tax & Transfer | PakExcise,"Get guided support for vehicle transfer, token tax payment and excise services in Narowal. Private facilitation by PakExcise — request help online today.",,summary_large_image,true,true,city:punjab:narowal,2026-07-09T22:31:20.936Z
city:punjab:okara,Okara Excise Services – Token Tax & Transfer | PakExcise,"From token tax to vehicle transfer, PakExcise helps residents of Okara, Punjab handle excise processes with private, step-by-step facilitation online.","Okara — Vehicle, Tax & License Facilitation","token tax Okara, vehicle transfer Okara, excise services Okara, vehicle registration Okara, e-challan Okara",https://pakexcise.com/regions/punjab/okara,Okara Excise Services – Token Tax & Transfer | PakExcise,"From token tax to vehicle transfer, PakExcise helps residents of Okara, Punjab handle excise processes with private, step-by-step facilitation online.",,summary_large_image,true,true,city:punjab:okara,2026-07-09T22:31:14.895Z
city:punjab:pakpattan,Pakpattan Excise Services – Token Tax & Transfer | PakExcise,"Need token tax, vehicle transfer, registration or e-challan help in Pakpattan? PakExcise offers private facilitation with simple online support. Start today.","Excise & Vehicle Services in Pakpattan, Punjab","token tax Pakpattan, vehicle transfer Pakpattan, excise services Pakpattan, vehicle registration Pakpattan, e-challan Pakpattan",https://pakexcise.com/regions/punjab/pakpattan,Pakpattan Excise Services – Token Tax & Transfer | PakExcise,"Need token tax, vehicle transfer, registration or e-challan help in Pakpattan? PakExcise offers private facilitation with simple online support. Start today.",,summary_large_image,true,true,city:punjab:pakpattan,2026-07-09T22:31:20.570Z
city:punjab:rahim-yar-khan,Rahim Yar Khan Excise & Vehicle Services Online | PakExcise,"Get guided support for vehicle transfer, token tax payment and excise services in Rahim Yar Khan. Private facilitation by PakExcise — request help online today.","Token Tax, Vehicle Transfer & Excise Help in Rahim Yar Khan","token tax Rahim Yar Khan, vehicle transfer Rahim Yar Khan, excise services Rahim Yar Khan, vehicle registration Rahim Yar Khan, e-challan Rahim Yar Khan",https://pakexcise.com/regions/punjab/rahim-yar-khan,Rahim Yar Khan Excise & Vehicle Services Online | PakExcise,"Get guided support for vehicle transfer, token tax payment and excise services in Rahim Yar Khan. Private facilitation by PakExcise — request help online today.",,summary_large_image,true,true,city:punjab:rahim-yar-khan,2026-07-09T22:31:12.697Z
city:punjab:rajanpur,Rajanpur Excise Services – Token Tax & Transfer | PakExcise,"Get guided support for vehicle transfer, token tax payment and excise services in Rajanpur. Private facilitation by PakExcise — request help online today.","Rajanpur — Vehicle, Tax & License Facilitation","token tax Rajanpur, vehicle transfer Rajanpur, excise services Rajanpur, vehicle registration Rajanpur, e-challan Rajanpur",https://pakexcise.com/regions/punjab/rajanpur,Rajanpur Excise Services – Token Tax & Transfer | PakExcise,"Get guided support for vehicle transfer, token tax payment and excise services in Rajanpur. Private facilitation by PakExcise — request help online today.",,summary_large_image,true,true,city:punjab:rajanpur,2026-07-09T22:31:22.401Z
city:punjab:rawalpindi,Rawalpindi Excise & Vehicle Services Online | PakExcise,"From token tax to vehicle transfer, PakExcise helps residents of Rawalpindi, Punjab handle excise processes with private, step-by-step facilitation online.","Excise & Vehicle Services in Rawalpindi, Punjab","token tax Rawalpindi, vehicle transfer Rawalpindi, excise services Rawalpindi, vehicle registration Rawalpindi, e-challan Rawalpindi",https://pakexcise.com/regions/punjab/rawalpindi,Rawalpindi Excise & Vehicle Services Online | PakExcise,"From token tax to vehicle transfer, PakExcise helps residents of Rawalpindi, Punjab handle excise processes with private, step-by-step facilitation online.",,summary_large_image,true,true,city:punjab:rawalpindi,2026-07-09T22:31:09.766Z
city:punjab:sahiwal,Sahiwal Excise Services – Token Tax & Transfer | PakExcise,"Need token tax, vehicle transfer, registration or e-challan help in Sahiwal? PakExcise offers private facilitation with simple online support. Start today.","Token Tax, Vehicle Transfer & Excise Help in Sahiwal","token tax Sahiwal, vehicle transfer Sahiwal, excise services Sahiwal, vehicle registration Sahiwal, e-challan Sahiwal",https://pakexcise.com/regions/punjab/sahiwal,Sahiwal Excise Services – Token Tax & Transfer | PakExcise,"Need token tax, vehicle transfer, registration or e-challan help in Sahiwal? PakExcise offers private facilitation with simple online support. Start today.",,summary_large_image,true,true,city:punjab:sahiwal,2026-07-09T22:31:14.164Z
city:punjab:sargodha,Sargodha Excise Services – Token Tax & Transfer | PakExcise,"PakExcise offers private facilitation for token tax, vehicle transfer and excise services in Sargodha, Punjab. Skip the confusion — get guided help online.","Sargodha — Vehicle, Tax & License Facilitation","token tax Sargodha, vehicle transfer Sargodha, excise services Sargodha, vehicle registration Sargodha, e-challan Sargodha",https://pakexcise.com/regions/punjab/sargodha,Sargodha Excise Services – Token Tax & Transfer | PakExcise,"PakExcise offers private facilitation for token tax, vehicle transfer and excise services in Sargodha, Punjab. Skip the confusion — get guided help online.",,summary_large_image,true,true,city:punjab:sargodha,2026-07-09T22:31:11.599Z
city:punjab:sheikhupura,Sheikhupura Excise & Vehicle Services Online | PakExcise,"Get guided support for vehicle transfer, token tax payment and excise services in Sheikhupura. Private facilitation by PakExcise — request help online today.","Excise & Vehicle Services in Sheikhupura, Punjab","token tax Sheikhupura, vehicle transfer Sheikhupura, excise services Sheikhupura, vehicle registration Sheikhupura, e-challan Sheikhupura",https://pakexcise.com/regions/punjab/sheikhupura,Sheikhupura Excise & Vehicle Services Online | PakExcise,"Get guided support for vehicle transfer, token tax payment and excise services in Sheikhupura. Private facilitation by PakExcise — request help online today.",,summary_large_image,true,true,city:punjab:sheikhupura,2026-07-09T22:31:12.331Z
city:punjab:sialkot,Sialkot Excise Services – Token Tax & Transfer | PakExcise,"From token tax to vehicle transfer, PakExcise helps residents of Sialkot, Punjab handle excise processes with private, step-by-step facilitation online.","Token Tax, Vehicle Transfer & Excise Help in Sialkot","token tax Sialkot, vehicle transfer Sialkot, excise services Sialkot, vehicle registration Sialkot, e-challan Sialkot",https://pakexcise.com/regions/punjab/sialkot,Sialkot Excise Services – Token Tax & Transfer | PakExcise,"From token tax to vehicle transfer, PakExcise helps residents of Sialkot, Punjab handle excise processes with private, step-by-step facilitation online.",,summary_large_image,true,true,city:punjab:sialkot,2026-07-09T22:31:11.233Z
city:punjab:toba-tek-singh,Toba Tek Singh Excise & Vehicle Services Online | PakExcise,"Get guided support for vehicle transfer, token tax payment and excise services in Toba Tek Singh. Private facilitation by PakExcise — request help online today.","Toba Tek Singh — Vehicle, Tax & License Facilitation","token tax Toba Tek Singh, vehicle transfer Toba Tek Singh, excise services Toba Tek Singh, vehicle registration Toba Tek Singh, e-challan Toba Tek Singh",https://pakexcise.com/regions/punjab/toba-tek-singh,Toba Tek Singh Excise & Vehicle Services Online | PakExcise,"Get guided support for vehicle transfer, token tax payment and excise services in Toba Tek Singh. Private facilitation by PakExcise — request help online today.",,summary_large_image,true,true,city:punjab:toba-tek-singh,2026-07-09T22:31:19.472Z
city:punjab:vehari,Vehari Excise Services – Token Tax & Transfer | PakExcise,"PakExcise offers private facilitation for token tax, vehicle transfer and excise services in Vehari, Punjab. Skip the confusion — get guided help online.","Excise & Vehicle Services in Vehari, Punjab","token tax Vehari, vehicle transfer Vehari, excise services Vehari, vehicle registration Vehari, e-challan Vehari",https://pakexcise.com/regions/punjab/vehari,Vehari Excise Services – Token Tax & Transfer | PakExcise,"PakExcise offers private facilitation for token tax, vehicle transfer and excise services in Vehari, Punjab. Skip the confusion — get guided help online.",,summary_large_image,true,true,city:punjab:vehari,2026-07-09T22:31:19.838Z
city:punjab:wah-cantt,Wah Cantt Excise Services – Token Tax & Transfer | PakExcise,"Get guided support for vehicle transfer, token tax payment and excise services in Wah Cantt. Private facilitation by PakExcise — request help online today.","Token Tax, Vehicle Transfer & Excise Help in Wah Cantt","token tax Wah Cantt, vehicle transfer Wah Cantt, excise services Wah Cantt, vehicle registration Wah Cantt, e-challan Wah Cantt",https://pakexcise.com/regions/punjab/wah-cantt,Wah Cantt Excise Services – Token Tax & Transfer | PakExcise,"Get guided support for vehicle transfer, token tax payment and excise services in Wah Cantt. Private facilitation by PakExcise — request help online today.",,summary_large_image,true,true,city:punjab:wah-cantt,2026-07-09T22:31:14.529Z
city:sindh:badin,Badin Excise Services – Token Tax & Transfer | PakExcise,"From token tax to vehicle transfer, PakExcise helps residents of Badin, Sindh handle excise processes with private, step-by-step facilitation online.","Badin — Vehicle, Tax & License Facilitation","token tax Badin, vehicle transfer Badin, excise services Badin, vehicle registration Badin, e-challan Badin",https://pakexcise.com/regions/sindh/badin,Badin Excise Services – Token Tax & Transfer | PakExcise,"From token tax to vehicle transfer, PakExcise helps residents of Badin, Sindh handle excise processes with private, step-by-step facilitation online.",,summary_large_image,true,true,city:sindh:badin,2026-07-09T22:31:27.534Z
city:sindh:dadu,Dadu Excise Services – Token Tax & Transfer | PakExcise,"Need token tax, vehicle transfer, registration or e-challan help in Dadu? PakExcise offers private facilitation with simple online support. Start today.","Excise & Vehicle Services in Dadu, Sindh","token tax Dadu, vehicle transfer Dadu, excise services Dadu, vehicle registration Dadu, e-challan Dadu",https://pakexcise.com/regions/sindh/dadu,Dadu Excise Services – Token Tax & Transfer | PakExcise,"Need token tax, vehicle transfer, registration or e-challan help in Dadu? PakExcise offers private facilitation with simple online support. Start today.",,summary_large_image,true,true,city:sindh:dadu,2026-07-09T22:31:26.436Z
city:sindh:ghotki,Ghotki Excise Services – Token Tax & Transfer | PakExcise,"PakExcise offers private facilitation for token tax, vehicle transfer and excise services in Ghotki, Sindh. Skip the confusion — get guided help online.","Token Tax, Vehicle Transfer & Excise Help in Ghotki","token tax Ghotki, vehicle transfer Ghotki, excise services Ghotki, vehicle registration Ghotki, e-challan Ghotki",https://pakexcise.com/regions/sindh/ghotki,Ghotki Excise Services – Token Tax & Transfer | PakExcise,"PakExcise offers private facilitation for token tax, vehicle transfer and excise services in Ghotki, Sindh. Skip the confusion — get guided help online.",,summary_large_image,true,true,city:sindh:ghotki,2026-07-09T22:31:28.998Z
city:sindh:hyderabad,Hyderabad Excise Services – Token Tax & Transfer | PakExcise,"Get guided support for vehicle transfer, token tax payment and excise services in Hyderabad. Private facilitation by PakExcise — request help online today.","Hyderabad — Vehicle, Tax & License Facilitation","token tax Hyderabad, vehicle transfer Hyderabad, excise services Hyderabad, vehicle registration Hyderabad, e-challan Hyderabad",https://pakexcise.com/regions/sindh/hyderabad,Hyderabad Excise Services – Token Tax & Transfer | PakExcise,"Get guided support for vehicle transfer, token tax payment and excise services in Hyderabad. Private facilitation by PakExcise — request help online today.",,summary_large_image,true,true,city:sindh:hyderabad,2026-07-09T22:31:23.499Z
city:sindh:jacobabad,Jacobabad Excise Services – Token Tax & Transfer | PakExcise,"From token tax to vehicle transfer, PakExcise helps residents of Jacobabad, Sindh handle excise processes with private, step-by-step facilitation online.","Excise & Vehicle Services in Jacobabad, Sindh","token tax Jacobabad, vehicle transfer Jacobabad, excise services Jacobabad, vehicle registration Jacobabad, e-challan Jacobabad",https://pakexcise.com/regions/sindh/jacobabad,Jacobabad Excise Services – Token Tax & Transfer | PakExcise,"From token tax to vehicle transfer, PakExcise helps residents of Jacobabad, Sindh handle excise processes with private, step-by-step facilitation online.",,summary_large_image,true,true,city:sindh:jacobabad,2026-07-09T22:31:25.336Z
city:sindh:jamshoro,Jamshoro Excise Services – Token Tax & Transfer | PakExcise,"Need token tax, vehicle transfer, registration or e-challan help in Jamshoro? PakExcise offers private facilitation with simple online support. Start today.","Token Tax, Vehicle Transfer & Excise Help in Jamshoro","token tax Jamshoro, vehicle transfer Jamshoro, excise services Jamshoro, vehicle registration Jamshoro, e-challan Jamshoro",https://pakexcise.com/regions/sindh/jamshoro,Jamshoro Excise Services – Token Tax & Transfer | PakExcise,"Need token tax, vehicle transfer, registration or e-challan help in Jamshoro? PakExcise offers private facilitation with simple online support. Start today.",,summary_large_image,true,true,city:sindh:jamshoro,2026-07-09T22:31:30.464Z
city:sindh:karachi,Karachi Excise Services – Token Tax & Transfer | PakExcise,"PakExcise offers private facilitation for token tax, vehicle transfer and excise services in Karachi, Sindh. Skip the confusion — get guided help online.","Karachi — Vehicle, Tax & License Facilitation","token tax Karachi, vehicle transfer Karachi, excise services Karachi, vehicle registration Karachi, e-challan Karachi",https://pakexcise.com/regions/sindh/karachi,Karachi Excise Services – Token Tax & Transfer | PakExcise,"PakExcise offers private facilitation for token tax, vehicle transfer and excise services in Karachi, Sindh. Skip the confusion — get guided help online.",,summary_large_image,true,true,city:sindh:karachi,2026-07-09T22:31:23.134Z
city:sindh:kashmore,Kashmore Excise Services – Token Tax & Transfer | PakExcise,"Get guided support for vehicle transfer, token tax payment and excise services in Kashmore. Private facilitation by PakExcise — request help online today.","Excise & Vehicle Services in Kashmore, Sindh","token tax Kashmore, vehicle transfer Kashmore, excise services Kashmore, vehicle registration Kashmore, e-challan Kashmore",https://pakexcise.com/regions/sindh/kashmore,Kashmore Excise Services – Token Tax & Transfer | PakExcise,"Get guided support for vehicle transfer, token tax payment and excise services in Kashmore. Private facilitation by PakExcise — request help online today.",,summary_large_image,true,true,city:sindh:kashmore,2026-07-09T22:31:29.364Z
city:sindh:khairpur,Khairpur Excise Services – Token Tax & Transfer | PakExcise,"From token tax to vehicle transfer, PakExcise helps residents of Khairpur, Sindh handle excise processes with private, step-by-step facilitation online.","Token Tax, Vehicle Transfer & Excise Help in Khairpur","token tax Khairpur, vehicle transfer Khairpur, excise services Khairpur, vehicle registration Khairpur, e-challan Khairpur",https://pakexcise.com/regions/sindh/khairpur,Khairpur Excise Services – Token Tax & Transfer | PakExcise,"From token tax to vehicle transfer, PakExcise helps residents of Khairpur, Sindh handle excise processes with private, step-by-step facilitation online.",,summary_large_image,true,true,city:sindh:khairpur,2026-07-09T22:31:26.069Z
city:sindh:larkana,Larkana Excise Services – Token Tax & Transfer | PakExcise,"Need token tax, vehicle transfer, registration or e-challan help in Larkana? PakExcise offers private facilitation with simple online support. Start today.","Larkana — Vehicle, Tax & License Facilitation","token tax Larkana, vehicle transfer Larkana, excise services Larkana, vehicle registration Larkana, e-challan Larkana",https://pakexcise.com/regions/sindh/larkana,Larkana Excise Services – Token Tax & Transfer | PakExcise,"Need token tax, vehicle transfer, registration or e-challan help in Larkana? PakExcise offers private facilitation with simple online support. Start today.",,summary_large_image,true,true,city:sindh:larkana,2026-07-09T22:31:24.236Z
city:sindh:matiari,Matiari Excise Services – Token Tax & Transfer | PakExcise,"PakExcise offers private facilitation for token tax, vehicle transfer and excise services in Matiari, Sindh. Skip the confusion — get guided help online.","Excise & Vehicle Services in Matiari, Sindh","token tax Matiari, vehicle transfer Matiari, excise services Matiari, vehicle registration Matiari, e-challan Matiari",https://pakexcise.com/regions/sindh/matiari,Matiari Excise Services – Token Tax & Transfer | PakExcise,"PakExcise offers private facilitation for token tax, vehicle transfer and excise services in Matiari, Sindh. Skip the confusion — get guided help online.",,summary_large_image,true,true,city:sindh:matiari,2026-07-09T22:31:30.098Z
city:sindh:mirpur-khas,Mirpur Khas Excise & Vehicle Services Online | PakExcise,"Get guided support for vehicle transfer, token tax payment and excise services in Mirpur Khas. Private facilitation by PakExcise — request help online today.","Token Tax, Vehicle Transfer & Excise Help in Mirpur Khas","token tax Mirpur Khas, vehicle transfer Mirpur Khas, excise services Mirpur Khas, vehicle registration Mirpur Khas, e-challan Mirpur Khas",https://pakexcise.com/regions/sindh/mirpur-khas,Mirpur Khas Excise & Vehicle Services Online | PakExcise,"Get guided support for vehicle transfer, token tax payment and excise services in Mirpur Khas. Private facilitation by PakExcise — request help online today.",,summary_large_image,true,true,city:sindh:mirpur-khas,2026-07-09T22:31:24.970Z
city:sindh:naushahro-feroze,Naushahro Feroze Excise & Vehicle Services | PakExcise,"From token tax to vehicle transfer, PakExcise helps residents of Naushahro Feroze, Sindh handle excise processes with private, step-by-step facilitation online.","Naushahro Feroze — Vehicle, Tax & License Facilitation","token tax Naushahro Feroze, vehicle transfer Naushahro Feroze, excise services Naushahro Feroze, vehicle registration Naushahro Feroze, e-challan Naushahro Feroze",https://pakexcise.com/regions/sindh/naushahro-feroze,Naushahro Feroze Excise & Vehicle Services | PakExcise,"From token tax to vehicle transfer, PakExcise helps residents of Naushahro Feroze, Sindh handle excise processes with private, step-by-step facilitation online.",,summary_large_image,true,true,city:sindh:naushahro-feroze,2026-07-09T22:31:30.830Z
city:sindh:nawabshah,Nawabshah Excise Services – Token Tax & Transfer | PakExcise,"Need token tax, vehicle transfer, registration or e-challan help in Nawabshah? PakExcise offers private facilitation with simple online support. Start today.","Excise & Vehicle Services in Nawabshah, Sindh","token tax Nawabshah, vehicle transfer Nawabshah, excise services Nawabshah, vehicle registration Nawabshah, e-challan Nawabshah",https://pakexcise.com/regions/sindh/nawabshah,Nawabshah Excise Services – Token Tax & Transfer | PakExcise,"Need token tax, vehicle transfer, registration or e-challan help in Nawabshah? PakExcise offers private facilitation with simple online support. Start today.",,summary_large_image,true,true,city:sindh:nawabshah,2026-07-09T22:31:24.604Z
city:sindh:qambar-shahdadkot,Qambar Shahdadkot Excise & Vehicle Services | PakExcise,"PakExcise offers private facilitation for token tax, vehicle transfer and excise services in Qambar Shahdadkot, Sindh. Skip the confusion — get guided help...","Token Tax, Vehicle Transfer & Excise Help in Qambar Shahdadkot","token tax Qambar Shahdadkot, vehicle transfer Qambar Shahdadkot, excise services Qambar Shahdadkot, vehicle registration Qambar Shahdadkot, e-challan Qambar Shahdadkot",https://pakexcise.com/regions/sindh/qambar-shahdadkot,Qambar Shahdadkot Excise & Vehicle Services | PakExcise,"PakExcise offers private facilitation for token tax, vehicle transfer and excise services in Qambar Shahdadkot, Sindh. Skip the confusion — get guided help...",,summary_large_image,true,true,city:sindh:qambar-shahdadkot,2026-07-09T22:31:29.731Z
city:sindh:sanghar,Sanghar Excise Services – Token Tax & Transfer | PakExcise,"Get guided support for vehicle transfer, token tax payment and excise services in Sanghar. Private facilitation by PakExcise — request help online today.","Sanghar — Vehicle, Tax & License Facilitation","token tax Sanghar, vehicle transfer Sanghar, excise services Sanghar, vehicle registration Sanghar, e-challan Sanghar",https://pakexcise.com/regions/sindh/sanghar,Sanghar Excise Services – Token Tax & Transfer | PakExcise,"Get guided support for vehicle transfer, token tax payment and excise services in Sanghar. Private facilitation by PakExcise — request help online today.",,summary_large_image,true,true,city:sindh:sanghar,2026-07-09T22:31:28.631Z
city:sindh:shikarpur,Shikarpur Excise Services – Token Tax & Transfer | PakExcise,"From token tax to vehicle transfer, PakExcise helps residents of Shikarpur, Sindh handle excise processes with private, step-by-step facilitation online.","Excise & Vehicle Services in Shikarpur, Sindh","token tax Shikarpur, vehicle transfer Shikarpur, excise services Shikarpur, vehicle registration Shikarpur, e-challan Shikarpur",https://pakexcise.com/regions/sindh/shikarpur,Shikarpur Excise Services – Token Tax & Transfer | PakExcise,"From token tax to vehicle transfer, PakExcise helps residents of Shikarpur, Sindh handle excise processes with private, step-by-step facilitation online.",,summary_large_image,true,true,city:sindh:shikarpur,2026-07-09T22:31:25.703Z
city:sindh:sukkur,Sukkur Excise Services – Token Tax & Transfer | PakExcise,"Need token tax, vehicle transfer, registration or e-challan help in Sukkur? PakExcise offers private facilitation with simple online support. Start today.","Token Tax, Vehicle Transfer & Excise Help in Sukkur","token tax Sukkur, vehicle transfer Sukkur, excise services Sukkur, vehicle registration Sukkur, e-challan Sukkur",https://pakexcise.com/regions/sindh/sukkur,Sukkur Excise Services – Token Tax & Transfer | PakExcise,"Need token tax, vehicle transfer, registration or e-challan help in Sukkur? PakExcise offers private facilitation with simple online support. Start today.",,summary_large_image,true,true,city:sindh:sukkur,2026-07-09T22:31:23.865Z
city:sindh:tando-adam,Tando Adam Excise & Vehicle Services Online | PakExcise,"PakExcise offers private facilitation for token tax, vehicle transfer and excise services in Tando Adam, Sindh. Skip the confusion — get guided help online.","Tando Adam — Vehicle, Tax & License Facilitation","token tax Tando Adam, vehicle transfer Tando Adam, excise services Tando Adam, vehicle registration Tando Adam, e-challan Tando Adam",https://pakexcise.com/regions/sindh/tando-adam,Tando Adam Excise & Vehicle Services Online | PakExcise,"PakExcise offers private facilitation for token tax, vehicle transfer and excise services in Tando Adam, Sindh. Skip the confusion — get guided help online.",,summary_large_image,true,true,city:sindh:tando-adam,2026-07-09T22:31:26.802Z
city:sindh:tando-allahyar,Tando Allahyar Excise & Vehicle Services Online | PakExcise,"Get guided support for vehicle transfer, token tax payment and excise services in Tando Allahyar. Private facilitation by PakExcise — request help online today.","Excise & Vehicle Services in Tando Allahyar, Sindh","token tax Tando Allahyar, vehicle transfer Tando Allahyar, excise services Tando Allahyar, vehicle registration Tando Allahyar, e-challan Tando Allahyar",https://pakexcise.com/regions/sindh/tando-allahyar,Tando Allahyar Excise & Vehicle Services Online | PakExcise,"Get guided support for vehicle transfer, token tax payment and excise services in Tando Allahyar. Private facilitation by PakExcise — request help online today.",,summary_large_image,true,true,city:sindh:tando-allahyar,2026-07-09T22:31:27.167Z
city:sindh:thatta,Thatta Excise Services – Token Tax & Transfer | PakExcise,"From token tax to vehicle transfer, PakExcise helps residents of Thatta, Sindh handle excise processes with private, step-by-step facilitation online.","Token Tax, Vehicle Transfer & Excise Help in Thatta","token tax Thatta, vehicle transfer Thatta, excise services Thatta, vehicle registration Thatta, e-challan Thatta",https://pakexcise.com/regions/sindh/thatta,Thatta Excise Services – Token Tax & Transfer | PakExcise,"From token tax to vehicle transfer, PakExcise helps residents of Thatta, Sindh handle excise processes with private, step-by-step facilitation online.",,summary_large_image,true,true,city:sindh:thatta,2026-07-09T22:31:27.900Z
city:sindh:umerkot,Umerkot Excise Services – Token Tax & Transfer | PakExcise,"Need token tax, vehicle transfer, registration or e-challan help in Umerkot? PakExcise offers private facilitation with simple online support. Start today.","Umerkot — Vehicle, Tax & License Facilitation","token tax Umerkot, vehicle transfer Umerkot, excise services Umerkot, vehicle registration Umerkot, e-challan Umerkot",https://pakexcise.com/regions/sindh/umerkot,Umerkot Excise Services – Token Tax & Transfer | PakExcise,"Need token tax, vehicle transfer, registration or e-challan help in Umerkot? PakExcise offers private facilitation with simple online support. Start today.",,summary_large_image,true,true,city:sindh:umerkot,2026-07-09T22:31:28.266Z
contact,Contact PakExcise – Vehicle & License Support,"Questions about vehicle transfer, token tax, licenses or e-challan? Contact the PakExcise team for fast, friendly support with your request today.",Contact Us — We're Here to Help,"contact PakExcise, excise support Pakistan, vehicle services help, PakExcise phone",https://pakexcise.com/contact,Contact PakExcise – Vehicle & License Support,"Questions about vehicle transfer, token tax, licenses or e-challan? Contact the PakExcise team for fast, friendly support with your request today.",,summary_large_image,true,true,static,2026-07-09T22:33:44.567Z
cookie-policy,Cookie Policy – How We Use Cookies | PakExcise,"Learn how PakExcise uses cookies and similar technologies to improve your browsing experience, and how you can manage your cookie preferences.",Cookie Policy,"PakExcise cookie policy, cookies PakExcise",https://pakexcise.com/cookie-policy,Cookie Policy – How We Use Cookies | PakExcise,"Learn how PakExcise uses cookies and similar technologies to improve your browsing experience, and how you can manage your cookie preferences.",,summary_large_image,true,true,static,2026-06-10T22:13:12.177Z
disclaimer,Disclaimer – Private Facilitation Service | PakExcise,PakExcise is a private facilitation platform and is not affiliated with any government department. Read our full service disclaimer for details.,Disclaimer,"PakExcise disclaimer, private facilitation disclaimer",https://pakexcise.com/disclaimer,Disclaimer – Private Facilitation Service | PakExcise,PakExcise is a private facilitation platform and is not affiliated with any government department. Read our full service disclaimer for details.,,summary_large_image,true,true,static,2026-06-07T22:05:04.673Z
documents,"Required Documents – Transfer, Tax & Licenses | PakExcise","Check exactly which documents you need for vehicle transfer, token tax, registration, license renewal and other excise services in Pakistan.",Required Documents Checklist,"documents for vehicle transfer, token tax documents, vehicle registration documents Pakistan, license renewal documents",https://pakexcise.com/documents,"Required Documents – Transfer, Tax & Licenses | PakExcise","Check exactly which documents you need for vehicle transfer, token tax, registration, license renewal and other excise services in Pakistan.",,summary_large_image,true,true,static,2026-06-10T22:13:09.438Z
faqs,"FAQs – Vehicle Transfer, Token Tax & Licenses | PakExcise","Answers to common questions about vehicle transfer, token tax, registration, license renewal, e-challan and how PakExcise facilitation works.",Frequently Asked Questions,"vehicle transfer FAQs, token tax questions, PakExcise FAQs, excise process questions Pakistan",https://pakexcise.com/faqs,"FAQs – Vehicle Transfer, Token Tax & Licenses | PakExcise","Answers to common questions about vehicle transfer, token tax, registration, license renewal, e-challan and how PakExcise facilitation works.",,summary_large_image,true,true,static,2026-06-07T22:05:00.230Z
guides,Guides – Step-by-Step Vehicle & Excise Help | PakExcise,"Free step-by-step guides for vehicle transfer, token tax payment, registration, license renewal and e-challan processes across Pakistan.",Vehicle & Excise Guides for Pakistan,"vehicle transfer guide, token tax guide, driving license renewal guide, excise process guide Pakistan",https://pakexcise.com/guides,Guides – Step-by-Step Vehicle & Excise Help | PakExcise,"Free step-by-step guides for vehicle transfer, token tax payment, registration, license renewal and e-challan processes across Pakistan.",,summary_large_image,true,true,static,2026-06-07T22:05:00.746Z
home,"PakExcise – Vehicle Transfer, Token Tax & E-Challan Help","Pakistan's private facilitation service for vehicle transfer, token tax, registration, license renewal & e-challan. Get guided help online — start today.","Vehicle, Token Tax & License Services in Pakistan — Made Simple","vehicle transfer Pakistan, token tax online Pakistan, excise services Pakistan, driving license renewal, e-challan Pakistan, vehicle registration online",https://pakexcise.com/,"PakExcise – Vehicle Transfer, Token Tax & E-Challan Help","Pakistan's private facilitation service for vehicle transfer, token tax, registration, license renewal & e-challan. Get guided help online — start today.",,summary_large_image,true,true,static,2026-07-14T20:46:00.096Z
how-it-works,How It Works – Simple Online Facilitation | PakExcise,"See how PakExcise works: share your request, submit your documents, and let our team facilitate your vehicle or license process with clear updates.",How PakExcise Works — 3 Simple Steps,"how PakExcise works, online excise facilitation, vehicle services process Pakistan",https://pakexcise.com/how-it-works,How It Works – Simple Online Facilitation | PakExcise,"See how PakExcise works: share your request, submit your documents, and let our team facilitate your vehicle or license process with clear updates.",,summary_large_image,true,true,static,2026-06-10T22:13:08.638Z
legal:cookie-policy,Cookie Policy – How We Use Cookies | PakExcise,"Learn how PakExcise uses cookies and similar technologies to improve your browsing experience, and how you can manage your cookie preferences.",Cookie Policy,"PakExcise cookie policy, cookies PakExcise",https://pakexcise.com/cookie-policy,Cookie Policy – How We Use Cookies | PakExcise,"Learn how PakExcise uses cookies and similar technologies to improve your browsing experience, and how you can manage your cookie preferences.",,summary_large_image,true,true,legal:cookie-policy,2026-07-09T22:33:42.140Z
legal:disclaimer,Disclaimer – Private Facilitation Service | PakExcise,PakExcise is a private facilitation platform and is not affiliated with any government department. Read our full service disclaimer for details.,Disclaimer,"PakExcise disclaimer, private facilitation disclaimer",https://pakexcise.com/disclaimer,Disclaimer – Private Facilitation Service | PakExcise,PakExcise is a private facilitation platform and is not affiliated with any government department. Read our full service disclaimer for details.,,summary_large_image,true,true,legal:disclaimer,2026-07-09T22:33:37.704Z
legal:payment-policy,Payment Policy – Invoices & Verification | PakExcise,"How payments work at PakExcise: invoicing, manual payment verification, and confirmation before your facilitation request is processed by our team.",Payment Policy,"PakExcise payment policy, how to pay PakExcise",https://pakexcise.com/payment-policy,Payment Policy – Invoices & Verification | PakExcise,"How payments work at PakExcise: invoicing, manual payment verification, and confirmation before your facilitation request is processed by our team.",,summary_large_image,true,true,legal:payment-policy,2026-07-09T22:33:40.662Z
legal:privacy-policy,Privacy Policy – How PakExcise Protects Your Data,"Read how PakExcise collects, uses and protects your personal information when you use our private vehicle and excise facilitation services.",Privacy Policy,"PakExcise privacy policy, data protection PakExcise",https://pakexcise.com/privacy-policy,Privacy Policy – How PakExcise Protects Your Data,"Read how PakExcise collects, uses and protects your personal information when you use our private vehicle and excise facilitation services.",,summary_large_image,true,true,legal:privacy-policy,2026-07-09T22:33:34.549Z
legal:refund-policy,Refund Policy – Fair & Transparent | PakExcise,"Learn how refunds work for PakExcise facilitation services and what to expect if a request cannot be completed. A fair, transparent refund policy.",Refund Policy,"PakExcise refund policy, refund excise facilitation",https://pakexcise.com/refund-policy,Refund Policy – Fair & Transparent | PakExcise,"Learn how refunds work for PakExcise facilitation services and what to expect if a request cannot be completed. A fair, transparent refund policy.",,summary_large_image,true,true,legal:refund-policy,2026-07-09T22:33:39.180Z
legal:terms-and-conditions,Terms & Conditions – Using PakExcise Services,"The terms that govern your use of PakExcise, a private facilitation platform for vehicle, tax and license services in Pakistan. Read before ordering.",Terms and Conditions,"PakExcise terms and conditions, terms of service PakExcise",https://pakexcise.com/terms-and-conditions,Terms & Conditions – Using PakExcise Services,"The terms that govern your use of PakExcise, a private facilitation platform for vehicle, tax and license services in Pakistan. Read before ordering.",,summary_large_image,true,true,legal:terms-and-conditions,2026-07-09T22:33:36.225Z
page:agent-register,Agent Registration – Join PakExcise Today,"Register as a PakExcise agent in minutes. Serve customers in your area with vehicle, tax and license facilitation and grow your monthly income.",Register as a PakExcise Agent,"agent registration PakExcise, register as agent Pakistan, excise agent signup",https://pakexcise.com/agent-register,Agent Registration – Join PakExcise Today,"Register as a PakExcise agent in minutes. Serve customers in your area with vehicle, tax and license facilitation and grow your monthly income.",,summary_large_image,true,true,static,2026-07-09T22:33:29.351Z
page:agents,Agent Program – Partner & Earn with PakExcise,"Join the PakExcise agent program. Help customers in your city with vehicle and excise services, and earn on every completed request. Apply today.",Become a PakExcise Agent — Partner & Earn,"PakExcise agent program, become an agent Pakistan, earn with excise services, franchise excise services",https://pakexcise.com/agents,Agent Program – Partner & Earn with PakExcise,"Join the PakExcise agent program. Help customers in your city with vehicle and excise services, and earn on every completed request. Apply today.",,summary_large_image,true,true,static,2026-07-09T22:33:28.978Z
page:cookie-policy,Cookie Policy – How We Use Cookies | PakExcise,"Learn how PakExcise uses cookies and similar technologies to improve your browsing experience, and how you can manage your cookie preferences.",Cookie Policy,"PakExcise cookie policy, cookies PakExcise",https://pakexcise.com/cookie-policy,Cookie Policy – How We Use Cookies | PakExcise,"Learn how PakExcise uses cookies and similar technologies to improve your browsing experience, and how you can manage your cookie preferences.",,summary_large_image,true,true,static,2026-07-09T22:33:30.097Z
page:documents,"Required Documents – Transfer, Tax & Licenses | PakExcise","Check exactly which documents you need for vehicle transfer, token tax, registration, license renewal and other excise services in Pakistan.",Required Documents Checklist,"documents for vehicle transfer, token tax documents, vehicle registration documents Pakistan, license renewal documents",https://pakexcise.com/documents,"Required Documents – Transfer, Tax & Licenses | PakExcise","Check exactly which documents you need for vehicle transfer, token tax, registration, license renewal and other excise services in Pakistan.",,summary_large_image,true,true,static,2026-07-09T22:33:28.605Z
page:how-it-works,How It Works – Simple Online Facilitation | PakExcise,"See how PakExcise works: share your request, submit your documents, and let our team facilitate your vehicle or license process with clear updates.",How PakExcise Works — 3 Simple Steps,"how PakExcise works, online excise facilitation, vehicle services process Pakistan",https://pakexcise.com/how-it-works,How It Works – Simple Online Facilitation | PakExcise,"See how PakExcise works: share your request, submit your documents, and let our team facilitate your vehicle or license process with clear updates.",,summary_large_image,true,true,static,2026-07-09T22:33:28.049Z
page:payment-policy,Payment Policy – Invoices & Verification | PakExcise,"How payments work at PakExcise: invoicing, manual payment verification, and confirmation before your facilitation request is processed by our team.",Payment Policy,"PakExcise payment policy, how to pay PakExcise",https://pakexcise.com/payment-policy,Payment Policy – Invoices & Verification | PakExcise,"How payments work at PakExcise: invoicing, manual payment verification, and confirmation before your facilitation request is processed by our team.",,summary_large_image,true,true,static,2026-07-09T22:33:29.723Z
page:privacy-policy,Privacy Policy – How PakExcise Protects Your Data,"Read how PakExcise collects, uses and protects your personal information when you use our private vehicle and excise facilitation services.",Privacy Policy,"PakExcise privacy policy, data protection PakExcise",https://pakexcise.com/privacy-policy,Privacy Policy – How PakExcise Protects Your Data,"Read how PakExcise collects, uses and protects your personal information when you use our private vehicle and excise facilitation services.",,summary_large_image,true,true,static,2026-07-09T22:33:30.843Z
page:refund-policy,Refund Policy – Fair & Transparent | PakExcise,"Learn how refunds work for PakExcise facilitation services and what to expect if a request cannot be completed. A fair, transparent refund policy.",Refund Policy,"PakExcise refund policy, refund excise facilitation",https://pakexcise.com/refund-policy,Refund Policy – Fair & Transparent | PakExcise,"Learn how refunds work for PakExcise facilitation services and what to expect if a request cannot be completed. A fair, transparent refund policy.",,summary_large_image,true,true,static,2026-07-09T22:33:31.586Z
page:reviews,Customer Reviews – Rated by Real Users | PakExcise,"Read what customers say about PakExcise vehicle transfer, token tax and license facilitation services across Pakistan. Real reviews from real users.",Customer Reviews & Ratings,"PakExcise reviews, vehicle service reviews Pakistan, excise facilitation reviews, is PakExcise legit",https://pakexcise.com/reviews,Customer Reviews – Rated by Real Users | PakExcise,"Read what customers say about PakExcise vehicle transfer, token tax and license facilitation services across Pakistan. Real reviews from real users.",,summary_large_image,true,true,static,2026-07-09T22:33:30.470Z
page:terms-and-conditions,Terms & Conditions – Using PakExcise Services,"The terms that govern your use of PakExcise, a private facilitation platform for vehicle, tax and license services in Pakistan. Read before ordering.",Terms and Conditions,"PakExcise terms and conditions, terms of service PakExcise",https://pakexcise.com/terms-and-conditions,Terms & Conditions – Using PakExcise Services,"The terms that govern your use of PakExcise, a private facilitation platform for vehicle, tax and license services in Pakistan. Read before ordering.",,summary_large_image,true,true,static,2026-07-09T22:33:31.214Z
payment-policy,Payment Policy – Invoices & Verification | PakExcise,"How payments work at PakExcise: invoicing, manual payment verification, and confirmation before your facilitation request is processed by our team.",Payment Policy,"PakExcise payment policy, how to pay PakExcise",https://pakexcise.com/payment-policy,Payment Policy – Invoices & Verification | PakExcise,"How payments work at PakExcise: invoicing, manual payment verification, and confirmation before your facilitation request is processed by our team.",,summary_large_image,true,true,static,2026-06-10T22:13:11.661Z
privacy,Privacy Policy – How PakExcise Protects Your Data,"Read how PakExcise collects, uses and protects your personal information when you use our private vehicle and excise facilitation services.",Privacy Policy,"PakExcise privacy policy, data protection PakExcise",https://pakexcise.com/privacy-policy,Privacy Policy – How PakExcise Protects Your Data,"Read how PakExcise collects, uses and protects your personal information when you use our private vehicle and excise facilitation services.",,summary_large_image,true,true,static,2026-06-07T22:05:03.318Z
privacy-policy,Privacy Policy – How PakExcise Protects Your Data,"Read how PakExcise collects, uses and protects your personal information when you use our private vehicle and excise facilitation services.",Privacy Policy,"PakExcise privacy policy, data protection PakExcise",https://pakexcise.com/privacy-policy,Privacy Policy – How PakExcise Protects Your Data,"Read how PakExcise collects, uses and protects your personal information when you use our private vehicle and excise facilitation services.",,summary_large_image,true,true,static,2026-06-10T22:13:12.715Z
refund,Refund Policy – Fair & Transparent | PakExcise,"Learn how refunds work for PakExcise facilitation services and what to expect if a request cannot be completed. A fair, transparent refund policy.",Refund Policy,"PakExcise refund policy, refund excise facilitation",https://pakexcise.com/refund-policy,Refund Policy – Fair & Transparent | PakExcise,"Learn how refunds work for PakExcise facilitation services and what to expect if a request cannot be completed. A fair, transparent refund policy.",,summary_large_image,true,true,static,2026-06-07T22:05:05.176Z
refund-policy,Refund Policy – Fair & Transparent | PakExcise,"Learn how refunds work for PakExcise facilitation services and what to expect if a request cannot be completed. A fair, transparent refund policy.",Refund Policy,"PakExcise refund policy, refund excise facilitation",https://pakexcise.com/refund-policy,Refund Policy – Fair & Transparent | PakExcise,"Learn how refunds work for PakExcise facilitation services and what to expect if a request cannot be completed. A fair, transparent refund policy.",,summary_large_image,true,true,static,2026-06-10T22:13:13.761Z
region:ajk,Excise & Vehicle Services in Azad Jammu & Kashmir | PakExcise,"Token tax, vehicle transfer, registration and e-challan support across Azad Jammu & Kashmir. Private facilitation by PakExcise in 10+ cities. Get help online.",Excise & Vehicle Services in Azad Jammu & Kashmir,"excise services AJK, token tax AJK, vehicle transfer AJK, vehicle registration AJK",https://pakexcise.com/regions/ajk,Excise & Vehicle Services in Azad Jammu & Kashmir | PakExcise,"Token tax, vehicle transfer, registration and e-challan support across Azad Jammu & Kashmir. Private facilitation by PakExcise in 10+ cities. Get help online.",,summary_large_image,true,true,region:ajk,2026-07-09T22:31:56.815Z
region:azad-kashmir,Excise & Vehicle Services in Azad Jammu & Kashmir | PakExcise,"Token tax, vehicle transfer, registration and e-challan support across Azad Jammu & Kashmir. Private facilitation by PakExcise in 10+ cities. Get help online.",Excise & Vehicle Services in Azad Jammu & Kashmir,"excise services AJK, token tax AJK, vehicle transfer AJK, vehicle registration AJK",https://pakexcise.com/regions/ajk,Excise & Vehicle Services in Azad Jammu & Kashmir | PakExcise,"Token tax, vehicle transfer, registration and e-challan support across Azad Jammu & Kashmir. Private facilitation by PakExcise in 10+ cities. Get help online.",,summary_large_image,true,true,region:azad-kashmir,2026-06-10T22:12:44.065Z
region:balochistan,Excise & Vehicle Services in Balochistan | PakExcise,"Token tax, vehicle transfer, registration and e-challan support across Balochistan. Private facilitation by PakExcise in 23+ cities. Get help online.",Excise & Vehicle Services in Balochistan,"excise services Balochistan, token tax Balochistan, vehicle transfer Balochistan, vehicle registration Balochistan",https://pakexcise.com/regions/balochistan,Excise & Vehicle Services in Balochistan | PakExcise,"Token tax, vehicle transfer, registration and e-challan support across Balochistan. Private facilitation by PakExcise in 23+ cities. Get help online.",,summary_large_image,true,true,region:balochistan,2026-07-09T22:31:56.265Z
region:gilgit-baltistan,Excise & Vehicle Services in Gilgit-Baltistan | PakExcise,"Token tax, vehicle transfer, registration and e-challan support across Gilgit-Baltistan. Private facilitation by PakExcise in 10+ cities. Get help online.",Excise & Vehicle Services in Gilgit-Baltistan,"excise services Gilgit-Baltistan, token tax Gilgit-Baltistan, vehicle transfer Gilgit-Baltistan, vehicle registration Gilgit-Baltistan",https://pakexcise.com/regions/gilgit-baltistan,Excise & Vehicle Services in Gilgit-Baltistan | PakExcise,"Token tax, vehicle transfer, registration and e-challan support across Gilgit-Baltistan. Private facilitation by PakExcise in 10+ cities. Get help online.",,summary_large_image,true,true,region:gilgit-baltistan,2026-07-09T22:31:56.631Z
region:islamabad,Excise & Vehicle Services in Islamabad ICT | PakExcise,"Token tax, vehicle transfer, registration, licenses and e-challan support in Islamabad ICT. Private facilitation by PakExcise — get guided help online.",Excise & Vehicle Services in Islamabad ICT,"excise services Islamabad, token tax Islamabad, vehicle transfer Islamabad, vehicle registration Islamabad",https://pakexcise.com/regions/islamabad,Excise & Vehicle Services in Islamabad ICT | PakExcise,"Token tax, vehicle transfer, registration, licenses and e-challan support in Islamabad ICT. Private facilitation by PakExcise — get guided help online.",,summary_large_image,true,true,region:islamabad,2026-07-09T22:31:56.448Z
region:islamabad-ict,Excise & Vehicle Services in Islamabad ICT | PakExcise,"Token tax, vehicle transfer, registration, licenses and e-challan support in Islamabad ICT. Private facilitation by PakExcise — get guided help online.",Excise & Vehicle Services in Islamabad ICT,"excise services Islamabad, token tax Islamabad, vehicle transfer Islamabad, vehicle registration Islamabad",https://pakexcise.com/regions/islamabad,Excise & Vehicle Services in Islamabad ICT | PakExcise,"Token tax, vehicle transfer, registration, licenses and e-challan support in Islamabad ICT. Private facilitation by PakExcise — get guided help online.",,summary_large_image,true,true,region:islamabad-ict,2026-06-10T22:12:43.836Z
region:khyber-pakhtunkhwa,Excise & Vehicle Services in Khyber Pakhtunkhwa | PakExcise,"Token tax, vehicle transfer, registration and e-challan support across Khyber Pakhtunkhwa. Private facilitation by PakExcise in 23+ cities. Get help online.",Excise & Vehicle Services in Khyber Pakhtunkhwa,"excise services KPK, token tax KPK, vehicle transfer KPK, vehicle registration KPK",https://pakexcise.com/regions/kpk,Excise & Vehicle Services in Khyber Pakhtunkhwa | PakExcise,"Token tax, vehicle transfer, registration and e-challan support across Khyber Pakhtunkhwa. Private facilitation by PakExcise in 23+ cities. Get help online.",,summary_large_image,true,true,region:khyber-pakhtunkhwa,2026-06-10T22:12:43.586Z
region:kpk,Excise & Vehicle Services in Khyber Pakhtunkhwa | PakExcise,"Token tax, vehicle transfer, registration and e-challan support across Khyber Pakhtunkhwa. Private facilitation by PakExcise in 23+ cities. Get help online.",Excise & Vehicle Services in Khyber Pakhtunkhwa,"excise services KPK, token tax KPK, vehicle transfer KPK, vehicle registration KPK",https://pakexcise.com/regions/kpk,Excise & Vehicle Services in Khyber Pakhtunkhwa | PakExcise,"Token tax, vehicle transfer, registration and e-challan support across Khyber Pakhtunkhwa. Private facilitation by PakExcise in 23+ cities. Get help online.",,summary_large_image,true,true,region:kpk,2026-07-09T22:31:56.081Z
region:punjab,Excise & Vehicle Services in Punjab | PakExcise,"Token tax, vehicle transfer, registration and e-challan support across Punjab. Private facilitation by PakExcise in 36+ cities. Get help online.",Excise & Vehicle Services in Punjab,"excise services Punjab, token tax Punjab, vehicle transfer Punjab, vehicle registration Punjab",https://pakexcise.com/regions/punjab,Excise & Vehicle Services in Punjab | PakExcise,"Token tax, vehicle transfer, registration and e-challan support across Punjab. Private facilitation by PakExcise in 36+ cities. Get help online.",,summary_large_image,true,true,region:punjab,2026-07-09T22:31:55.533Z
region:sindh,Excise & Vehicle Services in Sindh | PakExcise,"Token tax, vehicle transfer, registration and e-challan support across Sindh. Private facilitation by PakExcise in 22+ cities. Get help online.",Excise & Vehicle Services in Sindh,"excise services Sindh, token tax Sindh, vehicle transfer Sindh, vehicle registration Sindh",https://pakexcise.com/regions/sindh,Excise & Vehicle Services in Sindh | PakExcise,"Token tax, vehicle transfer, registration and e-challan support across Sindh. Private facilitation by PakExcise in 22+ cities. Get help online.",,summary_large_image,true,true,region:sindh,2026-07-09T22:31:55.898Z
regions,Coverage – Excise Services Across Pakistan | PakExcise,"PakExcise supports users in Punjab, Sindh, KPK, Balochistan, Islamabad, AJK and Gilgit-Baltistan. Find excise and vehicle help in your city today.",Regions We Serve Across Pakistan,"excise services by city, vehicle services Pakistan regions, token tax by city, excise services near me",https://pakexcise.com/regions,Coverage – Excise Services Across Pakistan | PakExcise,"PakExcise supports users in Punjab, Sindh, KPK, Balochistan, Islamabad, AJK and Gilgit-Baltistan. Find excise and vehicle help in your city today.",,summary_large_image,true,true,static,2026-06-07T22:04:59.724Z
reviews,Customer Reviews – Rated by Real Users | PakExcise,"Read what customers say about PakExcise vehicle transfer, token tax and license facilitation services across Pakistan. Real reviews from real users.",Customer Reviews & Ratings,"PakExcise reviews, vehicle service reviews Pakistan, excise facilitation reviews, is PakExcise legit",https://pakexcise.com/reviews,Customer Reviews – Rated by Real Users | PakExcise,"Read what customers say about PakExcise vehicle transfer, token tax and license facilitation services across Pakistan. Real reviews from real users.",,summary_large_image,true,true,static,2026-06-10T22:13:10.040Z
service:data-correction-islamabad-ict,Data Correction in Islamabad ICT – Online | PakExcise,"Correct errors in your Islamabad ICT vehicle record — name, CNIC, engine or chassis details — with private facilitation from PakExcise. Apply online.",Excise Data Correction in Islamabad ICT,"data correction Islamabad, vehicle record correction ICT, excise record fix Islamabad, ownership correction Islamabad",https://pakexcise.com/services/data-correction-islamabad-ict,Data Correction in Islamabad ICT – Online | PakExcise,"Correct errors in your Islamabad ICT vehicle record — name, CNIC, engine or chassis details — with private facilitation from PakExcise. Apply online.",,summary_large_image,true,true,service:data-correction-islamabad-ict,2026-06-07T22:04:56.273Z
service:data-correction-punjab-ict,Data Correction – Punjab & Islamabad ICT | PakExcise,"Fix mistakes in your vehicle's excise record across Punjab and Islamabad ICT. PakExcise offers private, guided data correction support. Start online.",Excise Data Correction in Punjab & Islamabad ICT,"vehicle data correction Punjab, excise record correction ICT, registration data fix, vehicle record update Punjab",https://pakexcise.com/services/data-correction-punjab-ict,Data Correction – Punjab & Islamabad ICT | PakExcise,"Fix mistakes in your vehicle's excise record across Punjab and Islamabad ICT. PakExcise offers private, guided data correction support. Start online.",,summary_large_image,true,true,service:data-correction-punjab-ict,2026-06-10T22:12:50.542Z
service:driving-license-renewal,Driving License Renewal Online – Punjab & ICT | PakExcise,Renew your driving license the easy way. PakExcise privately facilitates license renewal in Punjab & Islamabad with step-by-step support. Apply now.,Driving License Renewal — Online Facilitation,"driving license renewal online, renew driving license Punjab, license renewal Islamabad, driving license renewal Pakistan",https://pakexcise.com/services/driving-license-renewal,Driving License Renewal Online – Punjab & ICT | PakExcise,Renew your driving license the easy way. PakExcise privately facilitates license renewal in Punjab & Islamabad with step-by-step support. Apply now.,,summary_large_image,true,true,service:driving-license-renewal,2026-07-09T22:32:16.539Z
service:driving-license-renewal-punjab,Driving License Renewal in Punjab – Online | PakExcise,"Renew your Punjab driving license without the hassle. Private facilitation, simple document handling and clear updates from PakExcise. Apply online.",Driving License Renewal in Punjab,"driving license renewal Punjab, renew license Lahore, license renewal online Punjab, Punjab driving license",https://pakexcise.com/services/driving-license-renewal-punjab,Driving License Renewal in Punjab – Online | PakExcise,"Renew your Punjab driving license without the hassle. Private facilitation, simple document handling and clear updates from PakExcise. Apply online.",,summary_large_image,true,true,service:driving-license-renewal-punjab,2026-06-07T22:04:55.729Z
service:driving-license-renewal-punjab-ict,License Renewal – Punjab & Islamabad ICT | PakExcise,"Driving license renewal made simple in Punjab and Islamabad ICT. PakExcise handles the process with private, guided facilitation. Start your renewal.",Driving License Renewal in Punjab & Islamabad ICT,"driving license renewal Punjab, license renewal Islamabad, renew driving license ICT, license renewal online",https://pakexcise.com/services/driving-license-renewal-punjab-ict,License Renewal – Punjab & Islamabad ICT | PakExcise,"Driving license renewal made simple in Punjab and Islamabad ICT. PakExcise handles the process with private, guided facilitation. Start your renewal.",,summary_large_image,true,true,service:driving-license-renewal-punjab-ict,2026-06-10T22:12:50.978Z
service:e-challan,E-Challan Check & Payment Help Online | PakExcise,Check and resolve traffic e-challans with guided support. PakExcise offers private e-challan facilitation across Pakistan's provinces. Get help now.,E-Challan Check & Payment Support,"e-challan check online, pay e-challan Pakistan, traffic challan payment, e-challan status, challan check by CNIC",https://pakexcise.com/services/e-challan,E-Challan Check & Payment Help Online | PakExcise,Check and resolve traffic e-challans with guided support. PakExcise offers private e-challan facilitation across Pakistan's provinces. Get help now.,,summary_large_image,true,true,service:e-challan,2026-07-09T22:32:20.179Z
service:learner-license,Learner Driving License – Apply Online Help | PakExcise,Get your learner's permit without confusion. PakExcise facilitates learner license applications in Punjab & Islamabad ICT. Start your application now.,Learner's License — Application Facilitation,"learner license Pakistan, apply learner license online, learner permit Punjab, learner license Islamabad, learner driving license",https://pakexcise.com/services/learner-license,Learner Driving License – Apply Online Help | PakExcise,Get your learner's permit without confusion. PakExcise facilitates learner license applications in Punjab & Islamabad ICT. Start your application now.,,summary_large_image,true,true,service:learner-license,2026-07-09T22:32:18.177Z
service:learner-license-punjab-ict,Learner License – Punjab & Islamabad ICT | PakExcise,"Apply for your learner driving license in Punjab or Islamabad ICT with private, step-by-step facilitation from PakExcise. Begin your application today.",Learner License in Punjab & Islamabad ICT,"learner license Punjab, learner license Islamabad, apply learner permit ICT, learner license online",https://pakexcise.com/services/learner-license-punjab-ict,Learner License – Punjab & Islamabad ICT | PakExcise,"Apply for your learner driving license in Punjab or Islamabad ICT with private, step-by-step facilitation from PakExcise. Begin your application today.",,summary_large_image,true,true,service:learner-license-punjab-ict,2026-06-10T22:12:51.425Z
service:new-vehicle-registration,New Vehicle Registration Online – Punjab & ICT | PakExcise,Register your new car or bike hassle-free. PakExcise privately facilitates vehicle registration in Punjab & Islamabad ICT. Start your request online.,New Vehicle Registration — Online Facilitation,"new vehicle registration, car registration Punjab, bike registration online, vehicle registration Islamabad, register new car Pakistan",https://pakexcise.com/services/new-vehicle-registration,New Vehicle Registration Online – Punjab & ICT | PakExcise,Register your new car or bike hassle-free. PakExcise privately facilitates vehicle registration in Punjab & Islamabad ICT. Start your request online.,,summary_large_image,true,true,service:new-vehicle-registration,2026-07-09T22:32:04.872Z
service:new-vehicle-registration-islamabad-ict,New Vehicle Registration Islamabad ICT | PakExcise,"Register your new vehicle in Islamabad ICT the easy way. PakExcise offers private, guided facilitation from documents to number plates. Apply online.",New Vehicle Registration in Islamabad ICT,"vehicle registration Islamabad, new car registration ICT, bike registration Islamabad, register vehicle Islamabad online",https://pakexcise.com/services/new-vehicle-registration-islamabad-ict,New Vehicle Registration Islamabad ICT | PakExcise,"Register your new vehicle in Islamabad ICT the easy way. PakExcise offers private, guided facilitation from documents to number plates. Apply online.",,summary_large_image,true,true,service:new-vehicle-registration-islamabad-ict,2026-06-10T22:12:47.823Z
service:new-vehicle-registration-punjab,New Vehicle Registration in Punjab – Online | PakExcise,Register a new car or bike in Punjab without office visits and confusion. Private facilitation with clear document guidance. Start with PakExcise.,New Vehicle Registration in Punjab,"vehicle registration Punjab, new car registration Lahore, bike registration Punjab, register vehicle online Punjab",https://pakexcise.com/services/new-vehicle-registration-punjab,New Vehicle Registration in Punjab – Online | PakExcise,Register a new car or bike in Punjab without office visits and confusion. Private facilitation with clear document guidance. Start with PakExcise.,,summary_large_image,true,true,service:new-vehicle-registration-punjab,2026-06-10T22:12:47.207Z
service:route-permit,Route Permit Services – Punjab & Islamabad | PakExcise,"New route permits, renewals, duplicates and NOCs for commercial vehicles — privately facilitated by PakExcise in Punjab & ICT. Request help online.",Route Permit Services for Commercial Vehicles,"route permit Pakistan, commercial vehicle route permit, route permit Punjab, route permit Islamabad, route permit renewal",https://pakexcise.com/services/route-permit,Route Permit Services – Punjab & Islamabad | PakExcise,"New route permits, renewals, duplicates and NOCs for commercial vehicles — privately facilitated by PakExcise in Punjab & ICT. Request help online.",,summary_large_image,true,true,service:route-permit,2026-07-09T22:32:08.337Z
service:route-permit-duplicate,Duplicate Route Permit – Lost Permit Help | PakExcise,Lost or damaged route permit? PakExcise privately facilitates duplicate route permit issuance for commercial vehicles. Request your duplicate online.,Duplicate Route Permit Facilitation,"duplicate route permit, lost route permit Pakistan, route permit copy, replace route permit",https://pakexcise.com/services/route-permit-duplicate,Duplicate Route Permit – Lost Permit Help | PakExcise,Lost or damaged route permit? PakExcise privately facilitates duplicate route permit issuance for commercial vehicles. Request your duplicate online.,,summary_large_image,true,true,service:route-permit-duplicate,2026-07-09T22:32:13.259Z
service:route-permit-islamabad-ict,Route Permit in Islamabad ICT – Online | PakExcise,"Get route permits for commercial vehicles in Islamabad ICT with private, guided facilitation from PakExcise. Simple documents, clear timelines.",Route Permit Services in Islamabad ICT,"route permit Islamabad, commercial vehicle permit ICT, route permit Islamabad online, ICT route permit",https://pakexcise.com/services/route-permit-islamabad-ict,Route Permit in Islamabad ICT – Online | PakExcise,"Get route permits for commercial vehicles in Islamabad ICT with private, guided facilitation from PakExcise. Simple documents, clear timelines.",,summary_large_image,true,true,service:route-permit-islamabad-ict,2026-06-10T22:12:50.100Z
service:route-permit-new,Apply for a New Route Permit Online | PakExcise,"Get a new route permit for your commercial vehicle with private, guided facilitation from PakExcise. Clear requirements, fast handling. Apply today.",New Route Permit Application,"new route permit, apply route permit online, commercial route permit Pakistan, route permit application",https://pakexcise.com/services/route-permit-new,Apply for a New Route Permit Online | PakExcise,"Get a new route permit for your commercial vehicle with private, guided facilitation from PakExcise. Clear requirements, fast handling. Apply today.",,summary_large_image,true,true,service:route-permit-new,2026-07-09T22:32:09.979Z
service:route-permit-noc,Route Permit NOC – Get Your NOC Online | PakExcise,"Need an NOC for your route permit? PakExcise handles the paperwork with private, step-by-step facilitation for commercial vehicles. Request it online.",Route Permit NOC Facilitation,"route permit NOC, NOC for commercial vehicle, route permit no objection certificate, vehicle NOC Pakistan",https://pakexcise.com/services/route-permit-noc,Route Permit NOC – Get Your NOC Online | PakExcise,"Need an NOC for your route permit? PakExcise handles the paperwork with private, step-by-step facilitation for commercial vehicles. Request it online.",,summary_large_image,true,true,service:route-permit-noc,2026-07-09T22:32:11.620Z
service:route-permit-punjab,Route Permit in Punjab – Commercial Vehicles | PakExcise,"Route permit services across Punjab for commercial vehicles — new permits, renewals and NOCs with private facilitation by PakExcise. Apply online now.",Route Permit Services in Punjab,"route permit Punjab, commercial vehicle permit Punjab, route permit Lahore, route permit renewal Punjab",https://pakexcise.com/services/route-permit-punjab,Route Permit in Punjab – Commercial Vehicles | PakExcise,"Route permit services across Punjab for commercial vehicles — new permits, renewals and NOCs with private facilitation by PakExcise. Apply online now.",,summary_large_image,true,true,service:route-permit-punjab,2026-06-10T22:12:49.648Z
service:token-tax,Pay Token Tax Online in Pakistan – Fast Help | PakExcise,Pay your vehicle token tax without queues. PakExcise privately facilitates token tax payment across supported provinces. Get started online today.,Token Tax Payment — Online Facilitation,"token tax online Pakistan, pay token tax, vehicle token tax, car token tax Punjab, bike token tax",https://pakexcise.com/services/token-tax,Pay Token Tax Online in Pakistan – Fast Help | PakExcise,Pay your vehicle token tax without queues. PakExcise privately facilitates token tax payment across supported provinces. Get started online today.,,summary_large_image,true,true,service:token-tax,2026-06-17T22:08:35.123Z
service:token-tax-all-provinces,Token Tax Payment – All Provinces of Pakistan | PakExcise,"One place for token tax help across Punjab, Sindh, KPK, Balochistan & Islamabad. Private facilitation with clear steps and updates. Start online now.",Token Tax Payment Across All Provinces,"token tax all provinces, token tax Sindh, token tax KPK, token tax Balochistan, token tax Punjab online",https://pakexcise.com/services/token-tax-all-provinces,Token Tax Payment – All Provinces of Pakistan | PakExcise,"One place for token tax help across Punjab, Sindh, KPK, Balochistan & Islamabad. Private facilitation with clear steps and updates. Start online now.",,summary_large_image,true,true,service:token-tax-all-provinces,2026-06-07T22:04:54.623Z
service:token-tax-payment,Pay Token Tax Online in Pakistan – Fast Help | PakExcise,Pay your vehicle token tax without queues. PakExcise privately facilitates token tax payment across supported provinces. Get started online today.,Token Tax Payment — Online Facilitation,"token tax online Pakistan, pay token tax, vehicle token tax, car token tax Punjab, bike token tax",https://pakexcise.com/services/token-tax,Pay Token Tax Online in Pakistan – Fast Help | PakExcise,Pay your vehicle token tax without queues. PakExcise privately facilitates token tax payment across supported provinces. Get started online today.,,summary_large_image,true,true,service:token-tax-payment,2026-07-09T22:32:03.228Z
service:vehicle-data-correction,Vehicle Record Data Correction Online | PakExcise,"Fix name, CNIC, engine or ownership errors in your vehicle's excise record. Private facilitation in Punjab & Islamabad ICT. Request a correction now.",Vehicle Data Correction — Fix Your Excise Record,"vehicle data correction, excise record correction, name correction vehicle registration, CNIC correction vehicle record",https://pakexcise.com/services/vehicle-data-correction,Vehicle Record Data Correction Online | PakExcise,"Fix name, CNIC, engine or ownership errors in your vehicle's excise record. Private facilitation in Punjab & Islamabad ICT. Request a correction now.",,summary_large_image,true,true,service:vehicle-data-correction,2026-07-09T22:32:14.900Z
service:vehicle-inspection,Vehicle Inspection & Fitness Help Online | PakExcise,"Complete vehicle inspection and fitness checks with guided, private facilitation from PakExcise. Serving Punjab & Islamabad ICT. Book your slot online.",Vehicle Inspection & Fitness — Facilitation,"vehicle inspection Pakistan, vehicle fitness certificate, car inspection Islamabad, vehicle passing, bike inspection",https://pakexcise.com/services/vehicle-inspection,Vehicle Inspection & Fitness Help Online | PakExcise,"Complete vehicle inspection and fitness checks with guided, private facilitation from PakExcise. Serving Punjab & Islamabad ICT. Book your slot online.",,summary_large_image,true,true,service:vehicle-inspection,2026-06-12T00:02:36.464Z
service:vehicle-inspection-islamabad-ict,Vehicle Inspection Islamabad ICT – Online | PakExcise,"Book vehicle inspection in Islamabad ICT with private, step-by-step facilitation from PakExcise. From documents to clearance — we guide you through.",Vehicle Inspection in Islamabad ICT,"vehicle inspection Islamabad, car inspection ICT, vehicle fitness Islamabad, inspection appointment Islamabad",https://pakexcise.com/services/vehicle-inspection-islamabad-ict,Vehicle Inspection Islamabad ICT – Online | PakExcise,"Book vehicle inspection in Islamabad ICT with private, step-by-step facilitation from PakExcise. From documents to clearance — we guide you through.",,summary_large_image,true,true,service:vehicle-inspection-islamabad-ict,2026-06-10T22:12:48.732Z
service:vehicle-inspection-punjab,Vehicle Inspection in Punjab – Fitness Help | PakExcise,"Vehicle inspection and fitness processes in Punjab, handled with private facilitation by PakExcise. Clear requirements and updates. Start online today.",Vehicle Inspection in Punjab,"vehicle inspection Punjab, car fitness Punjab, vehicle passing Lahore, fitness certificate Punjab",https://pakexcise.com/services/vehicle-inspection-punjab,Vehicle Inspection in Punjab – Fitness Help | PakExcise,"Vehicle inspection and fitness processes in Punjab, handled with private facilitation by PakExcise. Clear requirements and updates. Start online today.",,summary_large_image,true,true,service:vehicle-inspection-punjab,2026-06-10T22:12:48.283Z
service:vehicle-passing-fitness,Vehicle Passing & Fitness Certificate Help | PakExcise,Get your vehicle passing and fitness certificate sorted in Islamabad ICT. Private facilitation with document guidance from PakExcise. Request online.,Vehicle Passing & Fitness Certificate,"vehicle passing Pakistan, fitness certificate vehicle, vehicle passing Islamabad, commercial vehicle fitness",https://pakexcise.com/services/vehicle-passing-fitness,Vehicle Passing & Fitness Certificate Help | PakExcise,Get your vehicle passing and fitness certificate sorted in Islamabad ICT. Private facilitation with document guidance from PakExcise. Request online.,,summary_large_image,true,true,service:vehicle-passing-fitness,2026-07-09T22:32:06.696Z
service:vehicle-passing-fitness-islamabad-ict,Vehicle Passing & Fitness – Islamabad ICT | PakExcise,"Vehicle passing and fitness certification in Islamabad ICT, privately facilitated by PakExcise with clear steps and timely updates. Start your request.",Vehicle Passing & Fitness in Islamabad ICT,"vehicle passing Islamabad, fitness certificate ICT, vehicle fitness test Islamabad, passing certificate Islamabad",https://pakexcise.com/services/vehicle-passing-fitness-islamabad-ict,Vehicle Passing & Fitness – Islamabad ICT | PakExcise,"Vehicle passing and fitness certification in Islamabad ICT, privately facilitated by PakExcise with clear steps and timely updates. Start your request.",,summary_large_image,true,true,service:vehicle-passing-fitness-islamabad-ict,2026-06-10T22:12:49.191Z
service:vehicle-transfer,Vehicle Ownership Transfer Online – Punjab & ICT | PakExcise,Transfer your car or bike ownership without the office runaround. PakExcise privately facilitates vehicle transfer in Punjab & Islamabad. Apply online.,Vehicle Ownership Transfer — Online Facilitation,"vehicle transfer online, car ownership transfer Pakistan, bike transfer Punjab, vehicle transfer Islamabad, transfer of ownership vehicle",https://pakexcise.com/services/vehicle-transfer,Vehicle Ownership Transfer Online – Punjab & ICT | PakExcise,Transfer your car or bike ownership without the office runaround. PakExcise privately facilitates vehicle transfer in Punjab & Islamabad. Apply online.,,summary_large_image,true,true,service:vehicle-transfer,2026-07-09T22:32:01.031Z
service:vehicle-transfer-islamabad-ict,Vehicle Transfer in Islamabad ICT – Online | PakExcise,"Transfer vehicle ownership in Islamabad ICT without long queues. PakExcise offers private, step-by-step facilitation. Request your transfer online.",Vehicle Ownership Transfer in Islamabad ICT,"vehicle transfer Islamabad, car ownership transfer ICT, bike transfer Islamabad, vehicle transfer online Islamabad",https://pakexcise.com/services/vehicle-transfer-islamabad-ict,Vehicle Transfer in Islamabad ICT – Online | PakExcise,"Transfer vehicle ownership in Islamabad ICT without long queues. PakExcise offers private, step-by-step facilitation. Request your transfer online.",,summary_large_image,true,true,service:vehicle-transfer-islamabad-ict,2026-06-10T22:12:46.280Z
service:vehicle-transfer-punjab,Vehicle Transfer in Punjab – Fast Online Help | PakExcise,"Transfer car or bike ownership anywhere in Punjab with guided, private facilitation from PakExcise. Simple documents, clear updates. Start online.",Vehicle Ownership Transfer in Punjab,"vehicle transfer Punjab, car transfer Lahore, bike ownership transfer Punjab, vehicle transfer Rawalpindi",https://pakexcise.com/services/vehicle-transfer-punjab,Vehicle Transfer in Punjab – Fast Online Help | PakExcise,"Transfer car or bike ownership anywhere in Punjab with guided, private facilitation from PakExcise. Simple documents, clear updates. Start online.",,summary_large_image,true,true,service:vehicle-transfer-punjab,2026-06-10T22:12:45.715Z
services,"All Services – Vehicle, Tax, License & Permits | PakExcise","Browse every PakExcise service: vehicle transfer, token tax, new registration, license renewal, learner license, route permits, e-challan and more.","Our Services — Vehicle, Tax & License Facilitation","excise services Pakistan, vehicle services online, token tax service, vehicle transfer service, license services Pakistan",https://pakexcise.com/services,"All Services – Vehicle, Tax, License & Permits | PakExcise","Browse every PakExcise service: vehicle transfer, token tax, new registration, license renewal, learner license, route permits, e-challan and more.",,summary_large_image,true,true,static,2026-06-07T22:04:58.915Z
terms,Terms & Conditions – Using PakExcise Services,"The terms that govern your use of PakExcise, a private facilitation platform for vehicle, tax and license services in Pakistan. Read before ordering.",Terms and Conditions,"PakExcise terms and conditions, terms of service PakExcise",https://pakexcise.com/terms-and-conditions,Terms & Conditions – Using PakExcise Services,"The terms that govern your use of PakExcise, a private facilitation platform for vehicle, tax and license services in Pakistan. Read before ordering.",,summary_large_image,true,true,static,2026-06-07T22:05:04.149Z
terms-and-conditions,Terms & Conditions – Using PakExcise Services,"The terms that govern your use of PakExcise, a private facilitation platform for vehicle, tax and license services in Pakistan. Read before ordering.",Terms and Conditions,"PakExcise terms and conditions, terms of service PakExcise",https://pakexcise.com/terms-and-conditions,Terms & Conditions – Using PakExcise Services,"The terms that govern your use of PakExcise, a private facilitation platform for vehicle, tax and license services in Pakistan. Read before ordering.",,summary_large_image,true,true,static,2026-06-10T22:13:13.243Z
track,Track Your Request – Live Status Updates | PakExcise,"Track the live status of your PakExcise request — vehicle transfer, token tax, registration or license — anytime using your tracking ID.",Track Your Application Status,"track application PakExcise, vehicle transfer status, application tracking Pakistan",https://pakexcise.com/track,Track Your Request – Live Status Updates | PakExcise,"Track the live status of your PakExcise request — vehicle transfer, token tax, registration or license — anytime using your tracking ID.",,summary_large_image,true,true,static,2026-06-07T22:05:01.775Z
